2023/10/16 09:04:54 [error] [php] Undefined index: total (E:\xampp\htdocs\hvlv\protected\components\Dash.php:305)
Stack trace:
#0 E:\xampp\htdocs\hvlv\protected\views\dash\wid_kprp.php(20): Dash->getCargoProcessReport()
#1 E:\xampp\php\pear\YiiFramework\web\CBaseController.php(126): require()
#2 E:\xampp\php\pear\YiiFramework\web\CBaseController.php(95): DashController->renderInternal()
#3 E:\xampp\php\pear\YiiFramework\web\CController.php(872): DashController->renderFile()
#4 E:\xampp\php\pear\YiiFramework\web\CController.php(785): DashController->renderPartial()
#5 E:\xampp\htdocs\hvlv\protected\controllers\DashController.php(45): DashController->render()
#6 E:\xampp\htdocs\hvlv\protected\views\dash\_widget.php(10): DashController->actionWidget()
#7 E:\xampp\php\pear\YiiFramework\web\CBaseController.php(126): require()
#8 E:\xampp\php\pear\YiiFramework\web\CBaseController.php(95): DashController->renderInternal()
#9 E:\xampp\php\pear\YiiFramework\web\CController.php(872): DashController->renderFile()
#10 E:\xampp\php\pear\YiiFramework\web\CController.php(785): DashController->renderPartial()
#11 E:\xampp\htdocs\hvlv\protected\views\dash\index.php(6): DashController->render()
#12 E:\xampp\php\pear\YiiFramework\web\CBaseController.php(126): require()
#13 E:\xampp\php\pear\YiiFramework\web\CBaseController.php(95): DashController->renderInternal()
#14 E:\xampp\php\pear\YiiFramework\web\CController.php(872): DashController->renderFile()
#15 E:\xampp\php\pear\YiiFramework\web\CController.php(785): DashController->renderPartial()
#16 E:\xampp\htdocs\hvlv\protected\controllers\DashController.php(93): DashController->render()
#17 E:\xampp\php\pear\YiiFramework\web\actions\CInlineAction.php(49): DashController->actionIndex()
#18 E:\xampp\php\pear\YiiFramework\web\CController.php(308): CInlineAction->runWithParams()
#19 E:\xampp\php\pear\YiiFramework\web\filters\CFilterChain.php(134): DashController->runAction()
#20 E:\xampp\htdocs\hvlv\protected\components\Controller.php(78): CFilterChain->run()
#21 E:\xampp\php\pear\YiiFramework\web\filters\CInlineFilter.php(58): DashController->filterAccessControl()
#22 E:\xampp\php\pear\YiiFramework\web\filters\CFilterChain.php(131): CInlineFilter->filter()
#23 E:\xampp\htdocs\hvlv\protected\components\Controller.php(84): CFilterChain->run()
#24 E:\xampp\php\pear\YiiFramework\web\filters\CInlineFilter.php(58): DashController->filterAjaxOnly()
#25 E:\xampp\php\pear\YiiFramework\web\filters\CFilterChain.php(131): CInlineFilter->filter()
#26 E:\xampp\php\pear\YiiFramework\web\CController.php(291): CFilterChain->run()
#27 E:\xampp\php\pear\YiiFramework\web\CController.php(265): DashController->runActionWithFilters()
#28 E:\xampp\php\pear\YiiFramework\web\CWebApplication.php(282): DashController->run()
#29 E:\xampp\php\pear\YiiFramework\web\CWebApplication.php(141): CWebApplication->runController()
#30 E:\xampp\php\pear\YiiFramework\base\CApplication.php(185): CWebApplication->processRequest()
#31 E:\xampp\htdocs\hvlv\index.php(14): CWebApplication->run()
REQUEST_URI=/hvlv/dash.app?&tabid=jqDynTabs45Tab2
in E:\xampp\htdocs\hvlv\protected\components\Dash.php (305)
in E:\xampp\htdocs\hvlv\protected\views\dash\wid_kprp.php (20)
in E:\xampp\htdocs\hvlv\protected\controllers\DashController.php (45)
2023/10/16 09:05:30 [error] [php] Undefined index: total (E:\xampp\htdocs\hvlv\protected\components\Dash.php:305)
Stack trace:
#0 E:\xampp\htdocs\hvlv\protected\views\dash\wid_kprp.php(20): Dash->getCargoProcessReport()
#1 E:\xampp\php\pear\YiiFramework\web\CBaseController.php(126): require()
#2 E:\xampp\php\pear\YiiFramework\web\CBaseController.php(95): DashController->renderInternal()
#3 E:\xampp\php\pear\YiiFramework\web\CController.php(872): DashController->renderFile()
#4 E:\xampp\php\pear\YiiFramework\web\CController.php(785): DashController->renderPartial()
#5 E:\xampp\htdocs\hvlv\protected\controllers\DashController.php(45): DashController->render()
#6 E:\xampp\htdocs\hvlv\protected\views\dash\_widget.php(10): DashController->actionWidget()
#7 E:\xampp\php\pear\YiiFramework\web\CBaseController.php(126): require()
#8 E:\xampp\php\pear\YiiFramework\web\CBaseController.php(95): DashController->renderInternal()
#9 E:\xampp\php\pear\YiiFramework\web\CController.php(872): DashController->renderFile()
#10 E:\xampp\php\pear\YiiFramework\web\CController.php(785): DashController->renderPartial()
#11 E:\xampp\htdocs\hvlv\protected\views\dash\index.php(6): DashController->render()
#12 E:\xampp\php\pear\YiiFramework\web\CBaseController.php(126): require()
#13 E:\xampp\php\pear\YiiFramework\web\CBaseController.php(95): DashController->renderInternal()
#14 E:\xampp\php\pear\YiiFramework\web\CController.php(872): DashController->renderFile()
#15 E:\xampp\php\pear\YiiFramework\web\CController.php(785): DashController->renderPartial()
#16 E:\xampp\htdocs\hvlv\protected\controllers\DashController.php(93): DashController->render()
#17 E:\xampp\php\pear\YiiFramework\web\actions\CInlineAction.php(49): DashController->actionIndex()
#18 E:\xampp\php\pear\YiiFramework\web\CController.php(308): CInlineAction->runWithParams()
#19 E:\xampp\php\pear\YiiFramework\web\filters\CFilterChain.php(134): DashController->runAction()
#20 E:\xampp\htdocs\hvlv\protected\components\Controller.php(78): CFilterChain->run()
#21 E:\xampp\php\pear\YiiFramework\web\filters\CInlineFilter.php(58): DashController->filterAccessControl()
#22 E:\xampp\php\pear\YiiFramework\web\filters\CFilterChain.php(131): CInlineFilter->filter()
#23 E:\xampp\htdocs\hvlv\protected\components\Controller.php(84): CFilterChain->run()
#24 E:\xampp\php\pear\YiiFramework\web\filters\CInlineFilter.php(58): DashController->filterAjaxOnly()
#25 E:\xampp\php\pear\YiiFramework\web\filters\CFilterChain.php(131): CInlineFilter->filter()
#26 E:\xampp\php\pear\YiiFramework\web\CController.php(291): CFilterChain->run()
#27 E:\xampp\php\pear\YiiFramework\web\CController.php(265): DashController->runActionWithFilters()
#28 E:\xampp\php\pear\YiiFramework\web\CWebApplication.php(282): DashController->run()
#29 E:\xampp\php\pear\YiiFramework\web\CWebApplication.php(141): CWebApplication->runController()
#30 E:\xampp\php\pear\YiiFramework\base\CApplication.php(185): CWebApplication->processRequest()
#31 E:\xampp\htdocs\hvlv\index.php(14): CWebApplication->run()
REQUEST_URI=/hvlv/dash.app?&tabid=jqDynTabs36Tab2
in E:\xampp\htdocs\hvlv\protected\components\Dash.php (305)
in E:\xampp\htdocs\hvlv\protected\views\dash\wid_kprp.php (20)
in E:\xampp\htdocs\hvlv\protected\controllers\DashController.php (45)
2023/10/16 09:26:50 [error] [php] Use of undefined constant xxx - assumed 'xxx' (this will throw an Error in a future version of PHP) (E:\xampp\htdocs\hvlv\protected\services\ImConsolService.php:503)
Stack trace:
#0 E:\xampp\htdocs\hvlv\protected\commands\gzCommand.php(11832): ImConsolService->doHvlvJavaManifest()
#1 E:\xampp\htdocs\hvlv\protected\commands\gzCommand.php(15): gzCommand->iMileManifest()
#2 E:\xampp\php\pear\YiiFramework\console\CConsoleCommandRunner.php(71): gzCommand->run()
#3 E:\xampp\php\pear\YiiFramework\console\CConsoleApplication.php(92): CConsoleCommandRunner->run()
#4 E:\xampp\php\pear\YiiFramework\base\CApplication.php(185): CConsoleApplication->processRequest()
#5 E:\xampp\php\pear\YiiFramework\yiic.php(33): CConsoleApplication->run()
#6 E:\xampp\htdocs\hvlv\protected\yiic.php(6): require_once()

2023/10/16 09:42:29 [error] [php] Undefined index: total (E:\xampp\htdocs\hvlv\protected\components\Dash.php:305)
Stack trace:
#0 E:\xampp\htdocs\hvlv\protected\views\dash\wid_kprp.php(20): Dash->getCargoProcessReport()
#1 E:\xampp\php\pear\YiiFramework\web\CBaseController.php(126): require()
#2 E:\xampp\php\pear\YiiFramework\web\CBaseController.php(95): DashController->renderInternal()
#3 E:\xampp\php\pear\YiiFramework\web\CController.php(872): DashController->renderFile()
#4 E:\xampp\php\pear\YiiFramework\web\CController.php(785): DashController->renderPartial()
#5 E:\xampp\htdocs\hvlv\protected\controllers\DashController.php(45): DashController->render()
#6 E:\xampp\htdocs\hvlv\protected\views\dash\_widget.php(10): DashController->actionWidget()
#7 E:\xampp\php\pear\YiiFramework\web\CBaseController.php(126): require()
#8 E:\xampp\php\pear\YiiFramework\web\CBaseController.php(95): DashController->renderInternal()
#9 E:\xampp\php\pear\YiiFramework\web\CController.php(872): DashController->renderFile()
#10 E:\xampp\php\pear\YiiFramework\web\CController.php(785): DashController->renderPartial()
#11 E:\xampp\htdocs\hvlv\protected\views\dash\index.php(6): DashController->render()
#12 E:\xampp\php\pear\YiiFramework\web\CBaseController.php(126): require()
#13 E:\xampp\php\pear\YiiFramework\web\CBaseController.php(95): DashController->renderInternal()
#14 E:\xampp\php\pear\YiiFramework\web\CController.php(872): DashController->renderFile()
#15 E:\xampp\php\pear\YiiFramework\web\CController.php(785): DashController->renderPartial()
#16 E:\xampp\htdocs\hvlv\protected\controllers\DashController.php(93): DashController->render()
#17 E:\xampp\php\pear\YiiFramework\web\actions\CInlineAction.php(49): DashController->actionIndex()
#18 E:\xampp\php\pear\YiiFramework\web\CController.php(308): CInlineAction->runWithParams()
#19 E:\xampp\php\pear\YiiFramework\web\filters\CFilterChain.php(134): DashController->runAction()
#20 E:\xampp\htdocs\hvlv\protected\components\Controller.php(78): CFilterChain->run()
#21 E:\xampp\php\pear\YiiFramework\web\filters\CInlineFilter.php(58): DashController->filterAccessControl()
#22 E:\xampp\php\pear\YiiFramework\web\filters\CFilterChain.php(131): CInlineFilter->filter()
#23 E:\xampp\htdocs\hvlv\protected\components\Controller.php(84): CFilterChain->run()
#24 E:\xampp\php\pear\YiiFramework\web\filters\CInlineFilter.php(58): DashController->filterAjaxOnly()
#25 E:\xampp\php\pear\YiiFramework\web\filters\CFilterChain.php(131): CInlineFilter->filter()
#26 E:\xampp\php\pear\YiiFramework\web\CController.php(291): CFilterChain->run()
#27 E:\xampp\php\pear\YiiFramework\web\CController.php(265): DashController->runActionWithFilters()
#28 E:\xampp\php\pear\YiiFramework\web\CWebApplication.php(282): DashController->run()
#29 E:\xampp\php\pear\YiiFramework\web\CWebApplication.php(141): CWebApplication->runController()
#30 E:\xampp\php\pear\YiiFramework\base\CApplication.php(185): CWebApplication->processRequest()
#31 E:\xampp\htdocs\hvlv\index.php(14): CWebApplication->run()
REQUEST_URI=/hvlv/dash.app?&tabid=jqDynTabs53Tab0
in E:\xampp\htdocs\hvlv\protected\components\Dash.php (305)
in E:\xampp\htdocs\hvlv\protected\views\dash\wid_kprp.php (20)
in E:\xampp\htdocs\hvlv\protected\controllers\DashController.php (45)
2023/10/16 09:42:30 [error] [php] Undefined index: total (E:\xampp\htdocs\hvlv\protected\components\Dash.php:305)
Stack trace:
#0 E:\xampp\htdocs\hvlv\protected\views\dash\wid_kprp.php(20): Dash->getCargoProcessReport()
#1 E:\xampp\php\pear\YiiFramework\web\CBaseController.php(126): require()
#2 E:\xampp\php\pear\YiiFramework\web\CBaseController.php(95): DashController->renderInternal()
#3 E:\xampp\php\pear\YiiFramework\web\CController.php(872): DashController->renderFile()
#4 E:\xampp\php\pear\YiiFramework\web\CController.php(785): DashController->renderPartial()
#5 E:\xampp\htdocs\hvlv\protected\controllers\DashController.php(45): DashController->render()
#6 E:\xampp\htdocs\hvlv\protected\views\dash\_widget.php(10): DashController->actionWidget()
#7 E:\xampp\php\pear\YiiFramework\web\CBaseController.php(126): require()
#8 E:\xampp\php\pear\YiiFramework\web\CBaseController.php(95): DashController->renderInternal()
#9 E:\xampp\php\pear\YiiFramework\web\CController.php(872): DashController->renderFile()
#10 E:\xampp\php\pear\YiiFramework\web\CController.php(785): DashController->renderPartial()
#11 E:\xampp\htdocs\hvlv\protected\views\dash\index.php(6): DashController->render()
#12 E:\xampp\php\pear\YiiFramework\web\CBaseController.php(126): require()
#13 E:\xampp\php\pear\YiiFramework\web\CBaseController.php(95): DashController->renderInternal()
#14 E:\xampp\php\pear\YiiFramework\web\CController.php(872): DashController->renderFile()
#15 E:\xampp\php\pear\YiiFramework\web\CController.php(785): DashController->renderPartial()
#16 E:\xampp\htdocs\hvlv\protected\controllers\DashController.php(93): DashController->render()
#17 E:\xampp\php\pear\YiiFramework\web\actions\CInlineAction.php(49): DashController->actionIndex()
#18 E:\xampp\php\pear\YiiFramework\web\CController.php(308): CInlineAction->runWithParams()
#19 E:\xampp\php\pear\YiiFramework\web\filters\CFilterChain.php(134): DashController->runAction()
#20 E:\xampp\htdocs\hvlv\protected\components\Controller.php(78): CFilterChain->run()
#21 E:\xampp\php\pear\YiiFramework\web\filters\CInlineFilter.php(58): DashController->filterAccessControl()
#22 E:\xampp\php\pear\YiiFramework\web\filters\CFilterChain.php(131): CInlineFilter->filter()
#23 E:\xampp\htdocs\hvlv\protected\components\Controller.php(84): CFilterChain->run()
#24 E:\xampp\php\pear\YiiFramework\web\filters\CInlineFilter.php(58): DashController->filterAjaxOnly()
#25 E:\xampp\php\pear\YiiFramework\web\filters\CFilterChain.php(131): CInlineFilter->filter()
#26 E:\xampp\php\pear\YiiFramework\web\CController.php(291): CFilterChain->run()
#27 E:\xampp\php\pear\YiiFramework\web\CController.php(265): DashController->runActionWithFilters()
#28 E:\xampp\php\pear\YiiFramework\web\CWebApplication.php(282): DashController->run()
#29 E:\xampp\php\pear\YiiFramework\web\CWebApplication.php(141): CWebApplication->runController()
#30 E:\xampp\php\pear\YiiFramework\base\CApplication.php(185): CWebApplication->processRequest()
#31 E:\xampp\htdocs\hvlv\index.php(14): CWebApplication->run()
REQUEST_URI=/hvlv/dash.app?&tabid=jqDynTabs78Tab0
in E:\xampp\htdocs\hvlv\protected\components\Dash.php (305)
in E:\xampp\htdocs\hvlv\protected\views\dash\wid_kprp.php (20)
in E:\xampp\htdocs\hvlv\protected\controllers\DashController.php (45)
2023/10/19 07:30:44 [error] [php] Undefined index: total (E:\xampp\htdocs\hvlv\protected\components\Dash.php:305)
Stack trace:
#0 E:\xampp\htdocs\hvlv\protected\views\dash\wid_kprp.php(20): Dash->getCargoProcessReport()
#1 E:\xampp\php\pear\YiiFramework\web\CBaseController.php(126): require()
#2 E:\xampp\php\pear\YiiFramework\web\CBaseController.php(95): DashController->renderInternal()
#3 E:\xampp\php\pear\YiiFramework\web\CController.php(872): DashController->renderFile()
#4 E:\xampp\php\pear\YiiFramework\web\CController.php(785): DashController->renderPartial()
#5 E:\xampp\htdocs\hvlv\protected\controllers\DashController.php(45): DashController->render()
#6 E:\xampp\htdocs\hvlv\protected\views\dash\_widget.php(10): DashController->actionWidget()
#7 E:\xampp\php\pear\YiiFramework\web\CBaseController.php(126): require()
#8 E:\xampp\php\pear\YiiFramework\web\CBaseController.php(95): DashController->renderInternal()
#9 E:\xampp\php\pear\YiiFramework\web\CController.php(872): DashController->renderFile()
#10 E:\xampp\php\pear\YiiFramework\web\CController.php(785): DashController->renderPartial()
#11 E:\xampp\htdocs\hvlv\protected\views\dash\index.php(6): DashController->render()
#12 E:\xampp\php\pear\YiiFramework\web\CBaseController.php(126): require()
#13 E:\xampp\php\pear\YiiFramework\web\CBaseController.php(95): DashController->renderInternal()
#14 E:\xampp\php\pear\YiiFramework\web\CController.php(872): DashController->renderFile()
#15 E:\xampp\php\pear\YiiFramework\web\CController.php(785): DashController->renderPartial()
#16 E:\xampp\htdocs\hvlv\protected\controllers\DashController.php(93): DashController->render()
#17 E:\xampp\php\pear\YiiFramework\web\actions\CInlineAction.php(49): DashController->actionIndex()
#18 E:\xampp\php\pear\YiiFramework\web\CController.php(308): CInlineAction->runWithParams()
#19 E:\xampp\php\pear\YiiFramework\web\filters\CFilterChain.php(134): DashController->runAction()
#20 E:\xampp\htdocs\hvlv\protected\components\Controller.php(78): CFilterChain->run()
#21 E:\xampp\php\pear\YiiFramework\web\filters\CInlineFilter.php(58): DashController->filterAccessControl()
#22 E:\xampp\php\pear\YiiFramework\web\filters\CFilterChain.php(131): CInlineFilter->filter()
#23 E:\xampp\htdocs\hvlv\protected\components\Controller.php(84): CFilterChain->run()
#24 E:\xampp\php\pear\YiiFramework\web\filters\CInlineFilter.php(58): DashController->filterAjaxOnly()
#25 E:\xampp\php\pear\YiiFramework\web\filters\CFilterChain.php(131): CInlineFilter->filter()
#26 E:\xampp\php\pear\YiiFramework\web\CController.php(291): CFilterChain->run()
#27 E:\xampp\php\pear\YiiFramework\web\CController.php(265): DashController->runActionWithFilters()
#28 E:\xampp\php\pear\YiiFramework\web\CWebApplication.php(282): DashController->run()
#29 E:\xampp\php\pear\YiiFramework\web\CWebApplication.php(141): CWebApplication->runController()
#30 E:\xampp\php\pear\YiiFramework\base\CApplication.php(185): CWebApplication->processRequest()
#31 E:\xampp\htdocs\hvlv\index.php(14): CWebApplication->run()
REQUEST_URI=/hvlv/dash.app?&tabid=jqDynTabs45Tab0
in E:\xampp\htdocs\hvlv\protected\components\Dash.php (305)
in E:\xampp\htdocs\hvlv\protected\views\dash\wid_kprp.php (20)
in E:\xampp\htdocs\hvlv\protected\controllers\DashController.php (45)
2023/10/19 07:32:57 [warning] [application] Failed to set unsafe attribute "pbn" of "ImParcel".
in E:\xampp\htdocs\hvlv\protected\controllers\ImParcelController.php (450)
in E:\xampp\htdocs\hvlv\protected\components\Controller.php (78)
in E:\xampp\htdocs\hvlv\protected\components\Controller.php (84)
2023/10/19 07:34:35 [warning] [application] Failed to set unsafe attribute "pbn" of "ImParcel".
in E:\xampp\htdocs\hvlv\protected\controllers\ImParcelController.php (450)
in E:\xampp\htdocs\hvlv\protected\components\Controller.php (78)
in E:\xampp\htdocs\hvlv\protected\components\Controller.php (84)
2023/10/19 07:35:26 [error] [php] Undefined index: selected_rates (E:\xampp\htdocs\hvlv\protected\controllers\ImParcelController.php:3225)
Stack trace:
#0 E:\xampp\php\pear\YiiFramework\web\actions\CInlineAction.php(49): ImParcelController->actionChangeCourierLabel()
#1 E:\xampp\php\pear\YiiFramework\web\CController.php(308): CInlineAction->runWithParams()
#2 E:\xampp\php\pear\YiiFramework\web\filters\CFilterChain.php(134): ImParcelController->runAction()
#3 E:\xampp\htdocs\hvlv\protected\components\Controller.php(78): CFilterChain->run()
#4 E:\xampp\php\pear\YiiFramework\web\filters\CInlineFilter.php(58): ImParcelController->filterAccessControl()
#5 E:\xampp\php\pear\YiiFramework\web\filters\CFilterChain.php(131): CInlineFilter->filter()
#6 E:\xampp\htdocs\hvlv\protected\components\Controller.php(84): CFilterChain->run()
#7 E:\xampp\php\pear\YiiFramework\web\filters\CInlineFilter.php(58): ImParcelController->filterAjaxOnly()
#8 E:\xampp\php\pear\YiiFramework\web\filters\CFilterChain.php(131): CInlineFilter->filter()
#9 E:\xampp\php\pear\YiiFramework\web\CController.php(291): CFilterChain->run()
#10 E:\xampp\php\pear\YiiFramework\web\CController.php(265): ImParcelController->runActionWithFilters()
#11 E:\xampp\php\pear\YiiFramework\web\CWebApplication.php(282): ImParcelController->run()
#12 E:\xampp\php\pear\YiiFramework\web\CWebApplication.php(141): CWebApplication->runController()
#13 E:\xampp\php\pear\YiiFramework\base\CApplication.php(185): CWebApplication->processRequest()
#14 E:\xampp\htdocs\hvlv\index.php(14): CWebApplication->run()
REQUEST_URI=/hvlv/imParcel/changeCourierLabel.app?&tabid=jqDynTabs45Tab1
in E:\xampp\htdocs\hvlv\protected\controllers\ImParcelController.php (3225)
in E:\xampp\htdocs\hvlv\protected\components\Controller.php (78)
in E:\xampp\htdocs\hvlv\protected\components\Controller.php (84)
2023/10/19 08:06:52 [error] [php] Undefined index: code (E:\xampp\htdocs\hvlv\protected\models\ImParcel.php:6396)
Stack trace:
#0 E:\xampp\htdocs\hvlv\protected\models\ImParcel.php(5632): ImParcel->createHvlvJavaLabel()
#1 E:\xampp\htdocs\hvlv\protected\services\LabelService.php(53): ImParcel->createCourierLabel()
#2 E:\xampp\htdocs\hvlv\protected\controllers\ImParcelController.php(3228): LabelService->changeCourierLabel()
#3 E:\xampp\php\pear\YiiFramework\web\actions\CInlineAction.php(49): ImParcelController->actionChangeCourierLabel()
#4 E:\xampp\php\pear\YiiFramework\web\CController.php(308): CInlineAction->runWithParams()
#5 E:\xampp\php\pear\YiiFramework\web\filters\CFilterChain.php(134): ImParcelController->runAction()
#6 E:\xampp\htdocs\hvlv\protected\components\Controller.php(78): CFilterChain->run()
#7 E:\xampp\php\pear\YiiFramework\web\filters\CInlineFilter.php(58): ImParcelController->filterAccessControl()
#8 E:\xampp\php\pear\YiiFramework\web\filters\CFilterChain.php(131): CInlineFilter->filter()
#9 E:\xampp\htdocs\hvlv\protected\components\Controller.php(84): CFilterChain->run()
#10 E:\xampp\php\pear\YiiFramework\web\filters\CInlineFilter.php(58): ImParcelController->filterAjaxOnly()
#11 E:\xampp\php\pear\YiiFramework\web\filters\CFilterChain.php(131): CInlineFilter->filter()
#12 E:\xampp\php\pear\YiiFramework\web\CController.php(291): CFilterChain->run()
#13 E:\xampp\php\pear\YiiFramework\web\CController.php(265): ImParcelController->runActionWithFilters()
#14 E:\xampp\php\pear\YiiFramework\web\CWebApplication.php(282): ImParcelController->run()
#15 E:\xampp\php\pear\YiiFramework\web\CWebApplication.php(141): CWebApplication->runController()
#16 E:\xampp\php\pear\YiiFramework\base\CApplication.php(185): CWebApplication->processRequest()
#17 E:\xampp\htdocs\hvlv\index.php(14): CWebApplication->run()
REQUEST_URI=/hvlv/imParcel/changeCourierLabel.app?&tabid=jqDynTabs45Tab1
in E:\xampp\htdocs\hvlv\protected\models\ImParcel.php (6396)
in E:\xampp\htdocs\hvlv\protected\models\ImParcel.php (5632)
in E:\xampp\htdocs\hvlv\protected\services\LabelService.php (53)
2023/10/19 08:06:52 [error] [php] Undefined index: code (E:\xampp\htdocs\hvlv\protected\models\ImParcel.php:6396)
Stack trace:
#0 E:\xampp\htdocs\hvlv\protected\models\ImParcel.php(5632): ImParcel->createHvlvJavaLabel()
#1 E:\xampp\htdocs\hvlv\protected\services\LabelService.php(53): ImParcel->createCourierLabel()
#2 E:\xampp\htdocs\hvlv\protected\controllers\ImParcelController.php(3228): LabelService->changeCourierLabel()
#3 E:\xampp\php\pear\YiiFramework\web\actions\CInlineAction.php(49): ImParcelController->actionChangeCourierLabel()
#4 E:\xampp\php\pear\YiiFramework\web\CController.php(308): CInlineAction->runWithParams()
#5 E:\xampp\php\pear\YiiFramework\web\filters\CFilterChain.php(134): ImParcelController->runAction()
#6 E:\xampp\htdocs\hvlv\protected\components\Controller.php(78): CFilterChain->run()
#7 E:\xampp\php\pear\YiiFramework\web\filters\CInlineFilter.php(58): ImParcelController->filterAccessControl()
#8 E:\xampp\php\pear\YiiFramework\web\filters\CFilterChain.php(131): CInlineFilter->filter()
#9 E:\xampp\htdocs\hvlv\protected\components\Controller.php(84): CFilterChain->run()
#10 E:\xampp\php\pear\YiiFramework\web\filters\CInlineFilter.php(58): ImParcelController->filterAjaxOnly()
#11 E:\xampp\php\pear\YiiFramework\web\filters\CFilterChain.php(131): CInlineFilter->filter()
#12 E:\xampp\php\pear\YiiFramework\web\CController.php(291): CFilterChain->run()
#13 E:\xampp\php\pear\YiiFramework\web\CController.php(265): ImParcelController->runActionWithFilters()
#14 E:\xampp\php\pear\YiiFramework\web\CWebApplication.php(282): ImParcelController->run()
#15 E:\xampp\php\pear\YiiFramework\web\CWebApplication.php(141): CWebApplication->runController()
#16 E:\xampp\php\pear\YiiFramework\base\CApplication.php(185): CWebApplication->processRequest()
#17 E:\xampp\htdocs\hvlv\index.php(14): CWebApplication->run()
REQUEST_URI=/hvlv/imParcel/changeCourierLabel.app?&tabid=jqDynTabs45Tab1
in E:\xampp\htdocs\hvlv\protected\models\ImParcel.php (6396)
in E:\xampp\htdocs\hvlv\protected\models\ImParcel.php (5632)
in E:\xampp\htdocs\hvlv\protected\services\LabelService.php (53)
2023/10/19 08:08:48 [error] [php] Undefined index: code (E:\xampp\htdocs\hvlv\protected\services\HvlvJavaService.php:28)
Stack trace:
#0 E:\xampp\htdocs\hvlv\protected\services\AddressService.php(135): getAlliedHomeDelFee()
#1 E:\xampp\htdocs\hvlv\protected\services\OrgRateService.php(1081): isShipmentResidential()
#2 E:\xampp\htdocs\hvlv\protected\models\ImcoConsol.php(3445): OrgRateService->getCourierSurchargeCost()
#3 E:\xampp\htdocs\hvlv\protected\models\ImcoConsol.php(3489): costStatus()
#4 E:\xampp\htdocs\hvlv\protected\services\OrgRateService.php(819): getCourierCostPrice()
#5 E:\xampp\htdocs\hvlv\protected\services\LabelService.php(19): OrgRateService->calculateCheaperCourierCost()
#6 E:\xampp\htdocs\hvlv\protected\controllers\ImParcelController.php(3228): LabelService->changeCourierLabel()
#7 E:\xampp\php\pear\YiiFramework\web\actions\CInlineAction.php(49): ImParcelController->actionChangeCourierLabel()
#8 E:\xampp\php\pear\YiiFramework\web\CController.php(308): CInlineAction->runWithParams()
#9 E:\xampp\php\pear\YiiFramework\web\filters\CFilterChain.php(134): ImParcelController->runAction()
#10 E:\xampp\htdocs\hvlv\protected\components\Controller.php(78): CFilterChain->run()
#11 E:\xampp\php\pear\YiiFramework\web\filters\CInlineFilter.php(58): ImParcelController->filterAccessControl()
#12 E:\xampp\php\pear\YiiFramework\web\filters\CFilterChain.php(131): CInlineFilter->filter()
#13 E:\xampp\htdocs\hvlv\protected\components\Controller.php(84): CFilterChain->run()
#14 E:\xampp\php\pear\YiiFramework\web\filters\CInlineFilter.php(58): ImParcelController->filterAjaxOnly()
#15 E:\xampp\php\pear\YiiFramework\web\filters\CFilterChain.php(131): CInlineFilter->filter()
#16 E:\xampp\php\pear\YiiFramework\web\CController.php(291): CFilterChain->run()
#17 E:\xampp\php\pear\YiiFramework\web\CController.php(265): ImParcelController->runActionWithFilters()
#18 E:\xampp\php\pear\YiiFramework\web\CWebApplication.php(282): ImParcelController->run()
#19 E:\xampp\php\pear\YiiFramework\web\CWebApplication.php(141): CWebApplication->runController()
#20 E:\xampp\php\pear\YiiFramework\base\CApplication.php(185): CWebApplication->processRequest()
#21 E:\xampp\htdocs\hvlv\index.php(14): CWebApplication->run()
REQUEST_URI=/hvlv/imParcel/changeCourierLabel.app?&tabid=jqDynTabs45Tab1
in E:\xampp\htdocs\hvlv\protected\services\HvlvJavaService.php (28)
in E:\xampp\htdocs\hvlv\protected\services\AddressService.php (135)
in E:\xampp\htdocs\hvlv\protected\services\OrgRateService.php (1081)
2023/10/19 08:37:56 [error] [php] Undefined index: total (E:\xampp\htdocs\hvlv\protected\components\Dash.php:305)
Stack trace:
#0 E:\xampp\htdocs\hvlv\protected\views\dash\wid_kprp.php(20): Dash->getCargoProcessReport()
#1 E:\xampp\php\pear\YiiFramework\web\CBaseController.php(126): require()
#2 E:\xampp\php\pear\YiiFramework\web\CBaseController.php(95): DashController->renderInternal()
#3 E:\xampp\php\pear\YiiFramework\web\CController.php(872): DashController->renderFile()
#4 E:\xampp\php\pear\YiiFramework\web\CController.php(785): DashController->renderPartial()
#5 E:\xampp\htdocs\hvlv\protected\controllers\DashController.php(45): DashController->render()
#6 E:\xampp\htdocs\hvlv\protected\views\dash\_widget.php(10): DashController->actionWidget()
#7 E:\xampp\php\pear\YiiFramework\web\CBaseController.php(126): require()
#8 E:\xampp\php\pear\YiiFramework\web\CBaseController.php(95): DashController->renderInternal()
#9 E:\xampp\php\pear\YiiFramework\web\CController.php(872): DashController->renderFile()
#10 E:\xampp\php\pear\YiiFramework\web\CController.php(785): DashController->renderPartial()
#11 E:\xampp\htdocs\hvlv\protected\views\dash\index.php(6): DashController->render()
#12 E:\xampp\php\pear\YiiFramework\web\CBaseController.php(126): require()
#13 E:\xampp\php\pear\YiiFramework\web\CBaseController.php(95): DashController->renderInternal()
#14 E:\xampp\php\pear\YiiFramework\web\CController.php(872): DashController->renderFile()
#15 E:\xampp\php\pear\YiiFramework\web\CController.php(785): DashController->renderPartial()
#16 E:\xampp\htdocs\hvlv\protected\controllers\DashController.php(93): DashController->render()
#17 E:\xampp\php\pear\YiiFramework\web\actions\CInlineAction.php(49): DashController->actionIndex()
#18 E:\xampp\php\pear\YiiFramework\web\CController.php(308): CInlineAction->runWithParams()
#19 E:\xampp\php\pear\YiiFramework\web\filters\CFilterChain.php(134): DashController->runAction()
#20 E:\xampp\htdocs\hvlv\protected\components\Controller.php(78): CFilterChain->run()
#21 E:\xampp\php\pear\YiiFramework\web\filters\CInlineFilter.php(58): DashController->filterAccessControl()
#22 E:\xampp\php\pear\YiiFramework\web\filters\CFilterChain.php(131): CInlineFilter->filter()
#23 E:\xampp\htdocs\hvlv\protected\components\Controller.php(84): CFilterChain->run()
#24 E:\xampp\php\pear\YiiFramework\web\filters\CInlineFilter.php(58): DashController->filterAjaxOnly()
#25 E:\xampp\php\pear\YiiFramework\web\filters\CFilterChain.php(131): CInlineFilter->filter()
#26 E:\xampp\php\pear\YiiFramework\web\CController.php(291): CFilterChain->run()
#27 E:\xampp\php\pear\YiiFramework\web\CController.php(265): DashController->runActionWithFilters()
#28 E:\xampp\php\pear\YiiFramework\web\CWebApplication.php(282): DashController->run()
#29 E:\xampp\php\pear\YiiFramework\web\CWebApplication.php(141): CWebApplication->runController()
#30 E:\xampp\php\pear\YiiFramework\base\CApplication.php(185): CWebApplication->processRequest()
#31 E:\xampp\htdocs\hvlv\index.php(14): CWebApplication->run()
REQUEST_URI=/hvlv/dash.app?&tabid=jqDynTabs1Tab0
in E:\xampp\htdocs\hvlv\protected\components\Dash.php (305)
in E:\xampp\htdocs\hvlv\protected\views\dash\wid_kprp.php (20)
in E:\xampp\htdocs\hvlv\protected\controllers\DashController.php (45)
2023/10/19 09:25:41 [error] [php] Undefined index: total (E:\xampp\htdocs\hvlv\protected\components\Dash.php:305)
Stack trace:
#0 E:\xampp\htdocs\hvlv\protected\views\dash\wid_kprp.php(20): Dash->getCargoProcessReport()
#1 E:\xampp\php\pear\YiiFramework\web\CBaseController.php(126): require()
#2 E:\xampp\php\pear\YiiFramework\web\CBaseController.php(95): DashController->renderInternal()
#3 E:\xampp\php\pear\YiiFramework\web\CController.php(872): DashController->renderFile()
#4 E:\xampp\php\pear\YiiFramework\web\CController.php(785): DashController->renderPartial()
#5 E:\xampp\htdocs\hvlv\protected\controllers\DashController.php(45): DashController->render()
#6 E:\xampp\htdocs\hvlv\protected\views\dash\_widget.php(10): DashController->actionWidget()
#7 E:\xampp\php\pear\YiiFramework\web\CBaseController.php(126): require()
#8 E:\xampp\php\pear\YiiFramework\web\CBaseController.php(95): DashController->renderInternal()
#9 E:\xampp\php\pear\YiiFramework\web\CController.php(872): DashController->renderFile()
#10 E:\xampp\php\pear\YiiFramework\web\CController.php(785): DashController->renderPartial()
#11 E:\xampp\htdocs\hvlv\protected\views\dash\index.php(6): DashController->render()
#12 E:\xampp\php\pear\YiiFramework\web\CBaseController.php(126): require()
#13 E:\xampp\php\pear\YiiFramework\web\CBaseController.php(95): DashController->renderInternal()
#14 E:\xampp\php\pear\YiiFramework\web\CController.php(872): DashController->renderFile()
#15 E:\xampp\php\pear\YiiFramework\web\CController.php(785): DashController->renderPartial()
#16 E:\xampp\htdocs\hvlv\protected\controllers\DashController.php(93): DashController->render()
#17 E:\xampp\php\pear\YiiFramework\web\actions\CInlineAction.php(49): DashController->actionIndex()
#18 E:\xampp\php\pear\YiiFramework\web\CController.php(308): CInlineAction->runWithParams()
#19 E:\xampp\php\pear\YiiFramework\web\filters\CFilterChain.php(134): DashController->runAction()
#20 E:\xampp\htdocs\hvlv\protected\components\Controller.php(78): CFilterChain->run()
#21 E:\xampp\php\pear\YiiFramework\web\filters\CInlineFilter.php(58): DashController->filterAccessControl()
#22 E:\xampp\php\pear\YiiFramework\web\filters\CFilterChain.php(131): CInlineFilter->filter()
#23 E:\xampp\htdocs\hvlv\protected\components\Controller.php(84): CFilterChain->run()
#24 E:\xampp\php\pear\YiiFramework\web\filters\CInlineFilter.php(58): DashController->filterAjaxOnly()
#25 E:\xampp\php\pear\YiiFramework\web\filters\CFilterChain.php(131): CInlineFilter->filter()
#26 E:\xampp\php\pear\YiiFramework\web\CController.php(291): CFilterChain->run()
#27 E:\xampp\php\pear\YiiFramework\web\CController.php(265): DashController->runActionWithFilters()
#28 E:\xampp\php\pear\YiiFramework\web\CWebApplication.php(282): DashController->run()
#29 E:\xampp\php\pear\YiiFramework\web\CWebApplication.php(141): CWebApplication->runController()
#30 E:\xampp\php\pear\YiiFramework\base\CApplication.php(185): CWebApplication->processRequest()
#31 E:\xampp\htdocs\hvlv\index.php(14): CWebApplication->run()
REQUEST_URI=/hvlv/dash.app?&tabid=jqDynTabs55Tab0
in E:\xampp\htdocs\hvlv\protected\components\Dash.php (305)
in E:\xampp\htdocs\hvlv\protected\views\dash\wid_kprp.php (20)
in E:\xampp\htdocs\hvlv\protected\controllers\DashController.php (45)
2023/10/22 13:49:55 [error] [php] Undefined index: total (E:\xampp\htdocs\hvlv\protected\components\Dash.php:305)
Stack trace:
#0 E:\xampp\htdocs\hvlv\protected\views\dash\wid_kprp.php(20): Dash->getCargoProcessReport()
#1 E:\xampp\php\pear\YiiFramework\web\CBaseController.php(126): require()
#2 E:\xampp\php\pear\YiiFramework\web\CBaseController.php(95): DashController->renderInternal()
#3 E:\xampp\php\pear\YiiFramework\web\CController.php(872): DashController->renderFile()
#4 E:\xampp\php\pear\YiiFramework\web\CController.php(785): DashController->renderPartial()
#5 E:\xampp\htdocs\hvlv\protected\controllers\DashController.php(45): DashController->render()
#6 E:\xampp\htdocs\hvlv\protected\views\dash\_widget.php(10): DashController->actionWidget()
#7 E:\xampp\php\pear\YiiFramework\web\CBaseController.php(126): require()
#8 E:\xampp\php\pear\YiiFramework\web\CBaseController.php(95): DashController->renderInternal()
#9 E:\xampp\php\pear\YiiFramework\web\CController.php(872): DashController->renderFile()
#10 E:\xampp\php\pear\YiiFramework\web\CController.php(785): DashController->renderPartial()
#11 E:\xampp\htdocs\hvlv\protected\views\dash\index.php(6): DashController->render()
#12 E:\xampp\php\pear\YiiFramework\web\CBaseController.php(126): require()
#13 E:\xampp\php\pear\YiiFramework\web\CBaseController.php(95): DashController->renderInternal()
#14 E:\xampp\php\pear\YiiFramework\web\CController.php(872): DashController->renderFile()
#15 E:\xampp\php\pear\YiiFramework\web\CController.php(785): DashController->renderPartial()
#16 E:\xampp\htdocs\hvlv\protected\controllers\DashController.php(93): DashController->render()
#17 E:\xampp\php\pear\YiiFramework\web\actions\CInlineAction.php(49): DashController->actionIndex()
#18 E:\xampp\php\pear\YiiFramework\web\CController.php(308): CInlineAction->runWithParams()
#19 E:\xampp\php\pear\YiiFramework\web\filters\CFilterChain.php(134): DashController->runAction()
#20 E:\xampp\htdocs\hvlv\protected\components\Controller.php(78): CFilterChain->run()
#21 E:\xampp\php\pear\YiiFramework\web\filters\CInlineFilter.php(58): DashController->filterAccessControl()
#22 E:\xampp\php\pear\YiiFramework\web\filters\CFilterChain.php(131): CInlineFilter->filter()
#23 E:\xampp\htdocs\hvlv\protected\components\Controller.php(84): CFilterChain->run()
#24 E:\xampp\php\pear\YiiFramework\web\filters\CInlineFilter.php(58): DashController->filterAjaxOnly()
#25 E:\xampp\php\pear\YiiFramework\web\filters\CFilterChain.php(131): CInlineFilter->filter()
#26 E:\xampp\php\pear\YiiFramework\web\CController.php(291): CFilterChain->run()
#27 E:\xampp\php\pear\YiiFramework\web\CController.php(265): DashController->runActionWithFilters()
#28 E:\xampp\php\pear\YiiFramework\web\CWebApplication.php(282): DashController->run()
#29 E:\xampp\php\pear\YiiFramework\web\CWebApplication.php(141): CWebApplication->runController()
#30 E:\xampp\php\pear\YiiFramework\base\CApplication.php(185): CWebApplication->processRequest()
#31 E:\xampp\htdocs\hvlv\index.php(14): CWebApplication->run()
REQUEST_URI=/hvlv/dash.app?&tabid=jqDynTabs21Tab0
in E:\xampp\htdocs\hvlv\protected\components\Dash.php (305)
in E:\xampp\htdocs\hvlv\protected\views\dash\wid_kprp.php (20)
in E:\xampp\htdocs\hvlv\protected\controllers\DashController.php (45)
2023/10/22 13:52:40 [error] [php] Undefined index: total (E:\xampp\htdocs\hvlv\protected\components\Dash.php:305)
Stack trace:
#0 E:\xampp\htdocs\hvlv\protected\views\dash\wid_kprp.php(20): Dash->getCargoProcessReport()
#1 E:\xampp\php\pear\YiiFramework\web\CBaseController.php(126): require()
#2 E:\xampp\php\pear\YiiFramework\web\CBaseController.php(95): DashController->renderInternal()
#3 E:\xampp\php\pear\YiiFramework\web\CController.php(872): DashController->renderFile()
#4 E:\xampp\php\pear\YiiFramework\web\CController.php(785): DashController->renderPartial()
#5 E:\xampp\htdocs\hvlv\protected\controllers\DashController.php(45): DashController->render()
#6 E:\xampp\htdocs\hvlv\protected\views\dash\_widget.php(10): DashController->actionWidget()
#7 E:\xampp\php\pear\YiiFramework\web\CBaseController.php(126): require()
#8 E:\xampp\php\pear\YiiFramework\web\CBaseController.php(95): DashController->renderInternal()
#9 E:\xampp\php\pear\YiiFramework\web\CController.php(872): DashController->renderFile()
#10 E:\xampp\php\pear\YiiFramework\web\CController.php(785): DashController->renderPartial()
#11 E:\xampp\htdocs\hvlv\protected\views\dash\index.php(6): DashController->render()
#12 E:\xampp\php\pear\YiiFramework\web\CBaseController.php(126): require()
#13 E:\xampp\php\pear\YiiFramework\web\CBaseController.php(95): DashController->renderInternal()
#14 E:\xampp\php\pear\YiiFramework\web\CController.php(872): DashController->renderFile()
#15 E:\xampp\php\pear\YiiFramework\web\CController.php(785): DashController->renderPartial()
#16 E:\xampp\htdocs\hvlv\protected\controllers\DashController.php(93): DashController->render()
#17 E:\xampp\php\pear\YiiFramework\web\actions\CInlineAction.php(49): DashController->actionIndex()
#18 E:\xampp\php\pear\YiiFramework\web\CController.php(308): CInlineAction->runWithParams()
#19 E:\xampp\php\pear\YiiFramework\web\filters\CFilterChain.php(134): DashController->runAction()
#20 E:\xampp\htdocs\hvlv\protected\components\Controller.php(78): CFilterChain->run()
#21 E:\xampp\php\pear\YiiFramework\web\filters\CInlineFilter.php(58): DashController->filterAccessControl()
#22 E:\xampp\php\pear\YiiFramework\web\filters\CFilterChain.php(131): CInlineFilter->filter()
#23 E:\xampp\htdocs\hvlv\protected\components\Controller.php(84): CFilterChain->run()
#24 E:\xampp\php\pear\YiiFramework\web\filters\CInlineFilter.php(58): DashController->filterAjaxOnly()
#25 E:\xampp\php\pear\YiiFramework\web\filters\CFilterChain.php(131): CInlineFilter->filter()
#26 E:\xampp\php\pear\YiiFramework\web\CController.php(291): CFilterChain->run()
#27 E:\xampp\php\pear\YiiFramework\web\CController.php(265): DashController->runActionWithFilters()
#28 E:\xampp\php\pear\YiiFramework\web\CWebApplication.php(282): DashController->run()
#29 E:\xampp\php\pear\YiiFramework\web\CWebApplication.php(141): CWebApplication->runController()
#30 E:\xampp\php\pear\YiiFramework\base\CApplication.php(185): CWebApplication->processRequest()
#31 E:\xampp\htdocs\hvlv\index.php(14): CWebApplication->run()
REQUEST_URI=/hvlv/dash.app?&tabid=jqDynTabs9Tab0
in E:\xampp\htdocs\hvlv\protected\components\Dash.php (305)
in E:\xampp\htdocs\hvlv\protected\views\dash\wid_kprp.php (20)
in E:\xampp\htdocs\hvlv\protected\controllers\DashController.php (45)
2023/10/22 13:52:47 [error] [php] Undefined index: total (E:\xampp\htdocs\hvlv\protected\components\Dash.php:305)
Stack trace:
#0 E:\xampp\htdocs\hvlv\protected\views\dash\wid_kprp.php(20): Dash->getCargoProcessReport()
#1 E:\xampp\php\pear\YiiFramework\web\CBaseController.php(126): require()
#2 E:\xampp\php\pear\YiiFramework\web\CBaseController.php(95): DashController->renderInternal()
#3 E:\xampp\php\pear\YiiFramework\web\CController.php(872): DashController->renderFile()
#4 E:\xampp\php\pear\YiiFramework\web\CController.php(785): DashController->renderPartial()
#5 E:\xampp\htdocs\hvlv\protected\controllers\DashController.php(45): DashController->render()
#6 E:\xampp\htdocs\hvlv\protected\views\dash\_widget.php(10): DashController->actionWidget()
#7 E:\xampp\php\pear\YiiFramework\web\CBaseController.php(126): require()
#8 E:\xampp\php\pear\YiiFramework\web\CBaseController.php(95): DashController->renderInternal()
#9 E:\xampp\php\pear\YiiFramework\web\CController.php(872): DashController->renderFile()
#10 E:\xampp\php\pear\YiiFramework\web\CController.php(785): DashController->renderPartial()
#11 E:\xampp\htdocs\hvlv\protected\views\dash\index.php(6): DashController->render()
#12 E:\xampp\php\pear\YiiFramework\web\CBaseController.php(126): require()
#13 E:\xampp\php\pear\YiiFramework\web\CBaseController.php(95): DashController->renderInternal()
#14 E:\xampp\php\pear\YiiFramework\web\CController.php(872): DashController->renderFile()
#15 E:\xampp\php\pear\YiiFramework\web\CController.php(785): DashController->renderPartial()
#16 E:\xampp\htdocs\hvlv\protected\controllers\DashController.php(93): DashController->render()
#17 E:\xampp\php\pear\YiiFramework\web\actions\CInlineAction.php(49): DashController->actionIndex()
#18 E:\xampp\php\pear\YiiFramework\web\CController.php(308): CInlineAction->runWithParams()
#19 E:\xampp\php\pear\YiiFramework\web\filters\CFilterChain.php(134): DashController->runAction()
#20 E:\xampp\htdocs\hvlv\protected\components\Controller.php(78): CFilterChain->run()
#21 E:\xampp\php\pear\YiiFramework\web\filters\CInlineFilter.php(58): DashController->filterAccessControl()
#22 E:\xampp\php\pear\YiiFramework\web\filters\CFilterChain.php(131): CInlineFilter->filter()
#23 E:\xampp\htdocs\hvlv\protected\components\Controller.php(84): CFilterChain->run()
#24 E:\xampp\php\pear\YiiFramework\web\filters\CInlineFilter.php(58): DashController->filterAjaxOnly()
#25 E:\xampp\php\pear\YiiFramework\web\filters\CFilterChain.php(131): CInlineFilter->filter()
#26 E:\xampp\php\pear\YiiFramework\web\CController.php(291): CFilterChain->run()
#27 E:\xampp\php\pear\YiiFramework\web\CController.php(265): DashController->runActionWithFilters()
#28 E:\xampp\php\pear\YiiFramework\web\CWebApplication.php(282): DashController->run()
#29 E:\xampp\php\pear\YiiFramework\web\CWebApplication.php(141): CWebApplication->runController()
#30 E:\xampp\php\pear\YiiFramework\base\CApplication.php(185): CWebApplication->processRequest()
#31 E:\xampp\htdocs\hvlv\index.php(14): CWebApplication->run()
REQUEST_URI=/hvlv/dash.app?&tabid=jqDynTabs7Tab0
in E:\xampp\htdocs\hvlv\protected\components\Dash.php (305)
in E:\xampp\htdocs\hvlv\protected\views\dash\wid_kprp.php (20)
in E:\xampp\htdocs\hvlv\protected\controllers\DashController.php (45)
2023/10/22 13:53:28 [error] [php] Undefined index: total (E:\xampp\htdocs\hvlv\protected\components\Dash.php:305)
Stack trace:
#0 E:\xampp\htdocs\hvlv\protected\views\dash\wid_kprp.php(20): Dash->getCargoProcessReport()
#1 E:\xampp\php\pear\YiiFramework\web\CBaseController.php(126): require()
#2 E:\xampp\php\pear\YiiFramework\web\CBaseController.php(95): DashController->renderInternal()
#3 E:\xampp\php\pear\YiiFramework\web\CController.php(872): DashController->renderFile()
#4 E:\xampp\php\pear\YiiFramework\web\CController.php(785): DashController->renderPartial()
#5 E:\xampp\htdocs\hvlv\protected\controllers\DashController.php(45): DashController->render()
#6 E:\xampp\htdocs\hvlv\protected\views\dash\_widget.php(10): DashController->actionWidget()
#7 E:\xampp\php\pear\YiiFramework\web\CBaseController.php(126): require()
#8 E:\xampp\php\pear\YiiFramework\web\CBaseController.php(95): DashController->renderInternal()
#9 E:\xampp\php\pear\YiiFramework\web\CController.php(872): DashController->renderFile()
#10 E:\xampp\php\pear\YiiFramework\web\CController.php(785): DashController->renderPartial()
#11 E:\xampp\htdocs\hvlv\protected\views\dash\index.php(6): DashController->render()
#12 E:\xampp\php\pear\YiiFramework\web\CBaseController.php(126): require()
#13 E:\xampp\php\pear\YiiFramework\web\CBaseController.php(95): DashController->renderInternal()
#14 E:\xampp\php\pear\YiiFramework\web\CController.php(872): DashController->renderFile()
#15 E:\xampp\php\pear\YiiFramework\web\CController.php(785): DashController->renderPartial()
#16 E:\xampp\htdocs\hvlv\protected\controllers\DashController.php(93): DashController->render()
#17 E:\xampp\php\pear\YiiFramework\web\actions\CInlineAction.php(49): DashController->actionIndex()
#18 E:\xampp\php\pear\YiiFramework\web\CController.php(308): CInlineAction->runWithParams()
#19 E:\xampp\php\pear\YiiFramework\web\filters\CFilterChain.php(134): DashController->runAction()
#20 E:\xampp\htdocs\hvlv\protected\components\Controller.php(78): CFilterChain->run()
#21 E:\xampp\php\pear\YiiFramework\web\filters\CInlineFilter.php(58): DashController->filterAccessControl()
#22 E:\xampp\php\pear\YiiFramework\web\filters\CFilterChain.php(131): CInlineFilter->filter()
#23 E:\xampp\htdocs\hvlv\protected\components\Controller.php(84): CFilterChain->run()
#24 E:\xampp\php\pear\YiiFramework\web\filters\CInlineFilter.php(58): DashController->filterAjaxOnly()
#25 E:\xampp\php\pear\YiiFramework\web\filters\CFilterChain.php(131): CInlineFilter->filter()
#26 E:\xampp\php\pear\YiiFramework\web\CController.php(291): CFilterChain->run()
#27 E:\xampp\php\pear\YiiFramework\web\CController.php(265): DashController->runActionWithFilters()
#28 E:\xampp\php\pear\YiiFramework\web\CWebApplication.php(282): DashController->run()
#29 E:\xampp\php\pear\YiiFramework\web\CWebApplication.php(141): CWebApplication->runController()
#30 E:\xampp\php\pear\YiiFramework\base\CApplication.php(185): CWebApplication->processRequest()
#31 E:\xampp\htdocs\hvlv\index.php(14): CWebApplication->run()
REQUEST_URI=/hvlv/dash.app?&tabid=jqDynTabs39Tab0
in E:\xampp\htdocs\hvlv\protected\components\Dash.php (305)
in E:\xampp\htdocs\hvlv\protected\views\dash\wid_kprp.php (20)
in E:\xampp\htdocs\hvlv\protected\controllers\DashController.php (45)
2023/10/22 13:53:39 [error] [php] Undefined index: total (E:\xampp\htdocs\hvlv\protected\components\Dash.php:305)
Stack trace:
#0 E:\xampp\htdocs\hvlv\protected\views\dash\wid_kprp.php(20): Dash->getCargoProcessReport()
#1 E:\xampp\php\pear\YiiFramework\web\CBaseController.php(126): require()
#2 E:\xampp\php\pear\YiiFramework\web\CBaseController.php(95): DashController->renderInternal()
#3 E:\xampp\php\pear\YiiFramework\web\CController.php(872): DashController->renderFile()
#4 E:\xampp\php\pear\YiiFramework\web\CController.php(785): DashController->renderPartial()
#5 E:\xampp\htdocs\hvlv\protected\controllers\DashController.php(45): DashController->render()
#6 E:\xampp\htdocs\hvlv\protected\views\dash\_widget.php(10): DashController->actionWidget()
#7 E:\xampp\php\pear\YiiFramework\web\CBaseController.php(126): require()
#8 E:\xampp\php\pear\YiiFramework\web\CBaseController.php(95): DashController->renderInternal()
#9 E:\xampp\php\pear\YiiFramework\web\CController.php(872): DashController->renderFile()
#10 E:\xampp\php\pear\YiiFramework\web\CController.php(785): DashController->renderPartial()
#11 E:\xampp\htdocs\hvlv\protected\views\dash\index.php(6): DashController->render()
#12 E:\xampp\php\pear\YiiFramework\web\CBaseController.php(126): require()
#13 E:\xampp\php\pear\YiiFramework\web\CBaseController.php(95): DashController->renderInternal()
#14 E:\xampp\php\pear\YiiFramework\web\CController.php(872): DashController->renderFile()
#15 E:\xampp\php\pear\YiiFramework\web\CController.php(785): DashController->renderPartial()
#16 E:\xampp\htdocs\hvlv\protected\controllers\DashController.php(93): DashController->render()
#17 E:\xampp\php\pear\YiiFramework\web\actions\CInlineAction.php(49): DashController->actionIndex()
#18 E:\xampp\php\pear\YiiFramework\web\CController.php(308): CInlineAction->runWithParams()
#19 E:\xampp\php\pear\YiiFramework\web\filters\CFilterChain.php(134): DashController->runAction()
#20 E:\xampp\htdocs\hvlv\protected\components\Controller.php(78): CFilterChain->run()
#21 E:\xampp\php\pear\YiiFramework\web\filters\CInlineFilter.php(58): DashController->filterAccessControl()
#22 E:\xampp\php\pear\YiiFramework\web\filters\CFilterChain.php(131): CInlineFilter->filter()
#23 E:\xampp\htdocs\hvlv\protected\components\Controller.php(84): CFilterChain->run()
#24 E:\xampp\php\pear\YiiFramework\web\filters\CInlineFilter.php(58): DashController->filterAjaxOnly()
#25 E:\xampp\php\pear\YiiFramework\web\filters\CFilterChain.php(131): CInlineFilter->filter()
#26 E:\xampp\php\pear\YiiFramework\web\CController.php(291): CFilterChain->run()
#27 E:\xampp\php\pear\YiiFramework\web\CController.php(265): DashController->runActionWithFilters()
#28 E:\xampp\php\pear\YiiFramework\web\CWebApplication.php(282): DashController->run()
#29 E:\xampp\php\pear\YiiFramework\web\CWebApplication.php(141): CWebApplication->runController()
#30 E:\xampp\php\pear\YiiFramework\base\CApplication.php(185): CWebApplication->processRequest()
#31 E:\xampp\htdocs\hvlv\index.php(14): CWebApplication->run()
REQUEST_URI=/hvlv/dash.app?&tabid=jqDynTabs85Tab0
in E:\xampp\htdocs\hvlv\protected\components\Dash.php (305)
in E:\xampp\htdocs\hvlv\protected\views\dash\wid_kprp.php (20)
in E:\xampp\htdocs\hvlv\protected\controllers\DashController.php (45)
2023/10/23 03:22:57 [error] [php] Undefined variable: orgRate1 (E:\xampp\htdocs\hvlv\protected\components\ChooseShipment.php:1938)
Stack trace:
#0 E:\xampp\htdocs\hvlv\protected\commands\azCommand.php(1767): courierCanDelivery()
#1 E:\xampp\htdocs\hvlv\protected\commands\azCommand.php(17): azCommand->courierCanDelivery()
#2 E:\xampp\php\pear\YiiFramework\console\CConsoleCommandRunner.php(71): azCommand->run()
#3 E:\xampp\php\pear\YiiFramework\console\CConsoleApplication.php(92): CConsoleCommandRunner->run()
#4 E:\xampp\php\pear\YiiFramework\base\CApplication.php(185): CConsoleApplication->processRequest()
#5 E:\xampp\php\pear\YiiFramework\yiic.php(33): CConsoleApplication->run()
#6 E:\xampp\htdocs\hvlv\protected\yiic.php(6): require_once()

2023/10/23 03:25:08 [error] [php] Undefined index: total (E:\xampp\htdocs\hvlv\protected\components\Dash.php:305)
Stack trace:
#0 E:\xampp\htdocs\hvlv\protected\views\dash\wid_kprp.php(20): Dash->getCargoProcessReport()
#1 E:\xampp\php\pear\YiiFramework\web\CBaseController.php(126): require()
#2 E:\xampp\php\pear\YiiFramework\web\CBaseController.php(95): DashController->renderInternal()
#3 E:\xampp\php\pear\YiiFramework\web\CController.php(872): DashController->renderFile()
#4 E:\xampp\php\pear\YiiFramework\web\CController.php(785): DashController->renderPartial()
#5 E:\xampp\htdocs\hvlv\protected\controllers\DashController.php(45): DashController->render()
#6 E:\xampp\htdocs\hvlv\protected\views\dash\_widget.php(10): DashController->actionWidget()
#7 E:\xampp\php\pear\YiiFramework\web\CBaseController.php(126): require()
#8 E:\xampp\php\pear\YiiFramework\web\CBaseController.php(95): DashController->renderInternal()
#9 E:\xampp\php\pear\YiiFramework\web\CController.php(872): DashController->renderFile()
#10 E:\xampp\php\pear\YiiFramework\web\CController.php(785): DashController->renderPartial()
#11 E:\xampp\htdocs\hvlv\protected\views\dash\index.php(6): DashController->render()
#12 E:\xampp\php\pear\YiiFramework\web\CBaseController.php(126): require()
#13 E:\xampp\php\pear\YiiFramework\web\CBaseController.php(95): DashController->renderInternal()
#14 E:\xampp\php\pear\YiiFramework\web\CController.php(872): DashController->renderFile()
#15 E:\xampp\php\pear\YiiFramework\web\CController.php(785): DashController->renderPartial()
#16 E:\xampp\htdocs\hvlv\protected\controllers\DashController.php(93): DashController->render()
#17 E:\xampp\php\pear\YiiFramework\web\actions\CInlineAction.php(49): DashController->actionIndex()
#18 E:\xampp\php\pear\YiiFramework\web\CController.php(308): CInlineAction->runWithParams()
#19 E:\xampp\php\pear\YiiFramework\web\filters\CFilterChain.php(134): DashController->runAction()
#20 E:\xampp\htdocs\hvlv\protected\components\Controller.php(78): CFilterChain->run()
#21 E:\xampp\php\pear\YiiFramework\web\filters\CInlineFilter.php(58): DashController->filterAccessControl()
#22 E:\xampp\php\pear\YiiFramework\web\filters\CFilterChain.php(131): CInlineFilter->filter()
#23 E:\xampp\htdocs\hvlv\protected\components\Controller.php(84): CFilterChain->run()
#24 E:\xampp\php\pear\YiiFramework\web\filters\CInlineFilter.php(58): DashController->filterAjaxOnly()
#25 E:\xampp\php\pear\YiiFramework\web\filters\CFilterChain.php(131): CInlineFilter->filter()
#26 E:\xampp\php\pear\YiiFramework\web\CController.php(291): CFilterChain->run()
#27 E:\xampp\php\pear\YiiFramework\web\CController.php(265): DashController->runActionWithFilters()
#28 E:\xampp\php\pear\YiiFramework\web\CWebApplication.php(282): DashController->run()
#29 E:\xampp\php\pear\YiiFramework\web\CWebApplication.php(141): CWebApplication->runController()
#30 E:\xampp\php\pear\YiiFramework\base\CApplication.php(185): CWebApplication->processRequest()
#31 E:\xampp\htdocs\hvlv\index.php(14): CWebApplication->run()
REQUEST_URI=/hvlv/dash.app?&tabid=jqDynTabs68Tab0
in E:\xampp\htdocs\hvlv\protected\components\Dash.php (305)
in E:\xampp\htdocs\hvlv\protected\views\dash\wid_kprp.php (20)
in E:\xampp\htdocs\hvlv\protected\controllers\DashController.php (45)
2023/10/23 03:25:47 [warning] [application] Failed to set unsafe attribute "pbn" of "ImParcel".
in E:\xampp\htdocs\hvlv\protected\controllers\ImParcelController.php (450)
in E:\xampp\htdocs\hvlv\protected\components\Controller.php (78)
in E:\xampp\htdocs\hvlv\protected\components\Controller.php (84)
2023/10/23 03:26:25 [warning] [application] Failed to set unsafe attribute "pbn" of "ImParcel".
in E:\xampp\htdocs\hvlv\protected\controllers\ImParcelController.php (450)
in E:\xampp\htdocs\hvlv\protected\components\Controller.php (78)
in E:\xampp\htdocs\hvlv\protected\components\Controller.php (84)
2023/10/23 03:27:54 [warning] [application] Failed to set unsafe attribute "pbn" of "ImParcel".
in E:\xampp\htdocs\hvlv\protected\controllers\ImParcelController.php (450)
in E:\xampp\htdocs\hvlv\protected\components\Controller.php (78)
in E:\xampp\htdocs\hvlv\protected\components\Controller.php (84)
2023/10/23 03:37:02 [warning] [application] Failed to set unsafe attribute "pbn" of "ImParcel".
in E:\xampp\htdocs\hvlv\protected\controllers\ImParcelController.php (450)
in E:\xampp\htdocs\hvlv\protected\components\Controller.php (78)
in E:\xampp\htdocs\hvlv\protected\components\Controller.php (84)
2023/10/23 03:39:55 [warning] [application] Failed to set unsafe attribute "pbn" of "ImParcel".
in E:\xampp\htdocs\hvlv\protected\controllers\ImParcelController.php (450)
in E:\xampp\htdocs\hvlv\protected\components\Controller.php (78)
in E:\xampp\htdocs\hvlv\protected\components\Controller.php (84)
2023/10/23 03:40:42 [warning] [application] Failed to set unsafe attribute "pbn" of "ImParcel".
in E:\xampp\htdocs\hvlv\protected\controllers\ImParcelController.php (450)
in E:\xampp\htdocs\hvlv\protected\components\Controller.php (78)
in E:\xampp\htdocs\hvlv\protected\components\Controller.php (84)
2023/10/23 03:41:22 [warning] [application] Failed to set unsafe attribute "pbn" of "ImParcel".
in E:\xampp\htdocs\hvlv\protected\controllers\ImParcelController.php (450)
in E:\xampp\htdocs\hvlv\protected\components\Controller.php (78)
in E:\xampp\htdocs\hvlv\protected\components\Controller.php (84)
2023/10/23 03:41:47 [warning] [application] Failed to set unsafe attribute "pbn" of "ImParcel".
in E:\xampp\htdocs\hvlv\protected\controllers\ImParcelController.php (450)
in E:\xampp\htdocs\hvlv\protected\components\Controller.php (78)
in E:\xampp\htdocs\hvlv\protected\components\Controller.php (84)
2023/10/23 03:45:30 [warning] [application] Failed to set unsafe attribute "pbn" of "ImParcel".
in E:\xampp\htdocs\hvlv\protected\controllers\ImParcelController.php (450)
in E:\xampp\htdocs\hvlv\protected\components\Controller.php (78)
in E:\xampp\htdocs\hvlv\protected\components\Controller.php (84)
2023/10/23 03:47:00 [warning] [application] Failed to set unsafe attribute "pbn" of "ImParcel".
in E:\xampp\htdocs\hvlv\protected\controllers\ImParcelController.php (450)
in E:\xampp\htdocs\hvlv\protected\components\Controller.php (78)
in E:\xampp\htdocs\hvlv\protected\components\Controller.php (84)
2023/10/23 03:49:40 [error] [php] Undefined index: total (E:\xampp\htdocs\hvlv\protected\components\Dash.php:305)
Stack trace:
#0 E:\xampp\htdocs\hvlv\protected\views\dash\wid_kprp.php(20): Dash->getCargoProcessReport()
#1 E:\xampp\php\pear\YiiFramework\web\CBaseController.php(126): require()
#2 E:\xampp\php\pear\YiiFramework\web\CBaseController.php(95): DashController->renderInternal()
#3 E:\xampp\php\pear\YiiFramework\web\CController.php(872): DashController->renderFile()
#4 E:\xampp\php\pear\YiiFramework\web\CController.php(785): DashController->renderPartial()
#5 E:\xampp\htdocs\hvlv\protected\controllers\DashController.php(45): DashController->render()
#6 E:\xampp\htdocs\hvlv\protected\views\dash\_widget.php(10): DashController->actionWidget()
#7 E:\xampp\php\pear\YiiFramework\web\CBaseController.php(126): require()
#8 E:\xampp\php\pear\YiiFramework\web\CBaseController.php(95): DashController->renderInternal()
#9 E:\xampp\php\pear\YiiFramework\web\CController.php(872): DashController->renderFile()
#10 E:\xampp\php\pear\YiiFramework\web\CController.php(785): DashController->renderPartial()
#11 E:\xampp\htdocs\hvlv\protected\views\dash\index.php(6): DashController->render()
#12 E:\xampp\php\pear\YiiFramework\web\CBaseController.php(126): require()
#13 E:\xampp\php\pear\YiiFramework\web\CBaseController.php(95): DashController->renderInternal()
#14 E:\xampp\php\pear\YiiFramework\web\CController.php(872): DashController->renderFile()
#15 E:\xampp\php\pear\YiiFramework\web\CController.php(785): DashController->renderPartial()
#16 E:\xampp\htdocs\hvlv\protected\controllers\DashController.php(93): DashController->render()
#17 E:\xampp\php\pear\YiiFramework\web\actions\CInlineAction.php(49): DashController->actionIndex()
#18 E:\xampp\php\pear\YiiFramework\web\CController.php(308): CInlineAction->runWithParams()
#19 E:\xampp\php\pear\YiiFramework\web\filters\CFilterChain.php(134): DashController->runAction()
#20 E:\xampp\htdocs\hvlv\protected\components\Controller.php(78): CFilterChain->run()
#21 E:\xampp\php\pear\YiiFramework\web\filters\CInlineFilter.php(58): DashController->filterAccessControl()
#22 E:\xampp\php\pear\YiiFramework\web\filters\CFilterChain.php(131): CInlineFilter->filter()
#23 E:\xampp\htdocs\hvlv\protected\components\Controller.php(84): CFilterChain->run()
#24 E:\xampp\php\pear\YiiFramework\web\filters\CInlineFilter.php(58): DashController->filterAjaxOnly()
#25 E:\xampp\php\pear\YiiFramework\web\filters\CFilterChain.php(131): CInlineFilter->filter()
#26 E:\xampp\php\pear\YiiFramework\web\CController.php(291): CFilterChain->run()
#27 E:\xampp\php\pear\YiiFramework\web\CController.php(265): DashController->runActionWithFilters()
#28 E:\xampp\php\pear\YiiFramework\web\CWebApplication.php(282): DashController->run()
#29 E:\xampp\php\pear\YiiFramework\web\CWebApplication.php(141): CWebApplication->runController()
#30 E:\xampp\php\pear\YiiFramework\base\CApplication.php(185): CWebApplication->processRequest()
#31 E:\xampp\htdocs\hvlv\index.php(14): CWebApplication->run()
REQUEST_URI=/hvlv/dash.app?&tabid=jqDynTabs81Tab2
in E:\xampp\htdocs\hvlv\protected\components\Dash.php (305)
in E:\xampp\htdocs\hvlv\protected\views\dash\wid_kprp.php (20)
in E:\xampp\htdocs\hvlv\protected\controllers\DashController.php (45)
2023/10/23 03:56:04 [error] [php] Undefined index: total (E:\xampp\htdocs\hvlv\protected\components\Dash.php:305)
Stack trace:
#0 E:\xampp\htdocs\hvlv\protected\views\dash\wid_kprp.php(20): Dash->getCargoProcessReport()
#1 E:\xampp\php\pear\YiiFramework\web\CBaseController.php(126): require()
#2 E:\xampp\php\pear\YiiFramework\web\CBaseController.php(95): DashController->renderInternal()
#3 E:\xampp\php\pear\YiiFramework\web\CController.php(872): DashController->renderFile()
#4 E:\xampp\php\pear\YiiFramework\web\CController.php(785): DashController->renderPartial()
#5 E:\xampp\htdocs\hvlv\protected\controllers\DashController.php(45): DashController->render()
#6 E:\xampp\htdocs\hvlv\protected\views\dash\_widget.php(10): DashController->actionWidget()
#7 E:\xampp\php\pear\YiiFramework\web\CBaseController.php(126): require()
#8 E:\xampp\php\pear\YiiFramework\web\CBaseController.php(95): DashController->renderInternal()
#9 E:\xampp\php\pear\YiiFramework\web\CController.php(872): DashController->renderFile()
#10 E:\xampp\php\pear\YiiFramework\web\CController.php(785): DashController->renderPartial()
#11 E:\xampp\htdocs\hvlv\protected\views\dash\index.php(6): DashController->render()
#12 E:\xampp\php\pear\YiiFramework\web\CBaseController.php(126): require()
#13 E:\xampp\php\pear\YiiFramework\web\CBaseController.php(95): DashController->renderInternal()
#14 E:\xampp\php\pear\YiiFramework\web\CController.php(872): DashController->renderFile()
#15 E:\xampp\php\pear\YiiFramework\web\CController.php(785): DashController->renderPartial()
#16 E:\xampp\htdocs\hvlv\protected\controllers\DashController.php(93): DashController->render()
#17 E:\xampp\php\pear\YiiFramework\web\actions\CInlineAction.php(49): DashController->actionIndex()
#18 E:\xampp\php\pear\YiiFramework\web\CController.php(308): CInlineAction->runWithParams()
#19 E:\xampp\php\pear\YiiFramework\web\filters\CFilterChain.php(134): DashController->runAction()
#20 E:\xampp\htdocs\hvlv\protected\components\Controller.php(78): CFilterChain->run()
#21 E:\xampp\php\pear\YiiFramework\web\filters\CInlineFilter.php(58): DashController->filterAccessControl()
#22 E:\xampp\php\pear\YiiFramework\web\filters\CFilterChain.php(131): CInlineFilter->filter()
#23 E:\xampp\htdocs\hvlv\protected\components\Controller.php(84): CFilterChain->run()
#24 E:\xampp\php\pear\YiiFramework\web\filters\CInlineFilter.php(58): DashController->filterAjaxOnly()
#25 E:\xampp\php\pear\YiiFramework\web\filters\CFilterChain.php(131): CInlineFilter->filter()
#26 E:\xampp\php\pear\YiiFramework\web\CController.php(291): CFilterChain->run()
#27 E:\xampp\php\pear\YiiFramework\web\CController.php(265): DashController->runActionWithFilters()
#28 E:\xampp\php\pear\YiiFramework\web\CWebApplication.php(282): DashController->run()
#29 E:\xampp\php\pear\YiiFramework\web\CWebApplication.php(141): CWebApplication->runController()
#30 E:\xampp\php\pear\YiiFramework\base\CApplication.php(185): CWebApplication->processRequest()
#31 E:\xampp\htdocs\hvlv\index.php(14): CWebApplication->run()
REQUEST_URI=/hvlv/dash.app?&tabid=jqDynTabs78Tab2
in E:\xampp\htdocs\hvlv\protected\components\Dash.php (305)
in E:\xampp\htdocs\hvlv\protected\views\dash\wid_kprp.php (20)
in E:\xampp\htdocs\hvlv\protected\controllers\DashController.php (45)
2023/10/23 03:57:18 [warning] [application] Failed to set unsafe attribute "pbn" of "ImParcel".
in E:\xampp\htdocs\hvlv\protected\controllers\ImParcelController.php (450)
in E:\xampp\htdocs\hvlv\protected\components\Controller.php (78)
in E:\xampp\htdocs\hvlv\protected\components\Controller.php (84)
2023/10/23 03:58:17 [warning] [application] Failed to set unsafe attribute "pbn" of "ImParcel".
in E:\xampp\htdocs\hvlv\protected\controllers\ImParcelController.php (450)
in E:\xampp\htdocs\hvlv\protected\components\Controller.php (78)
in E:\xampp\htdocs\hvlv\protected\components\Controller.php (84)
2023/10/23 04:01:14 [error] [php] Undefined index: total (E:\xampp\htdocs\hvlv\protected\components\Dash.php:305)
Stack trace:
#0 E:\xampp\htdocs\hvlv\protected\views\dash\wid_kprp.php(20): Dash->getCargoProcessReport()
#1 E:\xampp\php\pear\YiiFramework\web\CBaseController.php(126): require()
#2 E:\xampp\php\pear\YiiFramework\web\CBaseController.php(95): DashController->renderInternal()
#3 E:\xampp\php\pear\YiiFramework\web\CController.php(872): DashController->renderFile()
#4 E:\xampp\php\pear\YiiFramework\web\CController.php(785): DashController->renderPartial()
#5 E:\xampp\htdocs\hvlv\protected\controllers\DashController.php(45): DashController->render()
#6 E:\xampp\htdocs\hvlv\protected\views\dash\_widget.php(10): DashController->actionWidget()
#7 E:\xampp\php\pear\YiiFramework\web\CBaseController.php(126): require()
#8 E:\xampp\php\pear\YiiFramework\web\CBaseController.php(95): DashController->renderInternal()
#9 E:\xampp\php\pear\YiiFramework\web\CController.php(872): DashController->renderFile()
#10 E:\xampp\php\pear\YiiFramework\web\CController.php(785): DashController->renderPartial()
#11 E:\xampp\htdocs\hvlv\protected\views\dash\index.php(6): DashController->render()
#12 E:\xampp\php\pear\YiiFramework\web\CBaseController.php(126): require()
#13 E:\xampp\php\pear\YiiFramework\web\CBaseController.php(95): DashController->renderInternal()
#14 E:\xampp\php\pear\YiiFramework\web\CController.php(872): DashController->renderFile()
#15 E:\xampp\php\pear\YiiFramework\web\CController.php(785): DashController->renderPartial()
#16 E:\xampp\htdocs\hvlv\protected\controllers\DashController.php(93): DashController->render()
#17 E:\xampp\php\pear\YiiFramework\web\actions\CInlineAction.php(49): DashController->actionIndex()
#18 E:\xampp\php\pear\YiiFramework\web\CController.php(308): CInlineAction->runWithParams()
#19 E:\xampp\php\pear\YiiFramework\web\filters\CFilterChain.php(134): DashController->runAction()
#20 E:\xampp\htdocs\hvlv\protected\components\Controller.php(78): CFilterChain->run()
#21 E:\xampp\php\pear\YiiFramework\web\filters\CInlineFilter.php(58): DashController->filterAccessControl()
#22 E:\xampp\php\pear\YiiFramework\web\filters\CFilterChain.php(131): CInlineFilter->filter()
#23 E:\xampp\htdocs\hvlv\protected\components\Controller.php(84): CFilterChain->run()
#24 E:\xampp\php\pear\YiiFramework\web\filters\CInlineFilter.php(58): DashController->filterAjaxOnly()
#25 E:\xampp\php\pear\YiiFramework\web\filters\CFilterChain.php(131): CInlineFilter->filter()
#26 E:\xampp\php\pear\YiiFramework\web\CController.php(291): CFilterChain->run()
#27 E:\xampp\php\pear\YiiFramework\web\CController.php(265): DashController->runActionWithFilters()
#28 E:\xampp\php\pear\YiiFramework\web\CWebApplication.php(282): DashController->run()
#29 E:\xampp\php\pear\YiiFramework\web\CWebApplication.php(141): CWebApplication->runController()
#30 E:\xampp\php\pear\YiiFramework\base\CApplication.php(185): CWebApplication->processRequest()
#31 E:\xampp\htdocs\hvlv\index.php(14): CWebApplication->run()
REQUEST_URI=/hvlv/dash.app?&tabid=jqDynTabs68Tab0
in E:\xampp\htdocs\hvlv\protected\components\Dash.php (305)
in E:\xampp\htdocs\hvlv\protected\views\dash\wid_kprp.php (20)
in E:\xampp\htdocs\hvlv\protected\controllers\DashController.php (45)
2023/10/23 04:01:30 [error] [php] Undefined index: code (E:\xampp\htdocs\hvlv\protected\components\ChooseShipment.php:1944)
Stack trace:
#0 E:\xampp\htdocs\hvlv\protected\commands\azCommand.php(1767): courierCanDelivery()
#1 E:\xampp\htdocs\hvlv\protected\commands\azCommand.php(17): azCommand->courierCanDelivery()
#2 E:\xampp\php\pear\YiiFramework\console\CConsoleCommandRunner.php(71): azCommand->run()
#3 E:\xampp\php\pear\YiiFramework\console\CConsoleApplication.php(92): CConsoleCommandRunner->run()
#4 E:\xampp\php\pear\YiiFramework\base\CApplication.php(185): CConsoleApplication->processRequest()
#5 E:\xampp\php\pear\YiiFramework\yiic.php(33): CConsoleApplication->run()
#6 E:\xampp\htdocs\hvlv\protected\yiic.php(6): require_once()

2023/10/23 04:04:44 [error] [php] Undefined index: code (E:\xampp\htdocs\hvlv\protected\components\ChooseShipment.php:1944)
Stack trace:
#0 E:\xampp\htdocs\hvlv\protected\commands\azCommand.php(1767): courierCanDelivery()
#1 E:\xampp\htdocs\hvlv\protected\commands\azCommand.php(17): azCommand->courierCanDelivery()
#2 E:\xampp\php\pear\YiiFramework\console\CConsoleCommandRunner.php(71): azCommand->run()
#3 E:\xampp\php\pear\YiiFramework\console\CConsoleApplication.php(92): CConsoleCommandRunner->run()
#4 E:\xampp\php\pear\YiiFramework\base\CApplication.php(185): CConsoleApplication->processRequest()
#5 E:\xampp\php\pear\YiiFramework\yiic.php(33): CConsoleApplication->run()
#6 E:\xampp\htdocs\hvlv\protected\yiic.php(6): require_once()

2023/10/23 04:27:07 [error] [php] Undefined index: total (E:\xampp\htdocs\hvlv\protected\components\Dash.php:305)
Stack trace:
#0 E:\xampp\htdocs\hvlv\protected\views\dash\wid_kprp.php(20): Dash->getCargoProcessReport()
#1 E:\xampp\php\pear\YiiFramework\web\CBaseController.php(126): require()
#2 E:\xampp\php\pear\YiiFramework\web\CBaseController.php(95): DashController->renderInternal()
#3 E:\xampp\php\pear\YiiFramework\web\CController.php(872): DashController->renderFile()
#4 E:\xampp\php\pear\YiiFramework\web\CController.php(785): DashController->renderPartial()
#5 E:\xampp\htdocs\hvlv\protected\controllers\DashController.php(45): DashController->render()
#6 E:\xampp\htdocs\hvlv\protected\views\dash\_widget.php(10): DashController->actionWidget()
#7 E:\xampp\php\pear\YiiFramework\web\CBaseController.php(126): require()
#8 E:\xampp\php\pear\YiiFramework\web\CBaseController.php(95): DashController->renderInternal()
#9 E:\xampp\php\pear\YiiFramework\web\CController.php(872): DashController->renderFile()
#10 E:\xampp\php\pear\YiiFramework\web\CController.php(785): DashController->renderPartial()
#11 E:\xampp\htdocs\hvlv\protected\views\dash\index.php(6): DashController->render()
#12 E:\xampp\php\pear\YiiFramework\web\CBaseController.php(126): require()
#13 E:\xampp\php\pear\YiiFramework\web\CBaseController.php(95): DashController->renderInternal()
#14 E:\xampp\php\pear\YiiFramework\web\CController.php(872): DashController->renderFile()
#15 E:\xampp\php\pear\YiiFramework\web\CController.php(785): DashController->renderPartial()
#16 E:\xampp\htdocs\hvlv\protected\controllers\DashController.php(93): DashController->render()
#17 E:\xampp\php\pear\YiiFramework\web\actions\CInlineAction.php(49): DashController->actionIndex()
#18 E:\xampp\php\pear\YiiFramework\web\CController.php(308): CInlineAction->runWithParams()
#19 E:\xampp\php\pear\YiiFramework\web\filters\CFilterChain.php(134): DashController->runAction()
#20 E:\xampp\htdocs\hvlv\protected\components\Controller.php(78): CFilterChain->run()
#21 E:\xampp\php\pear\YiiFramework\web\filters\CInlineFilter.php(58): DashController->filterAccessControl()
#22 E:\xampp\php\pear\YiiFramework\web\filters\CFilterChain.php(131): CInlineFilter->filter()
#23 E:\xampp\htdocs\hvlv\protected\components\Controller.php(84): CFilterChain->run()
#24 E:\xampp\php\pear\YiiFramework\web\filters\CInlineFilter.php(58): DashController->filterAjaxOnly()
#25 E:\xampp\php\pear\YiiFramework\web\filters\CFilterChain.php(131): CInlineFilter->filter()
#26 E:\xampp\php\pear\YiiFramework\web\CController.php(291): CFilterChain->run()
#27 E:\xampp\php\pear\YiiFramework\web\CController.php(265): DashController->runActionWithFilters()
#28 E:\xampp\php\pear\YiiFramework\web\CWebApplication.php(282): DashController->run()
#29 E:\xampp\php\pear\YiiFramework\web\CWebApplication.php(141): CWebApplication->runController()
#30 E:\xampp\php\pear\YiiFramework\base\CApplication.php(185): CWebApplication->processRequest()
#31 E:\xampp\htdocs\hvlv\index.php(14): CWebApplication->run()
REQUEST_URI=/hvlv/dash.app?&tabid=jqDynTabs54Tab0
in E:\xampp\htdocs\hvlv\protected\components\Dash.php (305)
in E:\xampp\htdocs\hvlv\protected\views\dash\wid_kprp.php (20)
in E:\xampp\htdocs\hvlv\protected\controllers\DashController.php (45)
2023/10/23 04:40:08 [error] [php] Undefined index: total (E:\xampp\htdocs\hvlv\protected\components\Dash.php:305)
Stack trace:
#0 E:\xampp\htdocs\hvlv\protected\views\dash\wid_kprp.php(20): Dash->getCargoProcessReport()
#1 E:\xampp\php\pear\YiiFramework\web\CBaseController.php(126): require()
#2 E:\xampp\php\pear\YiiFramework\web\CBaseController.php(95): DashController->renderInternal()
#3 E:\xampp\php\pear\YiiFramework\web\CController.php(872): DashController->renderFile()
#4 E:\xampp\php\pear\YiiFramework\web\CController.php(785): DashController->renderPartial()
#5 E:\xampp\htdocs\hvlv\protected\controllers\DashController.php(45): DashController->render()
#6 E:\xampp\htdocs\hvlv\protected\views\dash\_widget.php(10): DashController->actionWidget()
#7 E:\xampp\php\pear\YiiFramework\web\CBaseController.php(126): require()
#8 E:\xampp\php\pear\YiiFramework\web\CBaseController.php(95): DashController->renderInternal()
#9 E:\xampp\php\pear\YiiFramework\web\CController.php(872): DashController->renderFile()
#10 E:\xampp\php\pear\YiiFramework\web\CController.php(785): DashController->renderPartial()
#11 E:\xampp\htdocs\hvlv\protected\views\dash\index.php(6): DashController->render()
#12 E:\xampp\php\pear\YiiFramework\web\CBaseController.php(126): require()
#13 E:\xampp\php\pear\YiiFramework\web\CBaseController.php(95): DashController->renderInternal()
#14 E:\xampp\php\pear\YiiFramework\web\CController.php(872): DashController->renderFile()
#15 E:\xampp\php\pear\YiiFramework\web\CController.php(785): DashController->renderPartial()
#16 E:\xampp\htdocs\hvlv\protected\controllers\DashController.php(93): DashController->render()
#17 E:\xampp\php\pear\YiiFramework\web\actions\CInlineAction.php(49): DashController->actionIndex()
#18 E:\xampp\php\pear\YiiFramework\web\CController.php(308): CInlineAction->runWithParams()
#19 E:\xampp\php\pear\YiiFramework\web\filters\CFilterChain.php(134): DashController->runAction()
#20 E:\xampp\htdocs\hvlv\protected\components\Controller.php(78): CFilterChain->run()
#21 E:\xampp\php\pear\YiiFramework\web\filters\CInlineFilter.php(58): DashController->filterAccessControl()
#22 E:\xampp\php\pear\YiiFramework\web\filters\CFilterChain.php(131): CInlineFilter->filter()
#23 E:\xampp\htdocs\hvlv\protected\components\Controller.php(84): CFilterChain->run()
#24 E:\xampp\php\pear\YiiFramework\web\filters\CInlineFilter.php(58): DashController->filterAjaxOnly()
#25 E:\xampp\php\pear\YiiFramework\web\filters\CFilterChain.php(131): CInlineFilter->filter()
#26 E:\xampp\php\pear\YiiFramework\web\CController.php(291): CFilterChain->run()
#27 E:\xampp\php\pear\YiiFramework\web\CController.php(265): DashController->runActionWithFilters()
#28 E:\xampp\php\pear\YiiFramework\web\CWebApplication.php(282): DashController->run()
#29 E:\xampp\php\pear\YiiFramework\web\CWebApplication.php(141): CWebApplication->runController()
#30 E:\xampp\php\pear\YiiFramework\base\CApplication.php(185): CWebApplication->processRequest()
#31 E:\xampp\htdocs\hvlv\index.php(14): CWebApplication->run()
REQUEST_URI=/hvlv/dash.app?&tabid=jqDynTabs43Tab0
in E:\xampp\htdocs\hvlv\protected\components\Dash.php (305)
in E:\xampp\htdocs\hvlv\protected\views\dash\wid_kprp.php (20)
in E:\xampp\htdocs\hvlv\protected\controllers\DashController.php (45)
2023/10/23 04:40:18 [error] [php] Undefined index: total (E:\xampp\htdocs\hvlv\protected\components\Dash.php:305)
Stack trace:
#0 E:\xampp\htdocs\hvlv\protected\views\dash\wid_kprp.php(20): Dash->getCargoProcessReport()
#1 E:\xampp\php\pear\YiiFramework\web\CBaseController.php(126): require()
#2 E:\xampp\php\pear\YiiFramework\web\CBaseController.php(95): DashController->renderInternal()
#3 E:\xampp\php\pear\YiiFramework\web\CController.php(872): DashController->renderFile()
#4 E:\xampp\php\pear\YiiFramework\web\CController.php(785): DashController->renderPartial()
#5 E:\xampp\htdocs\hvlv\protected\controllers\DashController.php(45): DashController->render()
#6 E:\xampp\htdocs\hvlv\protected\views\dash\_widget.php(10): DashController->actionWidget()
#7 E:\xampp\php\pear\YiiFramework\web\CBaseController.php(126): require()
#8 E:\xampp\php\pear\YiiFramework\web\CBaseController.php(95): DashController->renderInternal()
#9 E:\xampp\php\pear\YiiFramework\web\CController.php(872): DashController->renderFile()
#10 E:\xampp\php\pear\YiiFramework\web\CController.php(785): DashController->renderPartial()
#11 E:\xampp\htdocs\hvlv\protected\views\dash\index.php(6): DashController->render()
#12 E:\xampp\php\pear\YiiFramework\web\CBaseController.php(126): require()
#13 E:\xampp\php\pear\YiiFramework\web\CBaseController.php(95): DashController->renderInternal()
#14 E:\xampp\php\pear\YiiFramework\web\CController.php(872): DashController->renderFile()
#15 E:\xampp\php\pear\YiiFramework\web\CController.php(785): DashController->renderPartial()
#16 E:\xampp\htdocs\hvlv\protected\controllers\DashController.php(93): DashController->render()
#17 E:\xampp\php\pear\YiiFramework\web\actions\CInlineAction.php(49): DashController->actionIndex()
#18 E:\xampp\php\pear\YiiFramework\web\CController.php(308): CInlineAction->runWithParams()
#19 E:\xampp\php\pear\YiiFramework\web\filters\CFilterChain.php(134): DashController->runAction()
#20 E:\xampp\htdocs\hvlv\protected\components\Controller.php(78): CFilterChain->run()
#21 E:\xampp\php\pear\YiiFramework\web\filters\CInlineFilter.php(58): DashController->filterAccessControl()
#22 E:\xampp\php\pear\YiiFramework\web\filters\CFilterChain.php(131): CInlineFilter->filter()
#23 E:\xampp\htdocs\hvlv\protected\components\Controller.php(84): CFilterChain->run()
#24 E:\xampp\php\pear\YiiFramework\web\filters\CInlineFilter.php(58): DashController->filterAjaxOnly()
#25 E:\xampp\php\pear\YiiFramework\web\filters\CFilterChain.php(131): CInlineFilter->filter()
#26 E:\xampp\php\pear\YiiFramework\web\CController.php(291): CFilterChain->run()
#27 E:\xampp\php\pear\YiiFramework\web\CController.php(265): DashController->runActionWithFilters()
#28 E:\xampp\php\pear\YiiFramework\web\CWebApplication.php(282): DashController->run()
#29 E:\xampp\php\pear\YiiFramework\web\CWebApplication.php(141): CWebApplication->runController()
#30 E:\xampp\php\pear\YiiFramework\base\CApplication.php(185): CWebApplication->processRequest()
#31 E:\xampp\htdocs\hvlv\index.php(14): CWebApplication->run()
REQUEST_URI=/hvlv/dash.app?&tabid=jqDynTabs23Tab0
in E:\xampp\htdocs\hvlv\protected\components\Dash.php (305)
in E:\xampp\htdocs\hvlv\protected\views\dash\wid_kprp.php (20)
in E:\xampp\htdocs\hvlv\protected\controllers\DashController.php (45)
2023/10/23 04:44:56 [warning] [application] Failed to set unsafe attribute "pbn" of "ImParcel".
in E:\xampp\htdocs\hvlv\protected\controllers\ImParcelController.php (450)
in E:\xampp\htdocs\hvlv\protected\components\Controller.php (78)
in E:\xampp\htdocs\hvlv\protected\components\Controller.php (84)
2023/10/23 05:24:19 [error] [php] Undefined index: total (E:\xampp\htdocs\hvlv\protected\components\Dash.php:305)
Stack trace:
#0 E:\xampp\htdocs\hvlv\protected\views\dash\wid_kprp.php(20): Dash->getCargoProcessReport()
#1 E:\xampp\php\pear\YiiFramework\web\CBaseController.php(126): require()
#2 E:\xampp\php\pear\YiiFramework\web\CBaseController.php(95): DashController->renderInternal()
#3 E:\xampp\php\pear\YiiFramework\web\CController.php(872): DashController->renderFile()
#4 E:\xampp\php\pear\YiiFramework\web\CController.php(785): DashController->renderPartial()
#5 E:\xampp\htdocs\hvlv\protected\controllers\DashController.php(45): DashController->render()
#6 E:\xampp\htdocs\hvlv\protected\views\dash\_widget.php(10): DashController->actionWidget()
#7 E:\xampp\php\pear\YiiFramework\web\CBaseController.php(126): require()
#8 E:\xampp\php\pear\YiiFramework\web\CBaseController.php(95): DashController->renderInternal()
#9 E:\xampp\php\pear\YiiFramework\web\CController.php(872): DashController->renderFile()
#10 E:\xampp\php\pear\YiiFramework\web\CController.php(785): DashController->renderPartial()
#11 E:\xampp\htdocs\hvlv\protected\views\dash\index.php(6): DashController->render()
#12 E:\xampp\php\pear\YiiFramework\web\CBaseController.php(126): require()
#13 E:\xampp\php\pear\YiiFramework\web\CBaseController.php(95): DashController->renderInternal()
#14 E:\xampp\php\pear\YiiFramework\web\CController.php(872): DashController->renderFile()
#15 E:\xampp\php\pear\YiiFramework\web\CController.php(785): DashController->renderPartial()
#16 E:\xampp\htdocs\hvlv\protected\controllers\DashController.php(93): DashController->render()
#17 E:\xampp\php\pear\YiiFramework\web\actions\CInlineAction.php(49): DashController->actionIndex()
#18 E:\xampp\php\pear\YiiFramework\web\CController.php(308): CInlineAction->runWithParams()
#19 E:\xampp\php\pear\YiiFramework\web\filters\CFilterChain.php(134): DashController->runAction()
#20 E:\xampp\htdocs\hvlv\protected\components\Controller.php(78): CFilterChain->run()
#21 E:\xampp\php\pear\YiiFramework\web\filters\CInlineFilter.php(58): DashController->filterAccessControl()
#22 E:\xampp\php\pear\YiiFramework\web\filters\CFilterChain.php(131): CInlineFilter->filter()
#23 E:\xampp\htdocs\hvlv\protected\components\Controller.php(84): CFilterChain->run()
#24 E:\xampp\php\pear\YiiFramework\web\filters\CInlineFilter.php(58): DashController->filterAjaxOnly()
#25 E:\xampp\php\pear\YiiFramework\web\filters\CFilterChain.php(131): CInlineFilter->filter()
#26 E:\xampp\php\pear\YiiFramework\web\CController.php(291): CFilterChain->run()
#27 E:\xampp\php\pear\YiiFramework\web\CController.php(265): DashController->runActionWithFilters()
#28 E:\xampp\php\pear\YiiFramework\web\CWebApplication.php(282): DashController->run()
#29 E:\xampp\php\pear\YiiFramework\web\CWebApplication.php(141): CWebApplication->runController()
#30 E:\xampp\php\pear\YiiFramework\base\CApplication.php(185): CWebApplication->processRequest()
#31 E:\xampp\htdocs\hvlv\index.php(14): CWebApplication->run()
REQUEST_URI=/hvlv/dash.app?&tabid=jqDynTabs15Tab0
in E:\xampp\htdocs\hvlv\protected\components\Dash.php (305)
in E:\xampp\htdocs\hvlv\protected\views\dash\wid_kprp.php (20)
in E:\xampp\htdocs\hvlv\protected\controllers\DashController.php (45)
2023/10/23 05:30:33 [error] [system.db.CDbCommand] CDbCommand::execute() failed: SQLSTATE[23000]: Integrity constraint violation: 1062 Duplicate entry 'a66b9fa83c1e6768996f6afaa4aec02e' for key 'PRIMARY'. The SQL statement executed was: INSERT INTO YiiCache (id,expire,value) VALUES ('a66b9fa83c1e6768996f6afaa4aec02e',1698039033,:value).
in E:\xampp\htdocs\hvlv\protected\services\Service.php (222)
in E:\xampp\htdocs\hvlv\protected\components\Controller.php (67)
in E:\xampp\htdocs\hvlv\protected\components\Controller.php (84)
2023/10/23 05:30:34 [error] [php] Undefined index: total (E:\xampp\htdocs\hvlv\protected\components\Dash.php:305)
Stack trace:
#0 E:\xampp\htdocs\hvlv\protected\views\dash\wid_kprp.php(20): Dash->getCargoProcessReport()
#1 E:\xampp\php\pear\YiiFramework\web\CBaseController.php(126): require()
#2 E:\xampp\php\pear\YiiFramework\web\CBaseController.php(95): DashController->renderInternal()
#3 E:\xampp\php\pear\YiiFramework\web\CController.php(872): DashController->renderFile()
#4 E:\xampp\php\pear\YiiFramework\web\CController.php(785): DashController->renderPartial()
#5 E:\xampp\htdocs\hvlv\protected\controllers\DashController.php(45): DashController->render()
#6 E:\xampp\htdocs\hvlv\protected\views\dash\_widget.php(10): DashController->actionWidget()
#7 E:\xampp\php\pear\YiiFramework\web\CBaseController.php(126): require()
#8 E:\xampp\php\pear\YiiFramework\web\CBaseController.php(95): DashController->renderInternal()
#9 E:\xampp\php\pear\YiiFramework\web\CController.php(872): DashController->renderFile()
#10 E:\xampp\php\pear\YiiFramework\web\CController.php(785): DashController->renderPartial()
#11 E:\xampp\htdocs\hvlv\protected\views\dash\index.php(6): DashController->render()
#12 E:\xampp\php\pear\YiiFramework\web\CBaseController.php(126): require()
#13 E:\xampp\php\pear\YiiFramework\web\CBaseController.php(95): DashController->renderInternal()
#14 E:\xampp\php\pear\YiiFramework\web\CController.php(872): DashController->renderFile()
#15 E:\xampp\php\pear\YiiFramework\web\CController.php(785): DashController->renderPartial()
#16 E:\xampp\htdocs\hvlv\protected\controllers\DashController.php(93): DashController->render()
#17 E:\xampp\php\pear\YiiFramework\web\actions\CInlineAction.php(49): DashController->actionIndex()
#18 E:\xampp\php\pear\YiiFramework\web\CController.php(308): CInlineAction->runWithParams()
#19 E:\xampp\php\pear\YiiFramework\web\filters\CFilterChain.php(134): DashController->runAction()
#20 E:\xampp\htdocs\hvlv\protected\components\Controller.php(78): CFilterChain->run()
#21 E:\xampp\php\pear\YiiFramework\web\filters\CInlineFilter.php(58): DashController->filterAccessControl()
#22 E:\xampp\php\pear\YiiFramework\web\filters\CFilterChain.php(131): CInlineFilter->filter()
#23 E:\xampp\htdocs\hvlv\protected\components\Controller.php(84): CFilterChain->run()
#24 E:\xampp\php\pear\YiiFramework\web\filters\CInlineFilter.php(58): DashController->filterAjaxOnly()
#25 E:\xampp\php\pear\YiiFramework\web\filters\CFilterChain.php(131): CInlineFilter->filter()
#26 E:\xampp\php\pear\YiiFramework\web\CController.php(291): CFilterChain->run()
#27 E:\xampp\php\pear\YiiFramework\web\CController.php(265): DashController->runActionWithFilters()
#28 E:\xampp\php\pear\YiiFramework\web\CWebApplication.php(282): DashController->run()
#29 E:\xampp\php\pear\YiiFramework\web\CWebApplication.php(141): CWebApplication->runController()
#30 E:\xampp\php\pear\YiiFramework\base\CApplication.php(185): CWebApplication->processRequest()
#31 E:\xampp\htdocs\hvlv\index.php(14): CWebApplication->run()
REQUEST_URI=/hvlv/dash.app?&tabid=jqDynTabs67Tab1
in E:\xampp\htdocs\hvlv\protected\components\Dash.php (305)
in E:\xampp\htdocs\hvlv\protected\views\dash\wid_kprp.php (20)
in E:\xampp\htdocs\hvlv\protected\controllers\DashController.php (45)
2023/10/23 05:30:36 [error] [php] Undefined index: total (E:\xampp\htdocs\hvlv\protected\components\Dash.php:305)
Stack trace:
#0 E:\xampp\htdocs\hvlv\protected\views\dash\wid_kprp.php(20): Dash->getCargoProcessReport()
#1 E:\xampp\php\pear\YiiFramework\web\CBaseController.php(126): require()
#2 E:\xampp\php\pear\YiiFramework\web\CBaseController.php(95): DashController->renderInternal()
#3 E:\xampp\php\pear\YiiFramework\web\CController.php(872): DashController->renderFile()
#4 E:\xampp\php\pear\YiiFramework\web\CController.php(785): DashController->renderPartial()
#5 E:\xampp\htdocs\hvlv\protected\controllers\DashController.php(45): DashController->render()
#6 E:\xampp\htdocs\hvlv\protected\views\dash\_widget.php(10): DashController->actionWidget()
#7 E:\xampp\php\pear\YiiFramework\web\CBaseController.php(126): require()
#8 E:\xampp\php\pear\YiiFramework\web\CBaseController.php(95): DashController->renderInternal()
#9 E:\xampp\php\pear\YiiFramework\web\CController.php(872): DashController->renderFile()
#10 E:\xampp\php\pear\YiiFramework\web\CController.php(785): DashController->renderPartial()
#11 E:\xampp\htdocs\hvlv\protected\views\dash\index.php(6): DashController->render()
#12 E:\xampp\php\pear\YiiFramework\web\CBaseController.php(126): require()
#13 E:\xampp\php\pear\YiiFramework\web\CBaseController.php(95): DashController->renderInternal()
#14 E:\xampp\php\pear\YiiFramework\web\CController.php(872): DashController->renderFile()
#15 E:\xampp\php\pear\YiiFramework\web\CController.php(785): DashController->renderPartial()
#16 E:\xampp\htdocs\hvlv\protected\controllers\DashController.php(93): DashController->render()
#17 E:\xampp\php\pear\YiiFramework\web\actions\CInlineAction.php(49): DashController->actionIndex()
#18 E:\xampp\php\pear\YiiFramework\web\CController.php(308): CInlineAction->runWithParams()
#19 E:\xampp\php\pear\YiiFramework\web\filters\CFilterChain.php(134): DashController->runAction()
#20 E:\xampp\htdocs\hvlv\protected\components\Controller.php(78): CFilterChain->run()
#21 E:\xampp\php\pear\YiiFramework\web\filters\CInlineFilter.php(58): DashController->filterAccessControl()
#22 E:\xampp\php\pear\YiiFramework\web\filters\CFilterChain.php(131): CInlineFilter->filter()
#23 E:\xampp\htdocs\hvlv\protected\components\Controller.php(84): CFilterChain->run()
#24 E:\xampp\php\pear\YiiFramework\web\filters\CInlineFilter.php(58): DashController->filterAjaxOnly()
#25 E:\xampp\php\pear\YiiFramework\web\filters\CFilterChain.php(131): CInlineFilter->filter()
#26 E:\xampp\php\pear\YiiFramework\web\CController.php(291): CFilterChain->run()
#27 E:\xampp\php\pear\YiiFramework\web\CController.php(265): DashController->runActionWithFilters()
#28 E:\xampp\php\pear\YiiFramework\web\CWebApplication.php(282): DashController->run()
#29 E:\xampp\php\pear\YiiFramework\web\CWebApplication.php(141): CWebApplication->runController()
#30 E:\xampp\php\pear\YiiFramework\base\CApplication.php(185): CWebApplication->processRequest()
#31 E:\xampp\htdocs\hvlv\index.php(14): CWebApplication->run()
REQUEST_URI=/hvlv/dash.app?&tabid=jqDynTabs82Tab1
in E:\xampp\htdocs\hvlv\protected\components\Dash.php (305)
in E:\xampp\htdocs\hvlv\protected\views\dash\wid_kprp.php (20)
in E:\xampp\htdocs\hvlv\protected\controllers\DashController.php (45)
2023/10/23 05:31:54 [warning] [application] Failed to set unsafe attribute "pbn" of "ImParcel".
in E:\xampp\htdocs\hvlv\protected\controllers\ImParcelController.php (450)
in E:\xampp\htdocs\hvlv\protected\components\Controller.php (78)
in E:\xampp\htdocs\hvlv\protected\components\Controller.php (84)
2023/10/23 05:40:49 [warning] [application] Failed to set unsafe attribute "pbn" of "ImParcel".
in E:\xampp\htdocs\hvlv\protected\controllers\ImParcelController.php (450)
in E:\xampp\htdocs\hvlv\protected\components\Controller.php (78)
in E:\xampp\htdocs\hvlv\protected\components\Controller.php (84)
2023/10/23 07:19:58 [error] [php] Undefined index: code (E:\xampp\htdocs\hvlv\protected\components\ChooseShipment.php:1977)
Stack trace:
#0 E:\xampp\htdocs\hvlv\protected\commands\azCommand.php(1767): courierCanDelivery()
#1 E:\xampp\htdocs\hvlv\protected\commands\azCommand.php(17): azCommand->courierCanDelivery()
#2 E:\xampp\php\pear\YiiFramework\console\CConsoleCommandRunner.php(71): azCommand->run()
#3 E:\xampp\php\pear\YiiFramework\console\CConsoleApplication.php(92): CConsoleCommandRunner->run()
#4 E:\xampp\php\pear\YiiFramework\base\CApplication.php(185): CConsoleApplication->processRequest()
#5 E:\xampp\php\pear\YiiFramework\yiic.php(33): CConsoleApplication->run()
#6 E:\xampp\htdocs\hvlv\protected\yiic.php(6): require_once()

2023/10/23 07:21:09 [error] [php] Undefined index: total (E:\xampp\htdocs\hvlv\protected\components\Dash.php:305)
Stack trace:
#0 E:\xampp\htdocs\hvlv\protected\views\dash\wid_kprp.php(20): Dash->getCargoProcessReport()
#1 E:\xampp\php\pear\YiiFramework\web\CBaseController.php(126): require()
#2 E:\xampp\php\pear\YiiFramework\web\CBaseController.php(95): DashController->renderInternal()
#3 E:\xampp\php\pear\YiiFramework\web\CController.php(872): DashController->renderFile()
#4 E:\xampp\php\pear\YiiFramework\web\CController.php(785): DashController->renderPartial()
#5 E:\xampp\htdocs\hvlv\protected\controllers\DashController.php(45): DashController->render()
#6 E:\xampp\htdocs\hvlv\protected\views\dash\_widget.php(10): DashController->actionWidget()
#7 E:\xampp\php\pear\YiiFramework\web\CBaseController.php(126): require()
#8 E:\xampp\php\pear\YiiFramework\web\CBaseController.php(95): DashController->renderInternal()
#9 E:\xampp\php\pear\YiiFramework\web\CController.php(872): DashController->renderFile()
#10 E:\xampp\php\pear\YiiFramework\web\CController.php(785): DashController->renderPartial()
#11 E:\xampp\htdocs\hvlv\protected\views\dash\index.php(6): DashController->render()
#12 E:\xampp\php\pear\YiiFramework\web\CBaseController.php(126): require()
#13 E:\xampp\php\pear\YiiFramework\web\CBaseController.php(95): DashController->renderInternal()
#14 E:\xampp\php\pear\YiiFramework\web\CController.php(872): DashController->renderFile()
#15 E:\xampp\php\pear\YiiFramework\web\CController.php(785): DashController->renderPartial()
#16 E:\xampp\htdocs\hvlv\protected\controllers\DashController.php(93): DashController->render()
#17 E:\xampp\php\pear\YiiFramework\web\actions\CInlineAction.php(49): DashController->actionIndex()
#18 E:\xampp\php\pear\YiiFramework\web\CController.php(308): CInlineAction->runWithParams()
#19 E:\xampp\php\pear\YiiFramework\web\filters\CFilterChain.php(134): DashController->runAction()
#20 E:\xampp\htdocs\hvlv\protected\components\Controller.php(78): CFilterChain->run()
#21 E:\xampp\php\pear\YiiFramework\web\filters\CInlineFilter.php(58): DashController->filterAccessControl()
#22 E:\xampp\php\pear\YiiFramework\web\filters\CFilterChain.php(131): CInlineFilter->filter()
#23 E:\xampp\htdocs\hvlv\protected\components\Controller.php(84): CFilterChain->run()
#24 E:\xampp\php\pear\YiiFramework\web\filters\CInlineFilter.php(58): DashController->filterAjaxOnly()
#25 E:\xampp\php\pear\YiiFramework\web\filters\CFilterChain.php(131): CInlineFilter->filter()
#26 E:\xampp\php\pear\YiiFramework\web\CController.php(291): CFilterChain->run()
#27 E:\xampp\php\pear\YiiFramework\web\CController.php(265): DashController->runActionWithFilters()
#28 E:\xampp\php\pear\YiiFramework\web\CWebApplication.php(282): DashController->run()
#29 E:\xampp\php\pear\YiiFramework\web\CWebApplication.php(141): CWebApplication->runController()
#30 E:\xampp\php\pear\YiiFramework\base\CApplication.php(185): CWebApplication->processRequest()
#31 E:\xampp\htdocs\hvlv\index.php(14): CWebApplication->run()
REQUEST_URI=/hvlv/dash.app?&tabid=jqDynTabs43Tab2
in E:\xampp\htdocs\hvlv\protected\components\Dash.php (305)
in E:\xampp\htdocs\hvlv\protected\views\dash\wid_kprp.php (20)
in E:\xampp\htdocs\hvlv\protected\controllers\DashController.php (45)
2023/10/23 08:36:29 [error] [php] Undefined index: total (E:\xampp\htdocs\hvlv\protected\components\Dash.php:305)
Stack trace:
#0 E:\xampp\htdocs\hvlv\protected\views\dash\wid_kprp.php(20): Dash->getCargoProcessReport()
#1 E:\xampp\php\pear\YiiFramework\web\CBaseController.php(126): require()
#2 E:\xampp\php\pear\YiiFramework\web\CBaseController.php(95): DashController->renderInternal()
#3 E:\xampp\php\pear\YiiFramework\web\CController.php(872): DashController->renderFile()
#4 E:\xampp\php\pear\YiiFramework\web\CController.php(785): DashController->renderPartial()
#5 E:\xampp\htdocs\hvlv\protected\controllers\DashController.php(45): DashController->render()
#6 E:\xampp\htdocs\hvlv\protected\views\dash\_widget.php(10): DashController->actionWidget()
#7 E:\xampp\php\pear\YiiFramework\web\CBaseController.php(126): require()
#8 E:\xampp\php\pear\YiiFramework\web\CBaseController.php(95): DashController->renderInternal()
#9 E:\xampp\php\pear\YiiFramework\web\CController.php(872): DashController->renderFile()
#10 E:\xampp\php\pear\YiiFramework\web\CController.php(785): DashController->renderPartial()
#11 E:\xampp\htdocs\hvlv\protected\views\dash\index.php(6): DashController->render()
#12 E:\xampp\php\pear\YiiFramework\web\CBaseController.php(126): require()
#13 E:\xampp\php\pear\YiiFramework\web\CBaseController.php(95): DashController->renderInternal()
#14 E:\xampp\php\pear\YiiFramework\web\CController.php(872): DashController->renderFile()
#15 E:\xampp\php\pear\YiiFramework\web\CController.php(785): DashController->renderPartial()
#16 E:\xampp\htdocs\hvlv\protected\controllers\DashController.php(93): DashController->render()
#17 E:\xampp\php\pear\YiiFramework\web\actions\CInlineAction.php(49): DashController->actionIndex()
#18 E:\xampp\php\pear\YiiFramework\web\CController.php(308): CInlineAction->runWithParams()
#19 E:\xampp\php\pear\YiiFramework\web\filters\CFilterChain.php(134): DashController->runAction()
#20 E:\xampp\htdocs\hvlv\protected\components\Controller.php(78): CFilterChain->run()
#21 E:\xampp\php\pear\YiiFramework\web\filters\CInlineFilter.php(58): DashController->filterAccessControl()
#22 E:\xampp\php\pear\YiiFramework\web\filters\CFilterChain.php(131): CInlineFilter->filter()
#23 E:\xampp\htdocs\hvlv\protected\components\Controller.php(84): CFilterChain->run()
#24 E:\xampp\php\pear\YiiFramework\web\filters\CInlineFilter.php(58): DashController->filterAjaxOnly()
#25 E:\xampp\php\pear\YiiFramework\web\filters\CFilterChain.php(131): CInlineFilter->filter()
#26 E:\xampp\php\pear\YiiFramework\web\CController.php(291): CFilterChain->run()
#27 E:\xampp\php\pear\YiiFramework\web\CController.php(265): DashController->runActionWithFilters()
#28 E:\xampp\php\pear\YiiFramework\web\CWebApplication.php(282): DashController->run()
#29 E:\xampp\php\pear\YiiFramework\web\CWebApplication.php(141): CWebApplication->runController()
#30 E:\xampp\php\pear\YiiFramework\base\CApplication.php(185): CWebApplication->processRequest()
#31 E:\xampp\htdocs\hvlv\index.php(14): CWebApplication->run()
REQUEST_URI=/hvlv/dash.app?&tabid=jqDynTabs73Tab0
in E:\xampp\htdocs\hvlv\protected\components\Dash.php (305)
in E:\xampp\htdocs\hvlv\protected\views\dash\wid_kprp.php (20)
in E:\xampp\htdocs\hvlv\protected\controllers\DashController.php (45)
2023/10/23 08:36:41 [error] [php] Undefined index: total (E:\xampp\htdocs\hvlv\protected\components\Dash.php:305)
Stack trace:
#0 E:\xampp\htdocs\hvlv\protected\views\dash\wid_kprp.php(20): Dash->getCargoProcessReport()
#1 E:\xampp\php\pear\YiiFramework\web\CBaseController.php(126): require()
#2 E:\xampp\php\pear\YiiFramework\web\CBaseController.php(95): DashController->renderInternal()
#3 E:\xampp\php\pear\YiiFramework\web\CController.php(872): DashController->renderFile()
#4 E:\xampp\php\pear\YiiFramework\web\CController.php(785): DashController->renderPartial()
#5 E:\xampp\htdocs\hvlv\protected\controllers\DashController.php(45): DashController->render()
#6 E:\xampp\htdocs\hvlv\protected\views\dash\_widget.php(10): DashController->actionWidget()
#7 E:\xampp\php\pear\YiiFramework\web\CBaseController.php(126): require()
#8 E:\xampp\php\pear\YiiFramework\web\CBaseController.php(95): DashController->renderInternal()
#9 E:\xampp\php\pear\YiiFramework\web\CController.php(872): DashController->renderFile()
#10 E:\xampp\php\pear\YiiFramework\web\CController.php(785): DashController->renderPartial()
#11 E:\xampp\htdocs\hvlv\protected\views\dash\index.php(6): DashController->render()
#12 E:\xampp\php\pear\YiiFramework\web\CBaseController.php(126): require()
#13 E:\xampp\php\pear\YiiFramework\web\CBaseController.php(95): DashController->renderInternal()
#14 E:\xampp\php\pear\YiiFramework\web\CController.php(872): DashController->renderFile()
#15 E:\xampp\php\pear\YiiFramework\web\CController.php(785): DashController->renderPartial()
#16 E:\xampp\htdocs\hvlv\protected\controllers\DashController.php(93): DashController->render()
#17 E:\xampp\php\pear\YiiFramework\web\actions\CInlineAction.php(49): DashController->actionIndex()
#18 E:\xampp\php\pear\YiiFramework\web\CController.php(308): CInlineAction->runWithParams()
#19 E:\xampp\php\pear\YiiFramework\web\filters\CFilterChain.php(134): DashController->runAction()
#20 E:\xampp\htdocs\hvlv\protected\components\Controller.php(78): CFilterChain->run()
#21 E:\xampp\php\pear\YiiFramework\web\filters\CInlineFilter.php(58): DashController->filterAccessControl()
#22 E:\xampp\php\pear\YiiFramework\web\filters\CFilterChain.php(131): CInlineFilter->filter()
#23 E:\xampp\htdocs\hvlv\protected\components\Controller.php(84): CFilterChain->run()
#24 E:\xampp\php\pear\YiiFramework\web\filters\CInlineFilter.php(58): DashController->filterAjaxOnly()
#25 E:\xampp\php\pear\YiiFramework\web\filters\CFilterChain.php(131): CInlineFilter->filter()
#26 E:\xampp\php\pear\YiiFramework\web\CController.php(291): CFilterChain->run()
#27 E:\xampp\php\pear\YiiFramework\web\CController.php(265): DashController->runActionWithFilters()
#28 E:\xampp\php\pear\YiiFramework\web\CWebApplication.php(282): DashController->run()
#29 E:\xampp\php\pear\YiiFramework\web\CWebApplication.php(141): CWebApplication->runController()
#30 E:\xampp\php\pear\YiiFramework\base\CApplication.php(185): CWebApplication->processRequest()
#31 E:\xampp\htdocs\hvlv\index.php(14): CWebApplication->run()
REQUEST_URI=/hvlv/dash.app?&tabid=jqDynTabs25Tab1
in E:\xampp\htdocs\hvlv\protected\components\Dash.php (305)
in E:\xampp\htdocs\hvlv\protected\views\dash\wid_kprp.php (20)
in E:\xampp\htdocs\hvlv\protected\controllers\DashController.php (45)
2023/10/23 08:39:56 [warning] [application] Failed to set unsafe attribute "pbn" of "ImParcel".
in E:\xampp\htdocs\hvlv\protected\controllers\ImParcelController.php (450)
in E:\xampp\htdocs\hvlv\protected\components\Controller.php (78)
in E:\xampp\htdocs\hvlv\protected\components\Controller.php (84)
2023/10/23 08:39:56 [warning] [application] Failed to set unsafe attribute "pbn" of "ImParcel".
in E:\xampp\htdocs\hvlv\protected\controllers\ImParcelController.php (450)
in E:\xampp\htdocs\hvlv\protected\components\Controller.php (78)
in E:\xampp\htdocs\hvlv\protected\components\Controller.php (84)
2023/10/23 08:39:57 [warning] [application] Failed to set unsafe attribute "pbn" of "ImParcel".
in E:\xampp\htdocs\hvlv\protected\controllers\ImParcelController.php (450)
in E:\xampp\htdocs\hvlv\protected\components\Controller.php (78)
in E:\xampp\htdocs\hvlv\protected\components\Controller.php (84)
2023/10/23 08:39:57 [warning] [application] Failed to set unsafe attribute "pbn" of "ImParcel".
in E:\xampp\htdocs\hvlv\protected\controllers\ImParcelController.php (450)
in E:\xampp\htdocs\hvlv\protected\components\Controller.php (78)
in E:\xampp\htdocs\hvlv\protected\components\Controller.php (84)
2023/10/23 08:39:58 [warning] [application] Failed to set unsafe attribute "pbn" of "ImParcel".
in E:\xampp\htdocs\hvlv\protected\controllers\ImParcelController.php (450)
in E:\xampp\htdocs\hvlv\protected\components\Controller.php (78)
in E:\xampp\htdocs\hvlv\protected\components\Controller.php (84)
2023/10/23 08:39:58 [warning] [application] Failed to set unsafe attribute "pbn" of "ImParcel".
in E:\xampp\htdocs\hvlv\protected\controllers\ImParcelController.php (450)
in E:\xampp\htdocs\hvlv\protected\components\Controller.php (78)
in E:\xampp\htdocs\hvlv\protected\components\Controller.php (84)
2023/10/23 08:39:58 [warning] [application] Failed to set unsafe attribute "pbn" of "ImParcel".
in E:\xampp\htdocs\hvlv\protected\controllers\ImParcelController.php (450)
in E:\xampp\htdocs\hvlv\protected\components\Controller.php (78)
in E:\xampp\htdocs\hvlv\protected\components\Controller.php (84)
2023/10/23 08:39:59 [warning] [application] Failed to set unsafe attribute "pbn" of "ImParcel".
in E:\xampp\htdocs\hvlv\protected\controllers\ImParcelController.php (450)
in E:\xampp\htdocs\hvlv\protected\components\Controller.php (78)
in E:\xampp\htdocs\hvlv\protected\components\Controller.php (84)
2023/10/23 08:39:59 [warning] [application] Failed to set unsafe attribute "pbn" of "ImParcel".
in E:\xampp\htdocs\hvlv\protected\controllers\ImParcelController.php (450)
in E:\xampp\htdocs\hvlv\protected\components\Controller.php (78)
in E:\xampp\htdocs\hvlv\protected\components\Controller.php (84)
2023/10/23 08:40:00 [warning] [application] Failed to set unsafe attribute "pbn" of "ImParcel".
in E:\xampp\htdocs\hvlv\protected\controllers\ImParcelController.php (450)
in E:\xampp\htdocs\hvlv\protected\components\Controller.php (78)
in E:\xampp\htdocs\hvlv\protected\components\Controller.php (84)
2023/10/23 08:40:00 [warning] [application] Failed to set unsafe attribute "pbn" of "ImParcel".
in E:\xampp\htdocs\hvlv\protected\controllers\ImParcelController.php (450)
in E:\xampp\htdocs\hvlv\protected\components\Controller.php (78)
in E:\xampp\htdocs\hvlv\protected\components\Controller.php (84)
2023/10/23 08:40:01 [warning] [application] Failed to set unsafe attribute "pbn" of "ImParcel".
in E:\xampp\htdocs\hvlv\protected\controllers\ImParcelController.php (450)
in E:\xampp\htdocs\hvlv\protected\components\Controller.php (78)
in E:\xampp\htdocs\hvlv\protected\components\Controller.php (84)
2023/10/23 08:40:01 [warning] [application] Failed to set unsafe attribute "pbn" of "ImParcel".
in E:\xampp\htdocs\hvlv\protected\controllers\ImParcelController.php (450)
in E:\xampp\htdocs\hvlv\protected\components\Controller.php (78)
in E:\xampp\htdocs\hvlv\protected\components\Controller.php (84)
2023/10/23 08:40:02 [warning] [application] Failed to set unsafe attribute "pbn" of "ImParcel".
in E:\xampp\htdocs\hvlv\protected\controllers\ImParcelController.php (450)
in E:\xampp\htdocs\hvlv\protected\components\Controller.php (78)
in E:\xampp\htdocs\hvlv\protected\components\Controller.php (84)
2023/10/23 08:40:02 [warning] [application] Failed to set unsafe attribute "pbn" of "ImParcel".
in E:\xampp\htdocs\hvlv\protected\controllers\ImParcelController.php (450)
in E:\xampp\htdocs\hvlv\protected\components\Controller.php (78)
in E:\xampp\htdocs\hvlv\protected\components\Controller.php (84)
2023/10/23 08:40:02 [warning] [application] Failed to set unsafe attribute "pbn" of "ImParcel".
in E:\xampp\htdocs\hvlv\protected\controllers\ImParcelController.php (450)
in E:\xampp\htdocs\hvlv\protected\components\Controller.php (78)
in E:\xampp\htdocs\hvlv\protected\components\Controller.php (84)
2023/10/23 08:40:03 [warning] [application] Failed to set unsafe attribute "pbn" of "ImParcel".
in E:\xampp\htdocs\hvlv\protected\controllers\ImParcelController.php (450)
in E:\xampp\htdocs\hvlv\protected\components\Controller.php (78)
in E:\xampp\htdocs\hvlv\protected\components\Controller.php (84)
2023/10/23 08:40:03 [warning] [application] Failed to set unsafe attribute "pbn" of "ImParcel".
in E:\xampp\htdocs\hvlv\protected\controllers\ImParcelController.php (450)
in E:\xampp\htdocs\hvlv\protected\components\Controller.php (78)
in E:\xampp\htdocs\hvlv\protected\components\Controller.php (84)
2023/10/23 08:40:04 [warning] [application] Failed to set unsafe attribute "pbn" of "ImParcel".
in E:\xampp\htdocs\hvlv\protected\controllers\ImParcelController.php (450)
in E:\xampp\htdocs\hvlv\protected\components\Controller.php (78)
in E:\xampp\htdocs\hvlv\protected\components\Controller.php (84)
2023/10/23 08:40:04 [warning] [application] Failed to set unsafe attribute "pbn" of "ImParcel".
in E:\xampp\htdocs\hvlv\protected\controllers\ImParcelController.php (450)
in E:\xampp\htdocs\hvlv\protected\components\Controller.php (78)
in E:\xampp\htdocs\hvlv\protected\components\Controller.php (84)
2023/10/23 08:40:05 [warning] [application] Failed to set unsafe attribute "pbn" of "ImParcel".
in E:\xampp\htdocs\hvlv\protected\controllers\ImParcelController.php (450)
in E:\xampp\htdocs\hvlv\protected\components\Controller.php (78)
in E:\xampp\htdocs\hvlv\protected\components\Controller.php (84)
2023/10/23 08:40:05 [warning] [application] Failed to set unsafe attribute "pbn" of "ImParcel".
in E:\xampp\htdocs\hvlv\protected\controllers\ImParcelController.php (450)
in E:\xampp\htdocs\hvlv\protected\components\Controller.php (78)
in E:\xampp\htdocs\hvlv\protected\components\Controller.php (84)
2023/10/23 08:40:05 [warning] [application] Failed to set unsafe attribute "pbn" of "ImParcel".
in E:\xampp\htdocs\hvlv\protected\controllers\ImParcelController.php (450)
in E:\xampp\htdocs\hvlv\protected\components\Controller.php (78)
in E:\xampp\htdocs\hvlv\protected\components\Controller.php (84)
2023/10/23 08:40:06 [warning] [application] Failed to set unsafe attribute "pbn" of "ImParcel".
in E:\xampp\htdocs\hvlv\protected\controllers\ImParcelController.php (450)
in E:\xampp\htdocs\hvlv\protected\components\Controller.php (78)
in E:\xampp\htdocs\hvlv\protected\components\Controller.php (84)
2023/10/23 08:40:06 [warning] [application] Failed to set unsafe attribute "pbn" of "ImParcel".
in E:\xampp\htdocs\hvlv\protected\controllers\ImParcelController.php (450)
in E:\xampp\htdocs\hvlv\protected\components\Controller.php (78)
in E:\xampp\htdocs\hvlv\protected\components\Controller.php (84)
2023/10/23 08:40:07 [warning] [application] Failed to set unsafe attribute "pbn" of "ImParcel".
in E:\xampp\htdocs\hvlv\protected\controllers\ImParcelController.php (450)
in E:\xampp\htdocs\hvlv\protected\components\Controller.php (78)
in E:\xampp\htdocs\hvlv\protected\components\Controller.php (84)
2023/10/23 08:40:07 [warning] [application] Failed to set unsafe attribute "pbn" of "ImParcel".
in E:\xampp\htdocs\hvlv\protected\controllers\ImParcelController.php (450)
in E:\xampp\htdocs\hvlv\protected\components\Controller.php (78)
in E:\xampp\htdocs\hvlv\protected\components\Controller.php (84)
2023/10/23 08:40:08 [warning] [application] Failed to set unsafe attribute "pbn" of "ImParcel".
in E:\xampp\htdocs\hvlv\protected\controllers\ImParcelController.php (450)
in E:\xampp\htdocs\hvlv\protected\components\Controller.php (78)
in E:\xampp\htdocs\hvlv\protected\components\Controller.php (84)
2023/10/23 08:40:08 [warning] [application] Failed to set unsafe attribute "pbn" of "ImParcel".
in E:\xampp\htdocs\hvlv\protected\controllers\ImParcelController.php (450)
in E:\xampp\htdocs\hvlv\protected\components\Controller.php (78)
in E:\xampp\htdocs\hvlv\protected\components\Controller.php (84)
2023/10/23 08:40:08 [warning] [application] Failed to set unsafe attribute "pbn" of "ImParcel".
in E:\xampp\htdocs\hvlv\protected\controllers\ImParcelController.php (450)
in E:\xampp\htdocs\hvlv\protected\components\Controller.php (78)
in E:\xampp\htdocs\hvlv\protected\components\Controller.php (84)
2023/10/23 08:40:09 [warning] [application] Failed to set unsafe attribute "pbn" of "ImParcel".
in E:\xampp\htdocs\hvlv\protected\controllers\ImParcelController.php (450)
in E:\xampp\htdocs\hvlv\protected\components\Controller.php (78)
in E:\xampp\htdocs\hvlv\protected\components\Controller.php (84)
2023/10/23 08:40:09 [warning] [application] Failed to set unsafe attribute "pbn" of "ImParcel".
in E:\xampp\htdocs\hvlv\protected\controllers\ImParcelController.php (450)
in E:\xampp\htdocs\hvlv\protected\components\Controller.php (78)
in E:\xampp\htdocs\hvlv\protected\components\Controller.php (84)
2023/10/23 08:40:10 [warning] [application] Failed to set unsafe attribute "pbn" of "ImParcel".
in E:\xampp\htdocs\hvlv\protected\controllers\ImParcelController.php (450)
in E:\xampp\htdocs\hvlv\protected\components\Controller.php (78)
in E:\xampp\htdocs\hvlv\protected\components\Controller.php (84)
2023/10/23 08:40:10 [warning] [application] Failed to set unsafe attribute "pbn" of "ImParcel".
in E:\xampp\htdocs\hvlv\protected\controllers\ImParcelController.php (450)
in E:\xampp\htdocs\hvlv\protected\components\Controller.php (78)
in E:\xampp\htdocs\hvlv\protected\components\Controller.php (84)
2023/10/23 08:40:11 [warning] [application] Failed to set unsafe attribute "pbn" of "ImParcel".
in E:\xampp\htdocs\hvlv\protected\controllers\ImParcelController.php (450)
in E:\xampp\htdocs\hvlv\protected\components\Controller.php (78)
in E:\xampp\htdocs\hvlv\protected\components\Controller.php (84)
2023/10/23 08:40:11 [warning] [application] Failed to set unsafe attribute "pbn" of "ImParcel".
in E:\xampp\htdocs\hvlv\protected\controllers\ImParcelController.php (450)
in E:\xampp\htdocs\hvlv\protected\components\Controller.php (78)
in E:\xampp\htdocs\hvlv\protected\components\Controller.php (84)
2023/10/23 08:40:11 [warning] [application] Failed to set unsafe attribute "pbn" of "ImParcel".
in E:\xampp\htdocs\hvlv\protected\controllers\ImParcelController.php (450)
in E:\xampp\htdocs\hvlv\protected\components\Controller.php (78)
in E:\xampp\htdocs\hvlv\protected\components\Controller.php (84)
2023/10/23 08:40:12 [warning] [application] Failed to set unsafe attribute "pbn" of "ImParcel".
in E:\xampp\htdocs\hvlv\protected\controllers\ImParcelController.php (450)
in E:\xampp\htdocs\hvlv\protected\components\Controller.php (78)
in E:\xampp\htdocs\hvlv\protected\components\Controller.php (84)
2023/10/23 08:40:12 [warning] [application] Failed to set unsafe attribute "pbn" of "ImParcel".
in E:\xampp\htdocs\hvlv\protected\controllers\ImParcelController.php (450)
in E:\xampp\htdocs\hvlv\protected\components\Controller.php (78)
in E:\xampp\htdocs\hvlv\protected\components\Controller.php (84)
2023/10/23 08:40:13 [warning] [application] Failed to set unsafe attribute "pbn" of "ImParcel".
in E:\xampp\htdocs\hvlv\protected\controllers\ImParcelController.php (450)
in E:\xampp\htdocs\hvlv\protected\components\Controller.php (78)
in E:\xampp\htdocs\hvlv\protected\components\Controller.php (84)
2023/10/23 08:40:13 [warning] [application] Failed to set unsafe attribute "pbn" of "ImParcel".
in E:\xampp\htdocs\hvlv\protected\controllers\ImParcelController.php (450)
in E:\xampp\htdocs\hvlv\protected\components\Controller.php (78)
in E:\xampp\htdocs\hvlv\protected\components\Controller.php (84)
2023/10/23 08:40:14 [warning] [application] Failed to set unsafe attribute "pbn" of "ImParcel".
in E:\xampp\htdocs\hvlv\protected\controllers\ImParcelController.php (450)
in E:\xampp\htdocs\hvlv\protected\components\Controller.php (78)
in E:\xampp\htdocs\hvlv\protected\components\Controller.php (84)
2023/10/23 08:40:14 [warning] [application] Failed to set unsafe attribute "pbn" of "ImParcel".
in E:\xampp\htdocs\hvlv\protected\controllers\ImParcelController.php (450)
in E:\xampp\htdocs\hvlv\protected\components\Controller.php (78)
in E:\xampp\htdocs\hvlv\protected\components\Controller.php (84)
2023/10/23 08:40:14 [warning] [application] Failed to set unsafe attribute "pbn" of "ImParcel".
in E:\xampp\htdocs\hvlv\protected\controllers\ImParcelController.php (450)
in E:\xampp\htdocs\hvlv\protected\components\Controller.php (78)
in E:\xampp\htdocs\hvlv\protected\components\Controller.php (84)
2023/10/23 08:40:15 [warning] [application] Failed to set unsafe attribute "pbn" of "ImParcel".
in E:\xampp\htdocs\hvlv\protected\controllers\ImParcelController.php (450)
in E:\xampp\htdocs\hvlv\protected\components\Controller.php (78)
in E:\xampp\htdocs\hvlv\protected\components\Controller.php (84)
2023/10/23 08:40:15 [warning] [application] Failed to set unsafe attribute "pbn" of "ImParcel".
in E:\xampp\htdocs\hvlv\protected\controllers\ImParcelController.php (450)
in E:\xampp\htdocs\hvlv\protected\components\Controller.php (78)
in E:\xampp\htdocs\hvlv\protected\components\Controller.php (84)
2023/10/23 08:40:16 [warning] [application] Failed to set unsafe attribute "pbn" of "ImParcel".
in E:\xampp\htdocs\hvlv\protected\controllers\ImParcelController.php (450)
in E:\xampp\htdocs\hvlv\protected\components\Controller.php (78)
in E:\xampp\htdocs\hvlv\protected\components\Controller.php (84)
2023/10/23 08:40:16 [warning] [application] Failed to set unsafe attribute "pbn" of "ImParcel".
in E:\xampp\htdocs\hvlv\protected\controllers\ImParcelController.php (450)
in E:\xampp\htdocs\hvlv\protected\components\Controller.php (78)
in E:\xampp\htdocs\hvlv\protected\components\Controller.php (84)
2023/10/23 08:40:17 [warning] [application] Failed to set unsafe attribute "pbn" of "ImParcel".
in E:\xampp\htdocs\hvlv\protected\controllers\ImParcelController.php (450)
in E:\xampp\htdocs\hvlv\protected\components\Controller.php (78)
in E:\xampp\htdocs\hvlv\protected\components\Controller.php (84)
2023/10/23 08:40:17 [warning] [application] Failed to set unsafe attribute "pbn" of "ImParcel".
in E:\xampp\htdocs\hvlv\protected\controllers\ImParcelController.php (450)
in E:\xampp\htdocs\hvlv\protected\components\Controller.php (78)
in E:\xampp\htdocs\hvlv\protected\components\Controller.php (84)
2023/10/23 08:40:17 [warning] [application] Failed to set unsafe attribute "pbn" of "ImParcel".
in E:\xampp\htdocs\hvlv\protected\controllers\ImParcelController.php (450)
in E:\xampp\htdocs\hvlv\protected\components\Controller.php (78)
in E:\xampp\htdocs\hvlv\protected\components\Controller.php (84)
2023/10/23 08:40:18 [warning] [application] Failed to set unsafe attribute "pbn" of "ImParcel".
in E:\xampp\htdocs\hvlv\protected\controllers\ImParcelController.php (450)
in E:\xampp\htdocs\hvlv\protected\components\Controller.php (78)
in E:\xampp\htdocs\hvlv\protected\components\Controller.php (84)
2023/10/23 08:40:18 [warning] [application] Failed to set unsafe attribute "pbn" of "ImParcel".
in E:\xampp\htdocs\hvlv\protected\controllers\ImParcelController.php (450)
in E:\xampp\htdocs\hvlv\protected\components\Controller.php (78)
in E:\xampp\htdocs\hvlv\protected\components\Controller.php (84)
2023/10/23 08:40:19 [warning] [application] Failed to set unsafe attribute "pbn" of "ImParcel".
in E:\xampp\htdocs\hvlv\protected\controllers\ImParcelController.php (450)
in E:\xampp\htdocs\hvlv\protected\components\Controller.php (78)
in E:\xampp\htdocs\hvlv\protected\components\Controller.php (84)
2023/10/23 08:40:19 [warning] [application] Failed to set unsafe attribute "pbn" of "ImParcel".
in E:\xampp\htdocs\hvlv\protected\controllers\ImParcelController.php (450)
in E:\xampp\htdocs\hvlv\protected\components\Controller.php (78)
in E:\xampp\htdocs\hvlv\protected\components\Controller.php (84)
2023/10/23 08:40:20 [warning] [application] Failed to set unsafe attribute "pbn" of "ImParcel".
in E:\xampp\htdocs\hvlv\protected\controllers\ImParcelController.php (450)
in E:\xampp\htdocs\hvlv\protected\components\Controller.php (78)
in E:\xampp\htdocs\hvlv\protected\components\Controller.php (84)
2023/10/23 08:40:20 [warning] [application] Failed to set unsafe attribute "pbn" of "ImParcel".
in E:\xampp\htdocs\hvlv\protected\controllers\ImParcelController.php (450)
in E:\xampp\htdocs\hvlv\protected\components\Controller.php (78)
in E:\xampp\htdocs\hvlv\protected\components\Controller.php (84)
2023/10/23 08:40:20 [warning] [application] Failed to set unsafe attribute "pbn" of "ImParcel".
in E:\xampp\htdocs\hvlv\protected\controllers\ImParcelController.php (450)
in E:\xampp\htdocs\hvlv\protected\components\Controller.php (78)
in E:\xampp\htdocs\hvlv\protected\components\Controller.php (84)
2023/10/23 08:40:21 [warning] [application] Failed to set unsafe attribute "pbn" of "ImParcel".
in E:\xampp\htdocs\hvlv\protected\controllers\ImParcelController.php (450)
in E:\xampp\htdocs\hvlv\protected\components\Controller.php (78)
in E:\xampp\htdocs\hvlv\protected\components\Controller.php (84)
2023/10/23 08:40:21 [warning] [application] Failed to set unsafe attribute "pbn" of "ImParcel".
in E:\xampp\htdocs\hvlv\protected\controllers\ImParcelController.php (450)
in E:\xampp\htdocs\hvlv\protected\components\Controller.php (78)
in E:\xampp\htdocs\hvlv\protected\components\Controller.php (84)
2023/10/23 08:40:23 [warning] [application] Failed to set unsafe attribute "pbn" of "ImParcel".
in E:\xampp\htdocs\hvlv\protected\controllers\ImParcelController.php (450)
in E:\xampp\htdocs\hvlv\protected\components\Controller.php (78)
in E:\xampp\htdocs\hvlv\protected\components\Controller.php (84)
2023/10/23 08:40:25 [warning] [application] Failed to set unsafe attribute "pbn" of "ImParcel".
in E:\xampp\htdocs\hvlv\protected\controllers\ImParcelController.php (450)
in E:\xampp\htdocs\hvlv\protected\components\Controller.php (78)
in E:\xampp\htdocs\hvlv\protected\components\Controller.php (84)
2023/10/23 08:40:27 [warning] [application] Failed to set unsafe attribute "pbn" of "ImParcel".
in E:\xampp\htdocs\hvlv\protected\controllers\ImParcelController.php (450)
in E:\xampp\htdocs\hvlv\protected\components\Controller.php (78)
in E:\xampp\htdocs\hvlv\protected\components\Controller.php (84)
2023/10/23 08:40:29 [warning] [application] Failed to set unsafe attribute "pbn" of "ImParcel".
in E:\xampp\htdocs\hvlv\protected\controllers\ImParcelController.php (450)
in E:\xampp\htdocs\hvlv\protected\components\Controller.php (78)
in E:\xampp\htdocs\hvlv\protected\components\Controller.php (84)
2023/10/23 08:40:31 [warning] [application] Failed to set unsafe attribute "pbn" of "ImParcel".
in E:\xampp\htdocs\hvlv\protected\controllers\ImParcelController.php (450)
in E:\xampp\htdocs\hvlv\protected\components\Controller.php (78)
in E:\xampp\htdocs\hvlv\protected\components\Controller.php (84)
2023/10/23 08:40:33 [warning] [application] Failed to set unsafe attribute "pbn" of "ImParcel".
in E:\xampp\htdocs\hvlv\protected\controllers\ImParcelController.php (450)
in E:\xampp\htdocs\hvlv\protected\components\Controller.php (78)
in E:\xampp\htdocs\hvlv\protected\components\Controller.php (84)
2023/10/23 08:40:35 [warning] [application] Failed to set unsafe attribute "pbn" of "ImParcel".
in E:\xampp\htdocs\hvlv\protected\controllers\ImParcelController.php (450)
in E:\xampp\htdocs\hvlv\protected\components\Controller.php (78)
in E:\xampp\htdocs\hvlv\protected\components\Controller.php (84)
2023/10/23 08:40:37 [warning] [application] Failed to set unsafe attribute "pbn" of "ImParcel".
in E:\xampp\htdocs\hvlv\protected\controllers\ImParcelController.php (450)
in E:\xampp\htdocs\hvlv\protected\components\Controller.php (78)
in E:\xampp\htdocs\hvlv\protected\components\Controller.php (84)
2023/10/23 08:40:39 [warning] [application] Failed to set unsafe attribute "pbn" of "ImParcel".
in E:\xampp\htdocs\hvlv\protected\controllers\ImParcelController.php (450)
in E:\xampp\htdocs\hvlv\protected\components\Controller.php (78)
in E:\xampp\htdocs\hvlv\protected\components\Controller.php (84)
2023/10/23 08:40:41 [warning] [application] Failed to set unsafe attribute "pbn" of "ImParcel".
in E:\xampp\htdocs\hvlv\protected\controllers\ImParcelController.php (450)
in E:\xampp\htdocs\hvlv\protected\components\Controller.php (78)
in E:\xampp\htdocs\hvlv\protected\components\Controller.php (84)
2023/10/23 08:40:43 [warning] [application] Failed to set unsafe attribute "pbn" of "ImParcel".
in E:\xampp\htdocs\hvlv\protected\controllers\ImParcelController.php (450)
in E:\xampp\htdocs\hvlv\protected\components\Controller.php (78)
in E:\xampp\htdocs\hvlv\protected\components\Controller.php (84)
2023/10/23 08:40:45 [warning] [application] Failed to set unsafe attribute "pbn" of "ImParcel".
in E:\xampp\htdocs\hvlv\protected\controllers\ImParcelController.php (450)
in E:\xampp\htdocs\hvlv\protected\components\Controller.php (78)
in E:\xampp\htdocs\hvlv\protected\components\Controller.php (84)
2023/10/23 08:40:47 [warning] [application] Failed to set unsafe attribute "pbn" of "ImParcel".
in E:\xampp\htdocs\hvlv\protected\controllers\ImParcelController.php (450)
in E:\xampp\htdocs\hvlv\protected\components\Controller.php (78)
in E:\xampp\htdocs\hvlv\protected\components\Controller.php (84)
2023/10/23 08:40:49 [warning] [application] Failed to set unsafe attribute "pbn" of "ImParcel".
in E:\xampp\htdocs\hvlv\protected\controllers\ImParcelController.php (450)
in E:\xampp\htdocs\hvlv\protected\components\Controller.php (78)
in E:\xampp\htdocs\hvlv\protected\components\Controller.php (84)
2023/10/23 08:40:51 [warning] [application] Failed to set unsafe attribute "pbn" of "ImParcel".
in E:\xampp\htdocs\hvlv\protected\controllers\ImParcelController.php (450)
in E:\xampp\htdocs\hvlv\protected\components\Controller.php (78)
in E:\xampp\htdocs\hvlv\protected\components\Controller.php (84)
2023/10/23 08:40:53 [warning] [application] Failed to set unsafe attribute "pbn" of "ImParcel".
in E:\xampp\htdocs\hvlv\protected\controllers\ImParcelController.php (450)
in E:\xampp\htdocs\hvlv\protected\components\Controller.php (78)
in E:\xampp\htdocs\hvlv\protected\components\Controller.php (84)
2023/10/23 08:40:55 [warning] [application] Failed to set unsafe attribute "pbn" of "ImParcel".
in E:\xampp\htdocs\hvlv\protected\controllers\ImParcelController.php (450)
in E:\xampp\htdocs\hvlv\protected\components\Controller.php (78)
in E:\xampp\htdocs\hvlv\protected\components\Controller.php (84)
2023/10/23 08:40:57 [warning] [application] Failed to set unsafe attribute "pbn" of "ImParcel".
in E:\xampp\htdocs\hvlv\protected\controllers\ImParcelController.php (450)
in E:\xampp\htdocs\hvlv\protected\components\Controller.php (78)
in E:\xampp\htdocs\hvlv\protected\components\Controller.php (84)
2023/10/23 08:40:59 [warning] [application] Failed to set unsafe attribute "pbn" of "ImParcel".
in E:\xampp\htdocs\hvlv\protected\controllers\ImParcelController.php (450)
in E:\xampp\htdocs\hvlv\protected\components\Controller.php (78)
in E:\xampp\htdocs\hvlv\protected\components\Controller.php (84)
2023/10/23 08:41:01 [warning] [application] Failed to set unsafe attribute "pbn" of "ImParcel".
in E:\xampp\htdocs\hvlv\protected\controllers\ImParcelController.php (450)
in E:\xampp\htdocs\hvlv\protected\components\Controller.php (78)
in E:\xampp\htdocs\hvlv\protected\components\Controller.php (84)
2023/10/23 08:41:03 [warning] [application] Failed to set unsafe attribute "pbn" of "ImParcel".
in E:\xampp\htdocs\hvlv\protected\controllers\ImParcelController.php (450)
in E:\xampp\htdocs\hvlv\protected\components\Controller.php (78)
in E:\xampp\htdocs\hvlv\protected\components\Controller.php (84)
2023/10/23 08:41:05 [warning] [application] Failed to set unsafe attribute "pbn" of "ImParcel".
in E:\xampp\htdocs\hvlv\protected\controllers\ImParcelController.php (450)
in E:\xampp\htdocs\hvlv\protected\components\Controller.php (78)
in E:\xampp\htdocs\hvlv\protected\components\Controller.php (84)
2023/10/23 08:41:06 [warning] [application] Failed to set unsafe attribute "pbn" of "ImParcel".
in E:\xampp\htdocs\hvlv\protected\controllers\ImParcelController.php (450)
in E:\xampp\htdocs\hvlv\protected\components\Controller.php (78)
in E:\xampp\htdocs\hvlv\protected\components\Controller.php (84)
2023/10/23 08:41:06 [warning] [application] Failed to set unsafe attribute "pbn" of "ImParcel".
in E:\xampp\htdocs\hvlv\protected\controllers\ImParcelController.php (450)
in E:\xampp\htdocs\hvlv\protected\components\Controller.php (78)
in E:\xampp\htdocs\hvlv\protected\components\Controller.php (84)
2023/10/23 08:41:09 [warning] [application] Failed to set unsafe attribute "pbn" of "ImParcel".
in E:\xampp\htdocs\hvlv\protected\controllers\ImParcelController.php (450)
in E:\xampp\htdocs\hvlv\protected\components\Controller.php (78)
in E:\xampp\htdocs\hvlv\protected\components\Controller.php (84)
2023/10/23 08:41:11 [warning] [application] Failed to set unsafe attribute "pbn" of "ImParcel".
in E:\xampp\htdocs\hvlv\protected\controllers\ImParcelController.php (450)
in E:\xampp\htdocs\hvlv\protected\components\Controller.php (78)
in E:\xampp\htdocs\hvlv\protected\components\Controller.php (84)
2023/10/23 08:41:11 [warning] [application] Failed to set unsafe attribute "pbn" of "ImParcel".
in E:\xampp\htdocs\hvlv\protected\controllers\ImParcelController.php (450)
in E:\xampp\htdocs\hvlv\protected\components\Controller.php (78)
in E:\xampp\htdocs\hvlv\protected\components\Controller.php (84)
2023/10/23 08:41:12 [warning] [application] Failed to set unsafe attribute "pbn" of "ImParcel".
in E:\xampp\htdocs\hvlv\protected\controllers\ImParcelController.php (450)
in E:\xampp\htdocs\hvlv\protected\components\Controller.php (78)
in E:\xampp\htdocs\hvlv\protected\components\Controller.php (84)
2023/10/23 08:41:12 [warning] [application] Failed to set unsafe attribute "pbn" of "ImParcel".
in E:\xampp\htdocs\hvlv\protected\controllers\ImParcelController.php (450)
in E:\xampp\htdocs\hvlv\protected\components\Controller.php (78)
in E:\xampp\htdocs\hvlv\protected\components\Controller.php (84)
2023/10/23 08:41:13 [warning] [application] Failed to set unsafe attribute "pbn" of "ImParcel".
in E:\xampp\htdocs\hvlv\protected\controllers\ImParcelController.php (450)
in E:\xampp\htdocs\hvlv\protected\components\Controller.php (78)
in E:\xampp\htdocs\hvlv\protected\components\Controller.php (84)
2023/10/23 08:41:17 [warning] [application] Failed to set unsafe attribute "pbn" of "ImParcel".
in E:\xampp\htdocs\hvlv\protected\controllers\ImParcelController.php (450)
in E:\xampp\htdocs\hvlv\protected\components\Controller.php (78)
in E:\xampp\htdocs\hvlv\protected\components\Controller.php (84)
2023/10/23 08:43:51 [warning] [application] Failed to set unsafe attribute "pbn" of "ImParcel".
in E:\xampp\htdocs\hvlv\protected\controllers\ImParcelController.php (450)
in E:\xampp\htdocs\hvlv\protected\components\Controller.php (78)
in E:\xampp\htdocs\hvlv\protected\components\Controller.php (84)
2023/10/23 08:44:54 [warning] [application] Failed to set unsafe attribute "pbn" of "ImParcel".
in E:\xampp\htdocs\hvlv\protected\controllers\ImParcelController.php (450)
in E:\xampp\htdocs\hvlv\protected\components\Controller.php (78)
in E:\xampp\htdocs\hvlv\protected\components\Controller.php (84)
2023/10/23 08:44:54 [warning] [application] Failed to set unsafe attribute "pbn" of "ImParcel".
in E:\xampp\htdocs\hvlv\protected\controllers\ImParcelController.php (450)
in E:\xampp\htdocs\hvlv\protected\components\Controller.php (78)
in E:\xampp\htdocs\hvlv\protected\components\Controller.php (84)
2023/10/23 08:44:54 [warning] [application] Failed to set unsafe attribute "pbn" of "ImParcel".
in E:\xampp\htdocs\hvlv\protected\controllers\ImParcelController.php (450)
in E:\xampp\htdocs\hvlv\protected\components\Controller.php (78)
in E:\xampp\htdocs\hvlv\protected\components\Controller.php (84)
2023/10/23 08:44:55 [warning] [application] Failed to set unsafe attribute "pbn" of "ImParcel".
in E:\xampp\htdocs\hvlv\protected\controllers\ImParcelController.php (450)
in E:\xampp\htdocs\hvlv\protected\components\Controller.php (78)
in E:\xampp\htdocs\hvlv\protected\components\Controller.php (84)
2023/10/23 08:44:55 [warning] [application] Failed to set unsafe attribute "pbn" of "ImParcel".
in E:\xampp\htdocs\hvlv\protected\controllers\ImParcelController.php (450)
in E:\xampp\htdocs\hvlv\protected\components\Controller.php (78)
in E:\xampp\htdocs\hvlv\protected\components\Controller.php (84)
2023/10/23 08:44:56 [warning] [application] Failed to set unsafe attribute "pbn" of "ImParcel".
in E:\xampp\htdocs\hvlv\protected\controllers\ImParcelController.php (450)
in E:\xampp\htdocs\hvlv\protected\components\Controller.php (78)
in E:\xampp\htdocs\hvlv\protected\components\Controller.php (84)
2023/10/23 08:44:56 [warning] [application] Failed to set unsafe attribute "pbn" of "ImParcel".
in E:\xampp\htdocs\hvlv\protected\controllers\ImParcelController.php (450)
in E:\xampp\htdocs\hvlv\protected\components\Controller.php (78)
in E:\xampp\htdocs\hvlv\protected\components\Controller.php (84)
2023/10/23 08:44:57 [warning] [application] Failed to set unsafe attribute "pbn" of "ImParcel".
in E:\xampp\htdocs\hvlv\protected\controllers\ImParcelController.php (450)
in E:\xampp\htdocs\hvlv\protected\components\Controller.php (78)
in E:\xampp\htdocs\hvlv\protected\components\Controller.php (84)
2023/10/23 08:44:57 [warning] [application] Failed to set unsafe attribute "pbn" of "ImParcel".
in E:\xampp\htdocs\hvlv\protected\controllers\ImParcelController.php (450)
in E:\xampp\htdocs\hvlv\protected\components\Controller.php (78)
in E:\xampp\htdocs\hvlv\protected\components\Controller.php (84)
2023/10/23 08:44:57 [warning] [application] Failed to set unsafe attribute "pbn" of "ImParcel".
in E:\xampp\htdocs\hvlv\protected\controllers\ImParcelController.php (450)
in E:\xampp\htdocs\hvlv\protected\components\Controller.php (78)
in E:\xampp\htdocs\hvlv\protected\components\Controller.php (84)
2023/10/23 08:44:58 [warning] [application] Failed to set unsafe attribute "pbn" of "ImParcel".
in E:\xampp\htdocs\hvlv\protected\controllers\ImParcelController.php (450)
in E:\xampp\htdocs\hvlv\protected\components\Controller.php (78)
in E:\xampp\htdocs\hvlv\protected\components\Controller.php (84)
2023/10/23 08:44:58 [warning] [application] Failed to set unsafe attribute "pbn" of "ImParcel".
in E:\xampp\htdocs\hvlv\protected\controllers\ImParcelController.php (450)
in E:\xampp\htdocs\hvlv\protected\components\Controller.php (78)
in E:\xampp\htdocs\hvlv\protected\components\Controller.php (84)
2023/10/23 08:44:59 [warning] [application] Failed to set unsafe attribute "pbn" of "ImParcel".
in E:\xampp\htdocs\hvlv\protected\controllers\ImParcelController.php (450)
in E:\xampp\htdocs\hvlv\protected\components\Controller.php (78)
in E:\xampp\htdocs\hvlv\protected\components\Controller.php (84)
2023/10/23 08:44:59 [warning] [application] Failed to set unsafe attribute "pbn" of "ImParcel".
in E:\xampp\htdocs\hvlv\protected\controllers\ImParcelController.php (450)
in E:\xampp\htdocs\hvlv\protected\components\Controller.php (78)
in E:\xampp\htdocs\hvlv\protected\components\Controller.php (84)
2023/10/23 08:45:00 [warning] [application] Failed to set unsafe attribute "pbn" of "ImParcel".
in E:\xampp\htdocs\hvlv\protected\controllers\ImParcelController.php (450)
in E:\xampp\htdocs\hvlv\protected\components\Controller.php (78)
in E:\xampp\htdocs\hvlv\protected\components\Controller.php (84)
2023/10/23 08:45:00 [warning] [application] Failed to set unsafe attribute "pbn" of "ImParcel".
in E:\xampp\htdocs\hvlv\protected\controllers\ImParcelController.php (450)
in E:\xampp\htdocs\hvlv\protected\components\Controller.php (78)
in E:\xampp\htdocs\hvlv\protected\components\Controller.php (84)
2023/10/23 08:45:01 [warning] [application] Failed to set unsafe attribute "pbn" of "ImParcel".
in E:\xampp\htdocs\hvlv\protected\controllers\ImParcelController.php (450)
in E:\xampp\htdocs\hvlv\protected\components\Controller.php (78)
in E:\xampp\htdocs\hvlv\protected\components\Controller.php (84)
2023/10/23 08:45:01 [warning] [application] Failed to set unsafe attribute "pbn" of "ImParcel".
in E:\xampp\htdocs\hvlv\protected\controllers\ImParcelController.php (450)
in E:\xampp\htdocs\hvlv\protected\components\Controller.php (78)
in E:\xampp\htdocs\hvlv\protected\components\Controller.php (84)
2023/10/23 08:45:01 [warning] [application] Failed to set unsafe attribute "pbn" of "ImParcel".
in E:\xampp\htdocs\hvlv\protected\controllers\ImParcelController.php (450)
in E:\xampp\htdocs\hvlv\protected\components\Controller.php (78)
in E:\xampp\htdocs\hvlv\protected\components\Controller.php (84)
2023/10/23 08:45:02 [warning] [application] Failed to set unsafe attribute "pbn" of "ImParcel".
in E:\xampp\htdocs\hvlv\protected\controllers\ImParcelController.php (450)
in E:\xampp\htdocs\hvlv\protected\components\Controller.php (78)
in E:\xampp\htdocs\hvlv\protected\components\Controller.php (84)
2023/10/23 08:45:02 [warning] [application] Failed to set unsafe attribute "pbn" of "ImParcel".
in E:\xampp\htdocs\hvlv\protected\controllers\ImParcelController.php (450)
in E:\xampp\htdocs\hvlv\protected\components\Controller.php (78)
in E:\xampp\htdocs\hvlv\protected\components\Controller.php (84)
2023/10/23 08:45:03 [warning] [application] Failed to set unsafe attribute "pbn" of "ImParcel".
in E:\xampp\htdocs\hvlv\protected\controllers\ImParcelController.php (450)
in E:\xampp\htdocs\hvlv\protected\components\Controller.php (78)
in E:\xampp\htdocs\hvlv\protected\components\Controller.php (84)
2023/10/23 08:45:03 [warning] [application] Failed to set unsafe attribute "pbn" of "ImParcel".
in E:\xampp\htdocs\hvlv\protected\controllers\ImParcelController.php (450)
in E:\xampp\htdocs\hvlv\protected\components\Controller.php (78)
in E:\xampp\htdocs\hvlv\protected\components\Controller.php (84)
2023/10/23 08:45:04 [warning] [application] Failed to set unsafe attribute "pbn" of "ImParcel".
in E:\xampp\htdocs\hvlv\protected\controllers\ImParcelController.php (450)
in E:\xampp\htdocs\hvlv\protected\components\Controller.php (78)
in E:\xampp\htdocs\hvlv\protected\components\Controller.php (84)
2023/10/23 08:45:04 [warning] [application] Failed to set unsafe attribute "pbn" of "ImParcel".
in E:\xampp\htdocs\hvlv\protected\controllers\ImParcelController.php (450)
in E:\xampp\htdocs\hvlv\protected\components\Controller.php (78)
in E:\xampp\htdocs\hvlv\protected\components\Controller.php (84)
2023/10/23 08:45:05 [warning] [application] Failed to set unsafe attribute "pbn" of "ImParcel".
in E:\xampp\htdocs\hvlv\protected\controllers\ImParcelController.php (450)
in E:\xampp\htdocs\hvlv\protected\components\Controller.php (78)
in E:\xampp\htdocs\hvlv\protected\components\Controller.php (84)
2023/10/23 08:45:05 [warning] [application] Failed to set unsafe attribute "pbn" of "ImParcel".
in E:\xampp\htdocs\hvlv\protected\controllers\ImParcelController.php (450)
in E:\xampp\htdocs\hvlv\protected\components\Controller.php (78)
in E:\xampp\htdocs\hvlv\protected\components\Controller.php (84)
2023/10/23 08:45:05 [warning] [application] Failed to set unsafe attribute "pbn" of "ImParcel".
in E:\xampp\htdocs\hvlv\protected\controllers\ImParcelController.php (450)
in E:\xampp\htdocs\hvlv\protected\components\Controller.php (78)
in E:\xampp\htdocs\hvlv\protected\components\Controller.php (84)
2023/10/23 08:45:06 [warning] [application] Failed to set unsafe attribute "pbn" of "ImParcel".
in E:\xampp\htdocs\hvlv\protected\controllers\ImParcelController.php (450)
in E:\xampp\htdocs\hvlv\protected\components\Controller.php (78)
in E:\xampp\htdocs\hvlv\protected\components\Controller.php (84)
2023/10/23 08:45:06 [warning] [application] Failed to set unsafe attribute "pbn" of "ImParcel".
in E:\xampp\htdocs\hvlv\protected\controllers\ImParcelController.php (450)
in E:\xampp\htdocs\hvlv\protected\components\Controller.php (78)
in E:\xampp\htdocs\hvlv\protected\components\Controller.php (84)
2023/10/23 08:45:07 [warning] [application] Failed to set unsafe attribute "pbn" of "ImParcel".
in E:\xampp\htdocs\hvlv\protected\controllers\ImParcelController.php (450)
in E:\xampp\htdocs\hvlv\protected\components\Controller.php (78)
in E:\xampp\htdocs\hvlv\protected\components\Controller.php (84)
2023/10/23 08:45:07 [warning] [application] Failed to set unsafe attribute "pbn" of "ImParcel".
in E:\xampp\htdocs\hvlv\protected\controllers\ImParcelController.php (450)
in E:\xampp\htdocs\hvlv\protected\components\Controller.php (78)
in E:\xampp\htdocs\hvlv\protected\components\Controller.php (84)
2023/10/23 08:45:09 [warning] [application] Failed to set unsafe attribute "pbn" of "ImParcel".
in E:\xampp\htdocs\hvlv\protected\controllers\ImParcelController.php (450)
in E:\xampp\htdocs\hvlv\protected\components\Controller.php (78)
in E:\xampp\htdocs\hvlv\protected\components\Controller.php (84)
2023/10/23 08:45:11 [warning] [application] Failed to set unsafe attribute "pbn" of "ImParcel".
in E:\xampp\htdocs\hvlv\protected\controllers\ImParcelController.php (450)
in E:\xampp\htdocs\hvlv\protected\components\Controller.php (78)
in E:\xampp\htdocs\hvlv\protected\components\Controller.php (84)
2023/10/23 08:45:13 [warning] [application] Failed to set unsafe attribute "pbn" of "ImParcel".
in E:\xampp\htdocs\hvlv\protected\controllers\ImParcelController.php (450)
in E:\xampp\htdocs\hvlv\protected\components\Controller.php (78)
in E:\xampp\htdocs\hvlv\protected\components\Controller.php (84)
2023/10/23 08:45:15 [warning] [application] Failed to set unsafe attribute "pbn" of "ImParcel".
in E:\xampp\htdocs\hvlv\protected\controllers\ImParcelController.php (450)
in E:\xampp\htdocs\hvlv\protected\components\Controller.php (78)
in E:\xampp\htdocs\hvlv\protected\components\Controller.php (84)
2023/10/23 08:45:17 [warning] [application] Failed to set unsafe attribute "pbn" of "ImParcel".
in E:\xampp\htdocs\hvlv\protected\controllers\ImParcelController.php (450)
in E:\xampp\htdocs\hvlv\protected\components\Controller.php (78)
in E:\xampp\htdocs\hvlv\protected\components\Controller.php (84)
2023/10/23 08:45:19 [warning] [application] Failed to set unsafe attribute "pbn" of "ImParcel".
in E:\xampp\htdocs\hvlv\protected\controllers\ImParcelController.php (450)
in E:\xampp\htdocs\hvlv\protected\components\Controller.php (78)
in E:\xampp\htdocs\hvlv\protected\components\Controller.php (84)
2023/10/23 08:45:21 [warning] [application] Failed to set unsafe attribute "pbn" of "ImParcel".
in E:\xampp\htdocs\hvlv\protected\controllers\ImParcelController.php (450)
in E:\xampp\htdocs\hvlv\protected\components\Controller.php (78)
in E:\xampp\htdocs\hvlv\protected\components\Controller.php (84)
2023/10/23 08:45:23 [warning] [application] Failed to set unsafe attribute "pbn" of "ImParcel".
in E:\xampp\htdocs\hvlv\protected\controllers\ImParcelController.php (450)
in E:\xampp\htdocs\hvlv\protected\components\Controller.php (78)
in E:\xampp\htdocs\hvlv\protected\components\Controller.php (84)
2023/10/23 08:45:25 [warning] [application] Failed to set unsafe attribute "pbn" of "ImParcel".
in E:\xampp\htdocs\hvlv\protected\controllers\ImParcelController.php (450)
in E:\xampp\htdocs\hvlv\protected\components\Controller.php (78)
in E:\xampp\htdocs\hvlv\protected\components\Controller.php (84)
2023/10/23 08:45:27 [warning] [application] Failed to set unsafe attribute "pbn" of "ImParcel".
in E:\xampp\htdocs\hvlv\protected\controllers\ImParcelController.php (450)
in E:\xampp\htdocs\hvlv\protected\components\Controller.php (78)
in E:\xampp\htdocs\hvlv\protected\components\Controller.php (84)
2023/10/23 08:45:29 [warning] [application] Failed to set unsafe attribute "pbn" of "ImParcel".
in E:\xampp\htdocs\hvlv\protected\controllers\ImParcelController.php (450)
in E:\xampp\htdocs\hvlv\protected\components\Controller.php (78)
in E:\xampp\htdocs\hvlv\protected\components\Controller.php (84)
2023/10/23 08:45:31 [warning] [application] Failed to set unsafe attribute "pbn" of "ImParcel".
in E:\xampp\htdocs\hvlv\protected\controllers\ImParcelController.php (450)
in E:\xampp\htdocs\hvlv\protected\components\Controller.php (78)
in E:\xampp\htdocs\hvlv\protected\components\Controller.php (84)
2023/10/23 08:45:33 [warning] [application] Failed to set unsafe attribute "pbn" of "ImParcel".
in E:\xampp\htdocs\hvlv\protected\controllers\ImParcelController.php (450)
in E:\xampp\htdocs\hvlv\protected\components\Controller.php (78)
in E:\xampp\htdocs\hvlv\protected\components\Controller.php (84)
2023/10/23 08:45:34 [warning] [application] Failed to set unsafe attribute "pbn" of "ImParcel".
in E:\xampp\htdocs\hvlv\protected\controllers\ImParcelController.php (450)
in E:\xampp\htdocs\hvlv\protected\components\Controller.php (78)
in E:\xampp\htdocs\hvlv\protected\components\Controller.php (84)
2023/10/23 08:45:35 [warning] [application] Failed to set unsafe attribute "pbn" of "ImParcel".
in E:\xampp\htdocs\hvlv\protected\controllers\ImParcelController.php (450)
in E:\xampp\htdocs\hvlv\protected\components\Controller.php (78)
in E:\xampp\htdocs\hvlv\protected\components\Controller.php (84)
2023/10/23 08:45:35 [warning] [application] Failed to set unsafe attribute "pbn" of "ImParcel".
in E:\xampp\htdocs\hvlv\protected\controllers\ImParcelController.php (450)
in E:\xampp\htdocs\hvlv\protected\components\Controller.php (78)
in E:\xampp\htdocs\hvlv\protected\components\Controller.php (84)
2023/10/23 08:45:35 [warning] [application] Failed to set unsafe attribute "pbn" of "ImParcel".
in E:\xampp\htdocs\hvlv\protected\controllers\ImParcelController.php (450)
in E:\xampp\htdocs\hvlv\protected\components\Controller.php (78)
in E:\xampp\htdocs\hvlv\protected\components\Controller.php (84)
2023/10/23 08:45:36 [warning] [application] Failed to set unsafe attribute "pbn" of "ImParcel".
in E:\xampp\htdocs\hvlv\protected\controllers\ImParcelController.php (450)
in E:\xampp\htdocs\hvlv\protected\components\Controller.php (78)
in E:\xampp\htdocs\hvlv\protected\components\Controller.php (84)
2023/10/23 08:45:36 [warning] [application] Failed to set unsafe attribute "pbn" of "ImParcel".
in E:\xampp\htdocs\hvlv\protected\controllers\ImParcelController.php (450)
in E:\xampp\htdocs\hvlv\protected\components\Controller.php (78)
in E:\xampp\htdocs\hvlv\protected\components\Controller.php (84)
2023/10/23 08:45:37 [warning] [application] Failed to set unsafe attribute "pbn" of "ImParcel".
in E:\xampp\htdocs\hvlv\protected\controllers\ImParcelController.php (450)
in E:\xampp\htdocs\hvlv\protected\components\Controller.php (78)
in E:\xampp\htdocs\hvlv\protected\components\Controller.php (84)
2023/10/23 08:45:37 [warning] [application] Failed to set unsafe attribute "pbn" of "ImParcel".
in E:\xampp\htdocs\hvlv\protected\controllers\ImParcelController.php (450)
in E:\xampp\htdocs\hvlv\protected\components\Controller.php (78)
in E:\xampp\htdocs\hvlv\protected\components\Controller.php (84)
2023/10/23 08:45:38 [warning] [application] Failed to set unsafe attribute "pbn" of "ImParcel".
in E:\xampp\htdocs\hvlv\protected\controllers\ImParcelController.php (450)
in E:\xampp\htdocs\hvlv\protected\components\Controller.php (78)
in E:\xampp\htdocs\hvlv\protected\components\Controller.php (84)
2023/10/23 08:45:38 [warning] [application] Failed to set unsafe attribute "pbn" of "ImParcel".
in E:\xampp\htdocs\hvlv\protected\controllers\ImParcelController.php (450)
in E:\xampp\htdocs\hvlv\protected\components\Controller.php (78)
in E:\xampp\htdocs\hvlv\protected\components\Controller.php (84)
2023/10/23 08:45:38 [warning] [application] Failed to set unsafe attribute "pbn" of "ImParcel".
in E:\xampp\htdocs\hvlv\protected\controllers\ImParcelController.php (450)
in E:\xampp\htdocs\hvlv\protected\components\Controller.php (78)
in E:\xampp\htdocs\hvlv\protected\components\Controller.php (84)
2023/10/23 08:45:39 [warning] [application] Failed to set unsafe attribute "pbn" of "ImParcel".
in E:\xampp\htdocs\hvlv\protected\controllers\ImParcelController.php (450)
in E:\xampp\htdocs\hvlv\protected\components\Controller.php (78)
in E:\xampp\htdocs\hvlv\protected\components\Controller.php (84)
2023/10/23 08:45:39 [warning] [application] Failed to set unsafe attribute "pbn" of "ImParcel".
in E:\xampp\htdocs\hvlv\protected\controllers\ImParcelController.php (450)
in E:\xampp\htdocs\hvlv\protected\components\Controller.php (78)
in E:\xampp\htdocs\hvlv\protected\components\Controller.php (84)
2023/10/23 08:45:40 [warning] [application] Failed to set unsafe attribute "pbn" of "ImParcel".
in E:\xampp\htdocs\hvlv\protected\controllers\ImParcelController.php (450)
in E:\xampp\htdocs\hvlv\protected\components\Controller.php (78)
in E:\xampp\htdocs\hvlv\protected\components\Controller.php (84)
2023/10/23 08:45:40 [warning] [application] Failed to set unsafe attribute "pbn" of "ImParcel".
in E:\xampp\htdocs\hvlv\protected\controllers\ImParcelController.php (450)
in E:\xampp\htdocs\hvlv\protected\components\Controller.php (78)
in E:\xampp\htdocs\hvlv\protected\components\Controller.php (84)
2023/10/23 08:45:41 [warning] [application] Failed to set unsafe attribute "pbn" of "ImParcel".
in E:\xampp\htdocs\hvlv\protected\controllers\ImParcelController.php (450)
in E:\xampp\htdocs\hvlv\protected\components\Controller.php (78)
in E:\xampp\htdocs\hvlv\protected\components\Controller.php (84)
2023/10/23 08:45:41 [warning] [application] Failed to set unsafe attribute "pbn" of "ImParcel".
in E:\xampp\htdocs\hvlv\protected\controllers\ImParcelController.php (450)
in E:\xampp\htdocs\hvlv\protected\components\Controller.php (78)
in E:\xampp\htdocs\hvlv\protected\components\Controller.php (84)
2023/10/23 08:45:41 [warning] [application] Failed to set unsafe attribute "pbn" of "ImParcel".
in E:\xampp\htdocs\hvlv\protected\controllers\ImParcelController.php (450)
in E:\xampp\htdocs\hvlv\protected\components\Controller.php (78)
in E:\xampp\htdocs\hvlv\protected\components\Controller.php (84)
2023/10/23 08:45:42 [warning] [application] Failed to set unsafe attribute "pbn" of "ImParcel".
in E:\xampp\htdocs\hvlv\protected\controllers\ImParcelController.php (450)
in E:\xampp\htdocs\hvlv\protected\components\Controller.php (78)
in E:\xampp\htdocs\hvlv\protected\components\Controller.php (84)
2023/10/23 08:45:42 [warning] [application] Failed to set unsafe attribute "pbn" of "ImParcel".
in E:\xampp\htdocs\hvlv\protected\controllers\ImParcelController.php (450)
in E:\xampp\htdocs\hvlv\protected\components\Controller.php (78)
in E:\xampp\htdocs\hvlv\protected\components\Controller.php (84)
2023/10/23 08:45:43 [warning] [application] Failed to set unsafe attribute "pbn" of "ImParcel".
in E:\xampp\htdocs\hvlv\protected\controllers\ImParcelController.php (450)
in E:\xampp\htdocs\hvlv\protected\components\Controller.php (78)
in E:\xampp\htdocs\hvlv\protected\components\Controller.php (84)
2023/10/23 08:45:43 [warning] [application] Failed to set unsafe attribute "pbn" of "ImParcel".
in E:\xampp\htdocs\hvlv\protected\controllers\ImParcelController.php (450)
in E:\xampp\htdocs\hvlv\protected\components\Controller.php (78)
in E:\xampp\htdocs\hvlv\protected\components\Controller.php (84)
2023/10/23 08:45:44 [warning] [application] Failed to set unsafe attribute "pbn" of "ImParcel".
in E:\xampp\htdocs\hvlv\protected\controllers\ImParcelController.php (450)
in E:\xampp\htdocs\hvlv\protected\components\Controller.php (78)
in E:\xampp\htdocs\hvlv\protected\components\Controller.php (84)
2023/10/23 08:45:44 [warning] [application] Failed to set unsafe attribute "pbn" of "ImParcel".
in E:\xampp\htdocs\hvlv\protected\controllers\ImParcelController.php (450)
in E:\xampp\htdocs\hvlv\protected\components\Controller.php (78)
in E:\xampp\htdocs\hvlv\protected\components\Controller.php (84)
2023/10/23 08:45:44 [warning] [application] Failed to set unsafe attribute "pbn" of "ImParcel".
in E:\xampp\htdocs\hvlv\protected\controllers\ImParcelController.php (450)
in E:\xampp\htdocs\hvlv\protected\components\Controller.php (78)
in E:\xampp\htdocs\hvlv\protected\components\Controller.php (84)
2023/10/23 08:45:45 [warning] [application] Failed to set unsafe attribute "pbn" of "ImParcel".
in E:\xampp\htdocs\hvlv\protected\controllers\ImParcelController.php (450)
in E:\xampp\htdocs\hvlv\protected\components\Controller.php (78)
in E:\xampp\htdocs\hvlv\protected\components\Controller.php (84)
2023/10/23 08:45:45 [warning] [application] Failed to set unsafe attribute "pbn" of "ImParcel".
in E:\xampp\htdocs\hvlv\protected\controllers\ImParcelController.php (450)
in E:\xampp\htdocs\hvlv\protected\components\Controller.php (78)
in E:\xampp\htdocs\hvlv\protected\components\Controller.php (84)
2023/10/23 08:45:46 [warning] [application] Failed to set unsafe attribute "pbn" of "ImParcel".
in E:\xampp\htdocs\hvlv\protected\controllers\ImParcelController.php (450)
in E:\xampp\htdocs\hvlv\protected\components\Controller.php (78)
in E:\xampp\htdocs\hvlv\protected\components\Controller.php (84)
2023/10/23 08:45:46 [warning] [application] Failed to set unsafe attribute "pbn" of "ImParcel".
in E:\xampp\htdocs\hvlv\protected\controllers\ImParcelController.php (450)
in E:\xampp\htdocs\hvlv\protected\components\Controller.php (78)
in E:\xampp\htdocs\hvlv\protected\components\Controller.php (84)
2023/10/23 08:45:47 [warning] [application] Failed to set unsafe attribute "pbn" of "ImParcel".
in E:\xampp\htdocs\hvlv\protected\controllers\ImParcelController.php (450)
in E:\xampp\htdocs\hvlv\protected\components\Controller.php (78)
in E:\xampp\htdocs\hvlv\protected\components\Controller.php (84)
2023/10/23 08:45:47 [warning] [application] Failed to set unsafe attribute "pbn" of "ImParcel".
in E:\xampp\htdocs\hvlv\protected\controllers\ImParcelController.php (450)
in E:\xampp\htdocs\hvlv\protected\components\Controller.php (78)
in E:\xampp\htdocs\hvlv\protected\components\Controller.php (84)
2023/10/23 08:45:47 [warning] [application] Failed to set unsafe attribute "pbn" of "ImParcel".
in E:\xampp\htdocs\hvlv\protected\controllers\ImParcelController.php (450)
in E:\xampp\htdocs\hvlv\protected\components\Controller.php (78)
in E:\xampp\htdocs\hvlv\protected\components\Controller.php (84)
2023/10/23 08:45:48 [warning] [application] Failed to set unsafe attribute "pbn" of "ImParcel".
in E:\xampp\htdocs\hvlv\protected\controllers\ImParcelController.php (450)
in E:\xampp\htdocs\hvlv\protected\components\Controller.php (78)
in E:\xampp\htdocs\hvlv\protected\components\Controller.php (84)
2023/10/23 08:45:48 [warning] [application] Failed to set unsafe attribute "pbn" of "ImParcel".
in E:\xampp\htdocs\hvlv\protected\controllers\ImParcelController.php (450)
in E:\xampp\htdocs\hvlv\protected\components\Controller.php (78)
in E:\xampp\htdocs\hvlv\protected\components\Controller.php (84)
2023/10/23 08:45:49 [warning] [application] Failed to set unsafe attribute "pbn" of "ImParcel".
in E:\xampp\htdocs\hvlv\protected\controllers\ImParcelController.php (450)
in E:\xampp\htdocs\hvlv\protected\components\Controller.php (78)
in E:\xampp\htdocs\hvlv\protected\components\Controller.php (84)
2023/10/23 08:45:49 [warning] [application] Failed to set unsafe attribute "pbn" of "ImParcel".
in E:\xampp\htdocs\hvlv\protected\controllers\ImParcelController.php (450)
in E:\xampp\htdocs\hvlv\protected\components\Controller.php (78)
in E:\xampp\htdocs\hvlv\protected\components\Controller.php (84)
2023/10/23 08:45:49 [warning] [application] Failed to set unsafe attribute "pbn" of "ImParcel".
in E:\xampp\htdocs\hvlv\protected\controllers\ImParcelController.php (450)
in E:\xampp\htdocs\hvlv\protected\components\Controller.php (78)
in E:\xampp\htdocs\hvlv\protected\components\Controller.php (84)
2023/10/23 08:45:50 [warning] [application] Failed to set unsafe attribute "pbn" of "ImParcel".
in E:\xampp\htdocs\hvlv\protected\controllers\ImParcelController.php (450)
in E:\xampp\htdocs\hvlv\protected\components\Controller.php (78)
in E:\xampp\htdocs\hvlv\protected\components\Controller.php (84)
2023/10/23 08:45:50 [warning] [application] Failed to set unsafe attribute "pbn" of "ImParcel".
in E:\xampp\htdocs\hvlv\protected\controllers\ImParcelController.php (450)
in E:\xampp\htdocs\hvlv\protected\components\Controller.php (78)
in E:\xampp\htdocs\hvlv\protected\components\Controller.php (84)
2023/10/23 08:45:51 [warning] [application] Failed to set unsafe attribute "pbn" of "ImParcel".
in E:\xampp\htdocs\hvlv\protected\controllers\ImParcelController.php (450)
in E:\xampp\htdocs\hvlv\protected\components\Controller.php (78)
in E:\xampp\htdocs\hvlv\protected\components\Controller.php (84)
2023/10/23 08:45:51 [warning] [application] Failed to set unsafe attribute "pbn" of "ImParcel".
in E:\xampp\htdocs\hvlv\protected\controllers\ImParcelController.php (450)
in E:\xampp\htdocs\hvlv\protected\components\Controller.php (78)
in E:\xampp\htdocs\hvlv\protected\components\Controller.php (84)
2023/10/23 08:45:52 [warning] [application] Failed to set unsafe attribute "pbn" of "ImParcel".
in E:\xampp\htdocs\hvlv\protected\controllers\ImParcelController.php (450)
in E:\xampp\htdocs\hvlv\protected\components\Controller.php (78)
in E:\xampp\htdocs\hvlv\protected\components\Controller.php (84)
2023/10/23 08:45:52 [warning] [application] Failed to set unsafe attribute "pbn" of "ImParcel".
in E:\xampp\htdocs\hvlv\protected\controllers\ImParcelController.php (450)
in E:\xampp\htdocs\hvlv\protected\components\Controller.php (78)
in E:\xampp\htdocs\hvlv\protected\components\Controller.php (84)
2023/10/23 08:45:52 [warning] [application] Failed to set unsafe attribute "pbn" of "ImParcel".
in E:\xampp\htdocs\hvlv\protected\controllers\ImParcelController.php (450)
in E:\xampp\htdocs\hvlv\protected\components\Controller.php (78)
in E:\xampp\htdocs\hvlv\protected\components\Controller.php (84)
2023/10/23 08:45:53 [warning] [application] Failed to set unsafe attribute "pbn" of "ImParcel".
in E:\xampp\htdocs\hvlv\protected\controllers\ImParcelController.php (450)
in E:\xampp\htdocs\hvlv\protected\components\Controller.php (78)
in E:\xampp\htdocs\hvlv\protected\components\Controller.php (84)
2023/10/23 08:45:53 [warning] [application] Failed to set unsafe attribute "pbn" of "ImParcel".
in E:\xampp\htdocs\hvlv\protected\controllers\ImParcelController.php (450)
in E:\xampp\htdocs\hvlv\protected\components\Controller.php (78)
in E:\xampp\htdocs\hvlv\protected\components\Controller.php (84)
2023/10/23 08:45:54 [warning] [application] Failed to set unsafe attribute "pbn" of "ImParcel".
in E:\xampp\htdocs\hvlv\protected\controllers\ImParcelController.php (450)
in E:\xampp\htdocs\hvlv\protected\components\Controller.php (78)
in E:\xampp\htdocs\hvlv\protected\components\Controller.php (84)
2023/10/23 08:45:54 [warning] [application] Failed to set unsafe attribute "pbn" of "ImParcel".
in E:\xampp\htdocs\hvlv\protected\controllers\ImParcelController.php (450)
in E:\xampp\htdocs\hvlv\protected\components\Controller.php (78)
in E:\xampp\htdocs\hvlv\protected\components\Controller.php (84)
2023/10/23 08:45:56 [warning] [application] Failed to set unsafe attribute "pbn" of "ImParcel".
in E:\xampp\htdocs\hvlv\protected\controllers\ImParcelController.php (450)
in E:\xampp\htdocs\hvlv\protected\components\Controller.php (78)
in E:\xampp\htdocs\hvlv\protected\components\Controller.php (84)
2023/10/23 08:45:56 [warning] [application] Failed to set unsafe attribute "pbn" of "ImParcel".
in E:\xampp\htdocs\hvlv\protected\controllers\ImParcelController.php (450)
in E:\xampp\htdocs\hvlv\protected\components\Controller.php (78)
in E:\xampp\htdocs\hvlv\protected\components\Controller.php (84)
2023/10/23 08:45:58 [warning] [application] Failed to set unsafe attribute "pbn" of "ImParcel".
in E:\xampp\htdocs\hvlv\protected\controllers\ImParcelController.php (450)
in E:\xampp\htdocs\hvlv\protected\components\Controller.php (78)
in E:\xampp\htdocs\hvlv\protected\components\Controller.php (84)
2023/10/23 08:46:00 [warning] [application] Failed to set unsafe attribute "pbn" of "ImParcel".
in E:\xampp\htdocs\hvlv\protected\controllers\ImParcelController.php (450)
in E:\xampp\htdocs\hvlv\protected\components\Controller.php (78)
in E:\xampp\htdocs\hvlv\protected\components\Controller.php (84)
2023/10/23 08:46:02 [warning] [application] Failed to set unsafe attribute "pbn" of "ImParcel".
in E:\xampp\htdocs\hvlv\protected\controllers\ImParcelController.php (450)
in E:\xampp\htdocs\hvlv\protected\components\Controller.php (78)
in E:\xampp\htdocs\hvlv\protected\components\Controller.php (84)
2023/10/23 08:46:04 [warning] [application] Failed to set unsafe attribute "pbn" of "ImParcel".
in E:\xampp\htdocs\hvlv\protected\controllers\ImParcelController.php (450)
in E:\xampp\htdocs\hvlv\protected\components\Controller.php (78)
in E:\xampp\htdocs\hvlv\protected\components\Controller.php (84)
2023/10/23 08:46:06 [warning] [application] Failed to set unsafe attribute "pbn" of "ImParcel".
in E:\xampp\htdocs\hvlv\protected\controllers\ImParcelController.php (450)
in E:\xampp\htdocs\hvlv\protected\components\Controller.php (78)
in E:\xampp\htdocs\hvlv\protected\components\Controller.php (84)
2023/10/23 08:46:08 [warning] [application] Failed to set unsafe attribute "pbn" of "ImParcel".
in E:\xampp\htdocs\hvlv\protected\controllers\ImParcelController.php (450)
in E:\xampp\htdocs\hvlv\protected\components\Controller.php (78)
in E:\xampp\htdocs\hvlv\protected\components\Controller.php (84)
2023/10/23 08:46:10 [warning] [application] Failed to set unsafe attribute "pbn" of "ImParcel".
in E:\xampp\htdocs\hvlv\protected\controllers\ImParcelController.php (450)
in E:\xampp\htdocs\hvlv\protected\components\Controller.php (78)
in E:\xampp\htdocs\hvlv\protected\components\Controller.php (84)
2023/10/23 08:46:12 [warning] [application] Failed to set unsafe attribute "pbn" of "ImParcel".
in E:\xampp\htdocs\hvlv\protected\controllers\ImParcelController.php (450)
in E:\xampp\htdocs\hvlv\protected\components\Controller.php (78)
in E:\xampp\htdocs\hvlv\protected\components\Controller.php (84)
2023/10/23 08:46:12 [warning] [application] Failed to set unsafe attribute "pbn" of "ImParcel".
in E:\xampp\htdocs\hvlv\protected\controllers\ImParcelController.php (450)
in E:\xampp\htdocs\hvlv\protected\components\Controller.php (78)
in E:\xampp\htdocs\hvlv\protected\components\Controller.php (84)
2023/10/23 08:46:13 [warning] [application] Failed to set unsafe attribute "pbn" of "ImParcel".
in E:\xampp\htdocs\hvlv\protected\controllers\ImParcelController.php (450)
in E:\xampp\htdocs\hvlv\protected\components\Controller.php (78)
in E:\xampp\htdocs\hvlv\protected\components\Controller.php (84)
2023/10/23 08:46:13 [warning] [application] Failed to set unsafe attribute "pbn" of "ImParcel".
in E:\xampp\htdocs\hvlv\protected\controllers\ImParcelController.php (450)
in E:\xampp\htdocs\hvlv\protected\components\Controller.php (78)
in E:\xampp\htdocs\hvlv\protected\components\Controller.php (84)
2023/10/23 08:46:15 [warning] [application] Failed to set unsafe attribute "pbn" of "ImParcel".
in E:\xampp\htdocs\hvlv\protected\controllers\ImParcelController.php (450)
in E:\xampp\htdocs\hvlv\protected\components\Controller.php (78)
in E:\xampp\htdocs\hvlv\protected\components\Controller.php (84)
2023/10/23 08:46:17 [warning] [application] Failed to set unsafe attribute "pbn" of "ImParcel".
in E:\xampp\htdocs\hvlv\protected\controllers\ImParcelController.php (450)
in E:\xampp\htdocs\hvlv\protected\components\Controller.php (78)
in E:\xampp\htdocs\hvlv\protected\components\Controller.php (84)
2023/10/23 08:46:19 [warning] [application] Failed to set unsafe attribute "pbn" of "ImParcel".
in E:\xampp\htdocs\hvlv\protected\controllers\ImParcelController.php (450)
in E:\xampp\htdocs\hvlv\protected\components\Controller.php (78)
in E:\xampp\htdocs\hvlv\protected\components\Controller.php (84)
2023/10/23 08:46:21 [warning] [application] Failed to set unsafe attribute "pbn" of "ImParcel".
in E:\xampp\htdocs\hvlv\protected\controllers\ImParcelController.php (450)
in E:\xampp\htdocs\hvlv\protected\components\Controller.php (78)
in E:\xampp\htdocs\hvlv\protected\components\Controller.php (84)
2023/10/23 08:46:23 [warning] [application] Failed to set unsafe attribute "pbn" of "ImParcel".
in E:\xampp\htdocs\hvlv\protected\controllers\ImParcelController.php (450)
in E:\xampp\htdocs\hvlv\protected\components\Controller.php (78)
in E:\xampp\htdocs\hvlv\protected\components\Controller.php (84)
2023/10/23 08:46:25 [warning] [application] Failed to set unsafe attribute "pbn" of "ImParcel".
in E:\xampp\htdocs\hvlv\protected\controllers\ImParcelController.php (450)
in E:\xampp\htdocs\hvlv\protected\components\Controller.php (78)
in E:\xampp\htdocs\hvlv\protected\components\Controller.php (84)
2023/10/23 08:46:27 [warning] [application] Failed to set unsafe attribute "pbn" of "ImParcel".
in E:\xampp\htdocs\hvlv\protected\controllers\ImParcelController.php (450)
in E:\xampp\htdocs\hvlv\protected\components\Controller.php (78)
in E:\xampp\htdocs\hvlv\protected\components\Controller.php (84)
2023/10/23 08:46:29 [warning] [application] Failed to set unsafe attribute "pbn" of "ImParcel".
in E:\xampp\htdocs\hvlv\protected\controllers\ImParcelController.php (450)
in E:\xampp\htdocs\hvlv\protected\components\Controller.php (78)
in E:\xampp\htdocs\hvlv\protected\components\Controller.php (84)
2023/10/23 08:46:31 [warning] [application] Failed to set unsafe attribute "pbn" of "ImParcel".
in E:\xampp\htdocs\hvlv\protected\controllers\ImParcelController.php (450)
in E:\xampp\htdocs\hvlv\protected\components\Controller.php (78)
in E:\xampp\htdocs\hvlv\protected\components\Controller.php (84)
2023/10/23 08:46:33 [warning] [application] Failed to set unsafe attribute "pbn" of "ImParcel".
in E:\xampp\htdocs\hvlv\protected\controllers\ImParcelController.php (450)
in E:\xampp\htdocs\hvlv\protected\components\Controller.php (78)
in E:\xampp\htdocs\hvlv\protected\components\Controller.php (84)
2023/10/23 08:46:35 [warning] [application] Failed to set unsafe attribute "pbn" of "ImParcel".
in E:\xampp\htdocs\hvlv\protected\controllers\ImParcelController.php (450)
in E:\xampp\htdocs\hvlv\protected\components\Controller.php (78)
in E:\xampp\htdocs\hvlv\protected\components\Controller.php (84)
2023/10/23 08:46:37 [warning] [application] Failed to set unsafe attribute "pbn" of "ImParcel".
in E:\xampp\htdocs\hvlv\protected\controllers\ImParcelController.php (450)
in E:\xampp\htdocs\hvlv\protected\components\Controller.php (78)
in E:\xampp\htdocs\hvlv\protected\components\Controller.php (84)
2023/10/23 08:46:37 [warning] [application] Failed to set unsafe attribute "pbn" of "ImParcel".
in E:\xampp\htdocs\hvlv\protected\controllers\ImParcelController.php (450)
in E:\xampp\htdocs\hvlv\protected\components\Controller.php (78)
in E:\xampp\htdocs\hvlv\protected\components\Controller.php (84)
2023/10/23 08:46:38 [warning] [application] Failed to set unsafe attribute "pbn" of "ImParcel".
in E:\xampp\htdocs\hvlv\protected\controllers\ImParcelController.php (450)
in E:\xampp\htdocs\hvlv\protected\components\Controller.php (78)
in E:\xampp\htdocs\hvlv\protected\components\Controller.php (84)
2023/10/23 08:46:38 [warning] [application] Failed to set unsafe attribute "pbn" of "ImParcel".
in E:\xampp\htdocs\hvlv\protected\controllers\ImParcelController.php (450)
in E:\xampp\htdocs\hvlv\protected\components\Controller.php (78)
in E:\xampp\htdocs\hvlv\protected\components\Controller.php (84)
2023/10/23 08:46:39 [warning] [application] Failed to set unsafe attribute "pbn" of "ImParcel".
in E:\xampp\htdocs\hvlv\protected\controllers\ImParcelController.php (450)
in E:\xampp\htdocs\hvlv\protected\components\Controller.php (78)
in E:\xampp\htdocs\hvlv\protected\components\Controller.php (84)
2023/10/23 08:46:39 [warning] [application] Failed to set unsafe attribute "pbn" of "ImParcel".
in E:\xampp\htdocs\hvlv\protected\controllers\ImParcelController.php (450)
in E:\xampp\htdocs\hvlv\protected\components\Controller.php (78)
in E:\xampp\htdocs\hvlv\protected\components\Controller.php (84)
2023/10/23 08:46:40 [warning] [application] Failed to set unsafe attribute "pbn" of "ImParcel".
in E:\xampp\htdocs\hvlv\protected\controllers\ImParcelController.php (450)
in E:\xampp\htdocs\hvlv\protected\components\Controller.php (78)
in E:\xampp\htdocs\hvlv\protected\components\Controller.php (84)
2023/10/23 08:46:40 [warning] [application] Failed to set unsafe attribute "pbn" of "ImParcel".
in E:\xampp\htdocs\hvlv\protected\controllers\ImParcelController.php (450)
in E:\xampp\htdocs\hvlv\protected\components\Controller.php (78)
in E:\xampp\htdocs\hvlv\protected\components\Controller.php (84)
2023/10/23 08:46:40 [warning] [application] Failed to set unsafe attribute "pbn" of "ImParcel".
in E:\xampp\htdocs\hvlv\protected\controllers\ImParcelController.php (450)
in E:\xampp\htdocs\hvlv\protected\components\Controller.php (78)
in E:\xampp\htdocs\hvlv\protected\components\Controller.php (84)
2023/10/23 08:46:41 [warning] [application] Failed to set unsafe attribute "pbn" of "ImParcel".
in E:\xampp\htdocs\hvlv\protected\controllers\ImParcelController.php (450)
in E:\xampp\htdocs\hvlv\protected\components\Controller.php (78)
in E:\xampp\htdocs\hvlv\protected\components\Controller.php (84)
2023/10/23 08:46:41 [warning] [application] Failed to set unsafe attribute "pbn" of "ImParcel".
in E:\xampp\htdocs\hvlv\protected\controllers\ImParcelController.php (450)
in E:\xampp\htdocs\hvlv\protected\components\Controller.php (78)
in E:\xampp\htdocs\hvlv\protected\components\Controller.php (84)
2023/10/23 08:46:42 [warning] [application] Failed to set unsafe attribute "pbn" of "ImParcel".
in E:\xampp\htdocs\hvlv\protected\controllers\ImParcelController.php (450)
in E:\xampp\htdocs\hvlv\protected\components\Controller.php (78)
in E:\xampp\htdocs\hvlv\protected\components\Controller.php (84)
2023/10/23 08:46:42 [warning] [application] Failed to set unsafe attribute "pbn" of "ImParcel".
in E:\xampp\htdocs\hvlv\protected\controllers\ImParcelController.php (450)
in E:\xampp\htdocs\hvlv\protected\components\Controller.php (78)
in E:\xampp\htdocs\hvlv\protected\components\Controller.php (84)
2023/10/23 08:46:42 [warning] [application] Failed to set unsafe attribute "pbn" of "ImParcel".
in E:\xampp\htdocs\hvlv\protected\controllers\ImParcelController.php (450)
in E:\xampp\htdocs\hvlv\protected\components\Controller.php (78)
in E:\xampp\htdocs\hvlv\protected\components\Controller.php (84)
2023/10/23 08:46:43 [warning] [application] Failed to set unsafe attribute "pbn" of "ImParcel".
in E:\xampp\htdocs\hvlv\protected\controllers\ImParcelController.php (450)
in E:\xampp\htdocs\hvlv\protected\components\Controller.php (78)
in E:\xampp\htdocs\hvlv\protected\components\Controller.php (84)
2023/10/23 08:46:43 [warning] [application] Failed to set unsafe attribute "pbn" of "ImParcel".
in E:\xampp\htdocs\hvlv\protected\controllers\ImParcelController.php (450)
in E:\xampp\htdocs\hvlv\protected\components\Controller.php (78)
in E:\xampp\htdocs\hvlv\protected\components\Controller.php (84)
2023/10/23 08:46:44 [warning] [application] Failed to set unsafe attribute "pbn" of "ImParcel".
in E:\xampp\htdocs\hvlv\protected\controllers\ImParcelController.php (450)
in E:\xampp\htdocs\hvlv\protected\components\Controller.php (78)
in E:\xampp\htdocs\hvlv\protected\components\Controller.php (84)
2023/10/23 08:46:44 [warning] [application] Failed to set unsafe attribute "pbn" of "ImParcel".
in E:\xampp\htdocs\hvlv\protected\controllers\ImParcelController.php (450)
in E:\xampp\htdocs\hvlv\protected\components\Controller.php (78)
in E:\xampp\htdocs\hvlv\protected\components\Controller.php (84)
2023/10/23 08:46:45 [warning] [application] Failed to set unsafe attribute "pbn" of "ImParcel".
in E:\xampp\htdocs\hvlv\protected\controllers\ImParcelController.php (450)
in E:\xampp\htdocs\hvlv\protected\components\Controller.php (78)
in E:\xampp\htdocs\hvlv\protected\components\Controller.php (84)
2023/10/23 08:46:45 [warning] [application] Failed to set unsafe attribute "pbn" of "ImParcel".
in E:\xampp\htdocs\hvlv\protected\controllers\ImParcelController.php (450)
in E:\xampp\htdocs\hvlv\protected\components\Controller.php (78)
in E:\xampp\htdocs\hvlv\protected\components\Controller.php (84)
2023/10/23 08:46:45 [warning] [application] Failed to set unsafe attribute "pbn" of "ImParcel".
in E:\xampp\htdocs\hvlv\protected\controllers\ImParcelController.php (450)
in E:\xampp\htdocs\hvlv\protected\components\Controller.php (78)
in E:\xampp\htdocs\hvlv\protected\components\Controller.php (84)
2023/10/23 08:46:46 [warning] [application] Failed to set unsafe attribute "pbn" of "ImParcel".
in E:\xampp\htdocs\hvlv\protected\controllers\ImParcelController.php (450)
in E:\xampp\htdocs\hvlv\protected\components\Controller.php (78)
in E:\xampp\htdocs\hvlv\protected\components\Controller.php (84)
2023/10/23 08:46:59 [warning] [application] Failed to set unsafe attribute "pbn" of "ImParcel".
in E:\xampp\htdocs\hvlv\protected\controllers\ImParcelController.php (450)
in E:\xampp\htdocs\hvlv\protected\components\Controller.php (78)
in E:\xampp\htdocs\hvlv\protected\components\Controller.php (84)
2023/10/23 08:47:55 [warning] [application] Failed to set unsafe attribute "pbn" of "ImParcel".
in E:\xampp\htdocs\hvlv\protected\controllers\ImParcelController.php (450)
in E:\xampp\htdocs\hvlv\protected\components\Controller.php (78)
in E:\xampp\htdocs\hvlv\protected\components\Controller.php (84)
2023/10/23 08:47:55 [warning] [application] Failed to set unsafe attribute "pbn" of "ImParcel".
in E:\xampp\htdocs\hvlv\protected\controllers\ImParcelController.php (450)
in E:\xampp\htdocs\hvlv\protected\components\Controller.php (78)
in E:\xampp\htdocs\hvlv\protected\components\Controller.php (84)
2023/10/23 08:47:55 [warning] [application] Failed to set unsafe attribute "pbn" of "ImParcel".
in E:\xampp\htdocs\hvlv\protected\controllers\ImParcelController.php (450)
in E:\xampp\htdocs\hvlv\protected\components\Controller.php (78)
in E:\xampp\htdocs\hvlv\protected\components\Controller.php (84)
2023/10/23 08:49:31 [warning] [application] Failed to set unsafe attribute "pbn" of "ImParcel".
in E:\xampp\htdocs\hvlv\protected\controllers\ImParcelController.php (450)
in E:\xampp\htdocs\hvlv\protected\components\Controller.php (78)
in E:\xampp\htdocs\hvlv\protected\components\Controller.php (84)
2023/10/23 08:49:31 [warning] [application] Failed to set unsafe attribute "pbn" of "ImParcel".
in E:\xampp\htdocs\hvlv\protected\controllers\ImParcelController.php (450)
in E:\xampp\htdocs\hvlv\protected\components\Controller.php (78)
in E:\xampp\htdocs\hvlv\protected\components\Controller.php (84)
2023/10/23 08:49:31 [warning] [application] Failed to set unsafe attribute "pbn" of "ImParcel".
in E:\xampp\htdocs\hvlv\protected\controllers\ImParcelController.php (450)
in E:\xampp\htdocs\hvlv\protected\components\Controller.php (78)
in E:\xampp\htdocs\hvlv\protected\components\Controller.php (84)
2023/10/23 08:54:52 [warning] [application] Failed to set unsafe attribute "pbn" of "ImParcel".
in E:\xampp\htdocs\hvlv\protected\controllers\ImParcelController.php (450)
in E:\xampp\htdocs\hvlv\protected\components\Controller.php (78)
in E:\xampp\htdocs\hvlv\protected\components\Controller.php (84)
2023/10/23 08:54:54 [warning] [application] Failed to set unsafe attribute "pbn" of "ImParcel".
in E:\xampp\htdocs\hvlv\protected\controllers\ImParcelController.php (450)
in E:\xampp\htdocs\hvlv\protected\components\Controller.php (78)
in E:\xampp\htdocs\hvlv\protected\components\Controller.php (84)
2023/10/23 08:54:57 [warning] [application] Failed to set unsafe attribute "pbn" of "ImParcel".
in E:\xampp\htdocs\hvlv\protected\controllers\ImParcelController.php (450)
in E:\xampp\htdocs\hvlv\protected\components\Controller.php (78)
in E:\xampp\htdocs\hvlv\protected\components\Controller.php (84)
2023/10/23 08:54:57 [warning] [application] Failed to set unsafe attribute "pbn" of "ImParcel".
in E:\xampp\htdocs\hvlv\protected\controllers\ImParcelController.php (450)
in E:\xampp\htdocs\hvlv\protected\components\Controller.php (78)
in E:\xampp\htdocs\hvlv\protected\components\Controller.php (84)
2023/10/23 08:54:57 [warning] [application] Failed to set unsafe attribute "pbn" of "ImParcel".
in E:\xampp\htdocs\hvlv\protected\controllers\ImParcelController.php (450)
in E:\xampp\htdocs\hvlv\protected\components\Controller.php (78)
in E:\xampp\htdocs\hvlv\protected\components\Controller.php (84)
2023/10/23 09:06:15 [warning] [application] Failed to set unsafe attribute "pbn" of "ImParcel".
in E:\xampp\htdocs\hvlv\protected\controllers\ImParcelController.php (450)
in E:\xampp\htdocs\hvlv\protected\components\Controller.php (78)
in E:\xampp\htdocs\hvlv\protected\components\Controller.php (84)
2023/10/23 09:18:49 [warning] [application] Failed to set unsafe attribute "pbn" of "ImParcel".
in E:\xampp\htdocs\hvlv\protected\controllers\ImParcelController.php (450)
in E:\xampp\htdocs\hvlv\protected\components\Controller.php (78)
in E:\xampp\htdocs\hvlv\protected\components\Controller.php (84)
2023/10/23 09:45:25 [error] [php] Trying to get property 'ddpt_id' of non-object (E:\xampp\htdocs\hvlv\protected\commands\azCommand.php:1729)
Stack trace:
#0 E:\xampp\htdocs\hvlv\protected\commands\azCommand.php(17): azCommand->courierCanDelivery()
#1 E:\xampp\php\pear\YiiFramework\console\CConsoleCommandRunner.php(71): azCommand->run()
#2 E:\xampp\php\pear\YiiFramework\console\CConsoleApplication.php(92): CConsoleCommandRunner->run()
#3 E:\xampp\php\pear\YiiFramework\base\CApplication.php(185): CConsoleApplication->processRequest()
#4 E:\xampp\php\pear\YiiFramework\yiic.php(33): CConsoleApplication->run()
#5 E:\xampp\htdocs\hvlv\protected\yiic.php(6): require_once()

2023/10/23 09:48:30 [warning] [application] Failed to set unsafe attribute "pbn" of "ImParcel".
in E:\xampp\htdocs\hvlv\protected\controllers\ImParcelController.php (450)
in E:\xampp\htdocs\hvlv\protected\components\Controller.php (78)
in E:\xampp\htdocs\hvlv\protected\components\Controller.php (84)
2023/10/23 10:37:11 [error] [system.db.CDbCommand] CDbCommand::execute() failed: SQLSTATE[23000]: Integrity constraint violation: 1062 Duplicate entry 'a66b9fa83c1e6768996f6afaa4aec02e' for key 'PRIMARY'. The SQL statement executed was: INSERT INTO YiiCache (id,expire,value) VALUES ('a66b9fa83c1e6768996f6afaa4aec02e',1698057431,:value).
in E:\xampp\htdocs\hvlv\protected\services\Service.php (222)
in E:\xampp\htdocs\hvlv\protected\components\Controller.php (67)
in E:\xampp\htdocs\hvlv\protected\components\Controller.php (84)
2023/10/23 10:37:12 [error] [php] Undefined index: total (E:\xampp\htdocs\hvlv\protected\components\Dash.php:305)
Stack trace:
#0 E:\xampp\htdocs\hvlv\protected\views\dash\wid_kprp.php(20): Dash->getCargoProcessReport()
#1 E:\xampp\php\pear\YiiFramework\web\CBaseController.php(126): require()
#2 E:\xampp\php\pear\YiiFramework\web\CBaseController.php(95): DashController->renderInternal()
#3 E:\xampp\php\pear\YiiFramework\web\CController.php(872): DashController->renderFile()
#4 E:\xampp\php\pear\YiiFramework\web\CController.php(785): DashController->renderPartial()
#5 E:\xampp\htdocs\hvlv\protected\controllers\DashController.php(45): DashController->render()
#6 E:\xampp\htdocs\hvlv\protected\views\dash\_widget.php(10): DashController->actionWidget()
#7 E:\xampp\php\pear\YiiFramework\web\CBaseController.php(126): require()
#8 E:\xampp\php\pear\YiiFramework\web\CBaseController.php(95): DashController->renderInternal()
#9 E:\xampp\php\pear\YiiFramework\web\CController.php(872): DashController->renderFile()
#10 E:\xampp\php\pear\YiiFramework\web\CController.php(785): DashController->renderPartial()
#11 E:\xampp\htdocs\hvlv\protected\views\dash\index.php(6): DashController->render()
#12 E:\xampp\php\pear\YiiFramework\web\CBaseController.php(126): require()
#13 E:\xampp\php\pear\YiiFramework\web\CBaseController.php(95): DashController->renderInternal()
#14 E:\xampp\php\pear\YiiFramework\web\CController.php(872): DashController->renderFile()
#15 E:\xampp\php\pear\YiiFramework\web\CController.php(785): DashController->renderPartial()
#16 E:\xampp\htdocs\hvlv\protected\controllers\DashController.php(93): DashController->render()
#17 E:\xampp\php\pear\YiiFramework\web\actions\CInlineAction.php(49): DashController->actionIndex()
#18 E:\xampp\php\pear\YiiFramework\web\CController.php(308): CInlineAction->runWithParams()
#19 E:\xampp\php\pear\YiiFramework\web\filters\CFilterChain.php(134): DashController->runAction()
#20 E:\xampp\htdocs\hvlv\protected\components\Controller.php(78): CFilterChain->run()
#21 E:\xampp\php\pear\YiiFramework\web\filters\CInlineFilter.php(58): DashController->filterAccessControl()
#22 E:\xampp\php\pear\YiiFramework\web\filters\CFilterChain.php(131): CInlineFilter->filter()
#23 E:\xampp\htdocs\hvlv\protected\components\Controller.php(84): CFilterChain->run()
#24 E:\xampp\php\pear\YiiFramework\web\filters\CInlineFilter.php(58): DashController->filterAjaxOnly()
#25 E:\xampp\php\pear\YiiFramework\web\filters\CFilterChain.php(131): CInlineFilter->filter()
#26 E:\xampp\php\pear\YiiFramework\web\CController.php(291): CFilterChain->run()
#27 E:\xampp\php\pear\YiiFramework\web\CController.php(265): DashController->runActionWithFilters()
#28 E:\xampp\php\pear\YiiFramework\web\CWebApplication.php(282): DashController->run()
#29 E:\xampp\php\pear\YiiFramework\web\CWebApplication.php(141): CWebApplication->runController()
#30 E:\xampp\php\pear\YiiFramework\base\CApplication.php(185): CWebApplication->processRequest()
#31 E:\xampp\htdocs\hvlv\index.php(14): CWebApplication->run()
REQUEST_URI=/hvlv/dash.app?&tabid=jqDynTabs45Tab4
in E:\xampp\htdocs\hvlv\protected\components\Dash.php (305)
in E:\xampp\htdocs\hvlv\protected\views\dash\wid_kprp.php (20)
in E:\xampp\htdocs\hvlv\protected\controllers\DashController.php (45)
2023/10/23 10:37:33 [warning] [application] Failed to set unsafe attribute "pbn" of "ImParcel".
in E:\xampp\htdocs\hvlv\protected\controllers\ImParcelController.php (450)
in E:\xampp\htdocs\hvlv\protected\components\Controller.php (78)
in E:\xampp\htdocs\hvlv\protected\components\Controller.php (84)
2023/10/23 11:17:45 [error] [php] Undefined index: total (E:\xampp\htdocs\hvlv\protected\components\Dash.php:305)
Stack trace:
#0 E:\xampp\htdocs\hvlv\protected\views\dash\wid_kprp.php(20): Dash->getCargoProcessReport()
#1 E:\xampp\php\pear\YiiFramework\web\CBaseController.php(126): require()
#2 E:\xampp\php\pear\YiiFramework\web\CBaseController.php(95): DashController->renderInternal()
#3 E:\xampp\php\pear\YiiFramework\web\CController.php(872): DashController->renderFile()
#4 E:\xampp\php\pear\YiiFramework\web\CController.php(785): DashController->renderPartial()
#5 E:\xampp\htdocs\hvlv\protected\controllers\DashController.php(45): DashController->render()
#6 E:\xampp\htdocs\hvlv\protected\views\dash\_widget.php(10): DashController->actionWidget()
#7 E:\xampp\php\pear\YiiFramework\web\CBaseController.php(126): require()
#8 E:\xampp\php\pear\YiiFramework\web\CBaseController.php(95): DashController->renderInternal()
#9 E:\xampp\php\pear\YiiFramework\web\CController.php(872): DashController->renderFile()
#10 E:\xampp\php\pear\YiiFramework\web\CController.php(785): DashController->renderPartial()
#11 E:\xampp\htdocs\hvlv\protected\views\dash\index.php(6): DashController->render()
#12 E:\xampp\php\pear\YiiFramework\web\CBaseController.php(126): require()
#13 E:\xampp\php\pear\YiiFramework\web\CBaseController.php(95): DashController->renderInternal()
#14 E:\xampp\php\pear\YiiFramework\web\CController.php(872): DashController->renderFile()
#15 E:\xampp\php\pear\YiiFramework\web\CController.php(785): DashController->renderPartial()
#16 E:\xampp\htdocs\hvlv\protected\controllers\DashController.php(93): DashController->render()
#17 E:\xampp\php\pear\YiiFramework\web\actions\CInlineAction.php(49): DashController->actionIndex()
#18 E:\xampp\php\pear\YiiFramework\web\CController.php(308): CInlineAction->runWithParams()
#19 E:\xampp\php\pear\YiiFramework\web\filters\CFilterChain.php(134): DashController->runAction()
#20 E:\xampp\htdocs\hvlv\protected\components\Controller.php(78): CFilterChain->run()
#21 E:\xampp\php\pear\YiiFramework\web\filters\CInlineFilter.php(58): DashController->filterAccessControl()
#22 E:\xampp\php\pear\YiiFramework\web\filters\CFilterChain.php(131): CInlineFilter->filter()
#23 E:\xampp\htdocs\hvlv\protected\components\Controller.php(84): CFilterChain->run()
#24 E:\xampp\php\pear\YiiFramework\web\filters\CInlineFilter.php(58): DashController->filterAjaxOnly()
#25 E:\xampp\php\pear\YiiFramework\web\filters\CFilterChain.php(131): CInlineFilter->filter()
#26 E:\xampp\php\pear\YiiFramework\web\CController.php(291): CFilterChain->run()
#27 E:\xampp\php\pear\YiiFramework\web\CController.php(265): DashController->runActionWithFilters()
#28 E:\xampp\php\pear\YiiFramework\web\CWebApplication.php(282): DashController->run()
#29 E:\xampp\php\pear\YiiFramework\web\CWebApplication.php(141): CWebApplication->runController()
#30 E:\xampp\php\pear\YiiFramework\base\CApplication.php(185): CWebApplication->processRequest()
#31 E:\xampp\htdocs\hvlv\index.php(14): CWebApplication->run()
REQUEST_URI=/hvlv/dash.app?&tabid=jqDynTabs4Tab0
in E:\xampp\htdocs\hvlv\protected\components\Dash.php (305)
in E:\xampp\htdocs\hvlv\protected\views\dash\wid_kprp.php (20)
in E:\xampp\htdocs\hvlv\protected\controllers\DashController.php (45)
2023/10/24 01:51:29 [error] [php] Undefined index: total (E:\xampp\htdocs\hvlv\protected\components\Dash.php:305)
Stack trace:
#0 E:\xampp\htdocs\hvlv\protected\views\dash\wid_kprp.php(20): Dash->getCargoProcessReport()
#1 E:\xampp\php\pear\YiiFramework\web\CBaseController.php(126): require()
#2 E:\xampp\php\pear\YiiFramework\web\CBaseController.php(95): DashController->renderInternal()
#3 E:\xampp\php\pear\YiiFramework\web\CController.php(872): DashController->renderFile()
#4 E:\xampp\php\pear\YiiFramework\web\CController.php(785): DashController->renderPartial()
#5 E:\xampp\htdocs\hvlv\protected\controllers\DashController.php(45): DashController->render()
#6 E:\xampp\htdocs\hvlv\protected\views\dash\_widget.php(10): DashController->actionWidget()
#7 E:\xampp\php\pear\YiiFramework\web\CBaseController.php(126): require()
#8 E:\xampp\php\pear\YiiFramework\web\CBaseController.php(95): DashController->renderInternal()
#9 E:\xampp\php\pear\YiiFramework\web\CController.php(872): DashController->renderFile()
#10 E:\xampp\php\pear\YiiFramework\web\CController.php(785): DashController->renderPartial()
#11 E:\xampp\htdocs\hvlv\protected\views\dash\index.php(6): DashController->render()
#12 E:\xampp\php\pear\YiiFramework\web\CBaseController.php(126): require()
#13 E:\xampp\php\pear\YiiFramework\web\CBaseController.php(95): DashController->renderInternal()
#14 E:\xampp\php\pear\YiiFramework\web\CController.php(872): DashController->renderFile()
#15 E:\xampp\php\pear\YiiFramework\web\CController.php(785): DashController->renderPartial()
#16 E:\xampp\htdocs\hvlv\protected\controllers\DashController.php(93): DashController->render()
#17 E:\xampp\php\pear\YiiFramework\web\actions\CInlineAction.php(49): DashController->actionIndex()
#18 E:\xampp\php\pear\YiiFramework\web\CController.php(308): CInlineAction->runWithParams()
#19 E:\xampp\php\pear\YiiFramework\web\filters\CFilterChain.php(134): DashController->runAction()
#20 E:\xampp\htdocs\hvlv\protected\components\Controller.php(78): CFilterChain->run()
#21 E:\xampp\php\pear\YiiFramework\web\filters\CInlineFilter.php(58): DashController->filterAccessControl()
#22 E:\xampp\php\pear\YiiFramework\web\filters\CFilterChain.php(131): CInlineFilter->filter()
#23 E:\xampp\htdocs\hvlv\protected\components\Controller.php(84): CFilterChain->run()
#24 E:\xampp\php\pear\YiiFramework\web\filters\CInlineFilter.php(58): DashController->filterAjaxOnly()
#25 E:\xampp\php\pear\YiiFramework\web\filters\CFilterChain.php(131): CInlineFilter->filter()
#26 E:\xampp\php\pear\YiiFramework\web\CController.php(291): CFilterChain->run()
#27 E:\xampp\php\pear\YiiFramework\web\CController.php(265): DashController->runActionWithFilters()
#28 E:\xampp\php\pear\YiiFramework\web\CWebApplication.php(282): DashController->run()
#29 E:\xampp\php\pear\YiiFramework\web\CWebApplication.php(141): CWebApplication->runController()
#30 E:\xampp\php\pear\YiiFramework\base\CApplication.php(185): CWebApplication->processRequest()
#31 E:\xampp\htdocs\hvlv\index.php(14): CWebApplication->run()
REQUEST_URI=/hvlv/dash.app?&tabid=jqDynTabs94Tab0
in E:\xampp\htdocs\hvlv\protected\components\Dash.php (305)
in E:\xampp\htdocs\hvlv\protected\views\dash\wid_kprp.php (20)
in E:\xampp\htdocs\hvlv\protected\controllers\DashController.php (45)
2023/10/24 02:19:02 [error] [php] Undefined index: total (E:\xampp\htdocs\hvlv\protected\components\Dash.php:305)
Stack trace:
#0 E:\xampp\htdocs\hvlv\protected\views\dash\wid_kprp.php(20): Dash->getCargoProcessReport()
#1 E:\xampp\php\pear\YiiFramework\web\CBaseController.php(126): require()
#2 E:\xampp\php\pear\YiiFramework\web\CBaseController.php(95): DashController->renderInternal()
#3 E:\xampp\php\pear\YiiFramework\web\CController.php(872): DashController->renderFile()
#4 E:\xampp\php\pear\YiiFramework\web\CController.php(785): DashController->renderPartial()
#5 E:\xampp\htdocs\hvlv\protected\controllers\DashController.php(45): DashController->render()
#6 E:\xampp\htdocs\hvlv\protected\views\dash\_widget.php(10): DashController->actionWidget()
#7 E:\xampp\php\pear\YiiFramework\web\CBaseController.php(126): require()
#8 E:\xampp\php\pear\YiiFramework\web\CBaseController.php(95): DashController->renderInternal()
#9 E:\xampp\php\pear\YiiFramework\web\CController.php(872): DashController->renderFile()
#10 E:\xampp\php\pear\YiiFramework\web\CController.php(785): DashController->renderPartial()
#11 E:\xampp\htdocs\hvlv\protected\views\dash\index.php(6): DashController->render()
#12 E:\xampp\php\pear\YiiFramework\web\CBaseController.php(126): require()
#13 E:\xampp\php\pear\YiiFramework\web\CBaseController.php(95): DashController->renderInternal()
#14 E:\xampp\php\pear\YiiFramework\web\CController.php(872): DashController->renderFile()
#15 E:\xampp\php\pear\YiiFramework\web\CController.php(785): DashController->renderPartial()
#16 E:\xampp\htdocs\hvlv\protected\controllers\DashController.php(93): DashController->render()
#17 E:\xampp\php\pear\YiiFramework\web\actions\CInlineAction.php(49): DashController->actionIndex()
#18 E:\xampp\php\pear\YiiFramework\web\CController.php(308): CInlineAction->runWithParams()
#19 E:\xampp\php\pear\YiiFramework\web\filters\CFilterChain.php(134): DashController->runAction()
#20 E:\xampp\htdocs\hvlv\protected\components\Controller.php(78): CFilterChain->run()
#21 E:\xampp\php\pear\YiiFramework\web\filters\CInlineFilter.php(58): DashController->filterAccessControl()
#22 E:\xampp\php\pear\YiiFramework\web\filters\CFilterChain.php(131): CInlineFilter->filter()
#23 E:\xampp\htdocs\hvlv\protected\components\Controller.php(84): CFilterChain->run()
#24 E:\xampp\php\pear\YiiFramework\web\filters\CInlineFilter.php(58): DashController->filterAjaxOnly()
#25 E:\xampp\php\pear\YiiFramework\web\filters\CFilterChain.php(131): CInlineFilter->filter()
#26 E:\xampp\php\pear\YiiFramework\web\CController.php(291): CFilterChain->run()
#27 E:\xampp\php\pear\YiiFramework\web\CController.php(265): DashController->runActionWithFilters()
#28 E:\xampp\php\pear\YiiFramework\web\CWebApplication.php(282): DashController->run()
#29 E:\xampp\php\pear\YiiFramework\web\CWebApplication.php(141): CWebApplication->runController()
#30 E:\xampp\php\pear\YiiFramework\base\CApplication.php(185): CWebApplication->processRequest()
#31 E:\xampp\htdocs\hvlv\index.php(14): CWebApplication->run()
REQUEST_URI=/hvlv/dash.app?&tabid=jqDynTabs32Tab0
in E:\xampp\htdocs\hvlv\protected\components\Dash.php (305)
in E:\xampp\htdocs\hvlv\protected\views\dash\wid_kprp.php (20)
in E:\xampp\htdocs\hvlv\protected\controllers\DashController.php (45)
2023/10/24 02:43:45 [error] [php] Trying to get property 'cnor_id' of non-object (E:\xampp\htdocs\hvlv\protected\components\HvlvJavaAPI.php:118)
Stack trace:
#0 E:\xampp\htdocs\hvlv\protected\components\HvlvJavaAPI.php(103): HvlvJavaAPI->prepareData()
#1 E:\xampp\htdocs\hvlv\protected\commands\gzCommand.php(11838): HvlvJavaAPI->trackShipment()
#2 E:\xampp\htdocs\hvlv\protected\commands\gzCommand.php(15): gzCommand->iMiletrackShipment()
#3 E:\xampp\php\pear\YiiFramework\console\CConsoleCommandRunner.php(71): gzCommand->run()
#4 E:\xampp\php\pear\YiiFramework\console\CConsoleApplication.php(92): CConsoleCommandRunner->run()
#5 E:\xampp\php\pear\YiiFramework\base\CApplication.php(185): CConsoleApplication->processRequest()
#6 E:\xampp\php\pear\YiiFramework\yiic.php(33): CConsoleApplication->run()
#7 E:\xampp\htdocs\hvlv\protected\yiic.php(6): require_once()

2023/10/24 02:43:48 [error] [php] Trying to get property 'cnor_id' of non-object (E:\xampp\htdocs\hvlv\protected\components\HvlvJavaAPI.php:118)
Stack trace:
#0 E:\xampp\htdocs\hvlv\protected\components\HvlvJavaAPI.php(103): HvlvJavaAPI->prepareData()
#1 E:\xampp\htdocs\hvlv\protected\commands\gzCommand.php(11838): HvlvJavaAPI->trackShipment()
#2 E:\xampp\htdocs\hvlv\protected\commands\gzCommand.php(15): gzCommand->iMiletrackShipment()
#3 E:\xampp\php\pear\YiiFramework\console\CConsoleCommandRunner.php(71): gzCommand->run()
#4 E:\xampp\php\pear\YiiFramework\console\CConsoleApplication.php(92): CConsoleCommandRunner->run()
#5 E:\xampp\php\pear\YiiFramework\base\CApplication.php(185): CConsoleApplication->processRequest()
#6 E:\xampp\php\pear\YiiFramework\yiic.php(33): CConsoleApplication->run()
#7 E:\xampp\htdocs\hvlv\protected\yiic.php(6): require_once()

2023/10/24 02:43:56 [error] [php] Trying to get property 'cnor_id' of non-object (E:\xampp\htdocs\hvlv\protected\components\HvlvJavaAPI.php:118)
Stack trace:
#0 E:\xampp\htdocs\hvlv\protected\components\HvlvJavaAPI.php(103): HvlvJavaAPI->prepareData()
#1 E:\xampp\htdocs\hvlv\protected\commands\gzCommand.php(11838): HvlvJavaAPI->trackShipment()
#2 E:\xampp\htdocs\hvlv\protected\commands\gzCommand.php(15): gzCommand->iMiletrackShipment()
#3 E:\xampp\php\pear\YiiFramework\console\CConsoleCommandRunner.php(71): gzCommand->run()
#4 E:\xampp\php\pear\YiiFramework\console\CConsoleApplication.php(92): CConsoleCommandRunner->run()
#5 E:\xampp\php\pear\YiiFramework\base\CApplication.php(185): CConsoleApplication->processRequest()
#6 E:\xampp\php\pear\YiiFramework\yiic.php(33): CConsoleApplication->run()
#7 E:\xampp\htdocs\hvlv\protected\yiic.php(6): require_once()

2023/10/24 02:55:38 [error] [php] Trying to get property 'cnor_id' of non-object (E:\xampp\htdocs\hvlv\protected\components\HvlvJavaAPI.php:118)
Stack trace:
#0 E:\xampp\htdocs\hvlv\protected\components\HvlvJavaAPI.php(103): HvlvJavaAPI->prepareData()
#1 E:\xampp\htdocs\hvlv\protected\commands\gzCommand.php(11838): HvlvJavaAPI->trackShipment()
#2 E:\xampp\htdocs\hvlv\protected\commands\gzCommand.php(15): gzCommand->iMiletrackShipment()
#3 E:\xampp\php\pear\YiiFramework\console\CConsoleCommandRunner.php(71): gzCommand->run()
#4 E:\xampp\php\pear\YiiFramework\console\CConsoleApplication.php(92): CConsoleCommandRunner->run()
#5 E:\xampp\php\pear\YiiFramework\base\CApplication.php(185): CConsoleApplication->processRequest()
#6 E:\xampp\php\pear\YiiFramework\yiic.php(33): CConsoleApplication->run()
#7 E:\xampp\htdocs\hvlv\protected\yiic.php(6): require_once()

2023/10/24 02:56:17 [error] [php] Trying to get property 'cnee' of non-object (E:\xampp\htdocs\hvlv\protected\components\HvlvJavaAPI.php:143)
Stack trace:
#0 E:\xampp\htdocs\hvlv\protected\components\HvlvJavaAPI.php(103): HvlvJavaAPI->prepareData()
#1 E:\xampp\htdocs\hvlv\protected\commands\gzCommand.php(11838): HvlvJavaAPI->trackShipment()
#2 E:\xampp\htdocs\hvlv\protected\commands\gzCommand.php(15): gzCommand->iMiletrackShipment()
#3 E:\xampp\php\pear\YiiFramework\console\CConsoleCommandRunner.php(71): gzCommand->run()
#4 E:\xampp\php\pear\YiiFramework\console\CConsoleApplication.php(92): CConsoleCommandRunner->run()
#5 E:\xampp\php\pear\YiiFramework\base\CApplication.php(185): CConsoleApplication->processRequest()
#6 E:\xampp\php\pear\YiiFramework\yiic.php(33): CConsoleApplication->run()
#7 E:\xampp\htdocs\hvlv\protected\yiic.php(6): require_once()

2023/10/24 03:01:12 [error] [php] Undefined variable: imService (E:\xampp\htdocs\hvlv\protected\commands\gzCommand.php:11841)
Stack trace:
#0 E:\xampp\htdocs\hvlv\protected\commands\gzCommand.php(15): gzCommand->iMiletrackShipment()
#1 E:\xampp\php\pear\YiiFramework\console\CConsoleCommandRunner.php(71): gzCommand->run()
#2 E:\xampp\php\pear\YiiFramework\console\CConsoleApplication.php(92): CConsoleCommandRunner->run()
#3 E:\xampp\php\pear\YiiFramework\base\CApplication.php(185): CConsoleApplication->processRequest()
#4 E:\xampp\php\pear\YiiFramework\yiic.php(33): CConsoleApplication->run()
#5 E:\xampp\htdocs\hvlv\protected\yiic.php(6): require_once()

2023/10/24 03:07:56 [warning] [application] Failed to set unsafe attribute "pbn" of "ImParcel".
in E:\xampp\htdocs\hvlv\protected\controllers\ImParcelController.php (450)
in E:\xampp\htdocs\hvlv\protected\components\Controller.php (78)
in E:\xampp\htdocs\hvlv\protected\components\Controller.php (84)
2023/10/24 05:00:23 [error] [php] Undefined index: total (E:\xampp\htdocs\hvlv\protected\components\Dash.php:305)
Stack trace:
#0 E:\xampp\htdocs\hvlv\protected\views\dash\wid_kprp.php(20): Dash->getCargoProcessReport()
#1 E:\xampp\php\pear\YiiFramework\web\CBaseController.php(126): require()
#2 E:\xampp\php\pear\YiiFramework\web\CBaseController.php(95): DashController->renderInternal()
#3 E:\xampp\php\pear\YiiFramework\web\CController.php(872): DashController->renderFile()
#4 E:\xampp\php\pear\YiiFramework\web\CController.php(785): DashController->renderPartial()
#5 E:\xampp\htdocs\hvlv\protected\controllers\DashController.php(45): DashController->render()
#6 E:\xampp\htdocs\hvlv\protected\views\dash\_widget.php(10): DashController->actionWidget()
#7 E:\xampp\php\pear\YiiFramework\web\CBaseController.php(126): require()
#8 E:\xampp\php\pear\YiiFramework\web\CBaseController.php(95): DashController->renderInternal()
#9 E:\xampp\php\pear\YiiFramework\web\CController.php(872): DashController->renderFile()
#10 E:\xampp\php\pear\YiiFramework\web\CController.php(785): DashController->renderPartial()
#11 E:\xampp\htdocs\hvlv\protected\views\dash\index.php(6): DashController->render()
#12 E:\xampp\php\pear\YiiFramework\web\CBaseController.php(126): require()
#13 E:\xampp\php\pear\YiiFramework\web\CBaseController.php(95): DashController->renderInternal()
#14 E:\xampp\php\pear\YiiFramework\web\CController.php(872): DashController->renderFile()
#15 E:\xampp\php\pear\YiiFramework\web\CController.php(785): DashController->renderPartial()
#16 E:\xampp\htdocs\hvlv\protected\controllers\DashController.php(93): DashController->render()
#17 E:\xampp\php\pear\YiiFramework\web\actions\CInlineAction.php(49): DashController->actionIndex()
#18 E:\xampp\php\pear\YiiFramework\web\CController.php(308): CInlineAction->runWithParams()
#19 E:\xampp\php\pear\YiiFramework\web\filters\CFilterChain.php(134): DashController->runAction()
#20 E:\xampp\htdocs\hvlv\protected\components\Controller.php(78): CFilterChain->run()
#21 E:\xampp\php\pear\YiiFramework\web\filters\CInlineFilter.php(58): DashController->filterAccessControl()
#22 E:\xampp\php\pear\YiiFramework\web\filters\CFilterChain.php(131): CInlineFilter->filter()
#23 E:\xampp\htdocs\hvlv\protected\components\Controller.php(84): CFilterChain->run()
#24 E:\xampp\php\pear\YiiFramework\web\filters\CInlineFilter.php(58): DashController->filterAjaxOnly()
#25 E:\xampp\php\pear\YiiFramework\web\filters\CFilterChain.php(131): CInlineFilter->filter()
#26 E:\xampp\php\pear\YiiFramework\web\CController.php(291): CFilterChain->run()
#27 E:\xampp\php\pear\YiiFramework\web\CController.php(265): DashController->runActionWithFilters()
#28 E:\xampp\php\pear\YiiFramework\web\CWebApplication.php(282): DashController->run()
#29 E:\xampp\php\pear\YiiFramework\web\CWebApplication.php(141): CWebApplication->runController()
#30 E:\xampp\php\pear\YiiFramework\base\CApplication.php(185): CWebApplication->processRequest()
#31 E:\xampp\htdocs\hvlv\index.php(14): CWebApplication->run()
REQUEST_URI=/hvlv/dash.app?&tabid=jqDynTabs71Tab0
in E:\xampp\htdocs\hvlv\protected\components\Dash.php (305)
in E:\xampp\htdocs\hvlv\protected\views\dash\wid_kprp.php (20)
in E:\xampp\htdocs\hvlv\protected\controllers\DashController.php (45)
