2023/10/10 13:50:16 [trace] [system.db.CDbConnection] Opening DB connection
2023/10/10 13:50:18 [trace] [system.db.ar.CActiveRecord] Shipment.findByAttributes()
2023/10/10 13:50:18 [trace] [system.db.CDbCommand] Querying SQL: SHOW FULL COLUMNS FROM `shipment`
2023/10/10 13:51:03 [trace] [system.db.CDbConnection] Opening DB connection
2023/10/10 13:51:05 [trace] [system.db.ar.CActiveRecord] Shipment.findByAttributes()
2023/10/10 13:51:05 [trace] [system.db.CDbCommand] Querying SQL: SHOW FULL COLUMNS FROM `shipment`
2023/10/10 13:53:32 [trace] [system.db.CDbConnection] Opening DB connection
2023/10/10 13:54:45 [trace] [system.db.CDbConnection] Opening DB connection
2023/10/10 13:54:45 [trace] [system.db.CDbCommand] Querying SQL: SHOW FULL COLUMNS FROM `shipment`
2023/10/10 13:54:48 [trace] [system.db.CDbConnection] Opening DB connection
2023/10/10 13:54:48 [trace] [system.db.CDbCommand] Querying SQL: SHOW FULL COLUMNS FROM `shipment`
2023/10/10 13:55:47 [trace] [system.db.CDbConnection] Opening DB connection
2023/10/10 13:56:49 [trace] [system.db.CDbConnection] Opening DB connection
2023/10/10 13:56:49 [trace] [system.db.ar.CActiveRecord] ImportChargeCode.findByAttributes()
2023/10/10 13:56:49 [trace] [system.db.CDbCommand] Querying SQL: SHOW FULL COLUMNS FROM `import_charge_code`
2023/10/10 13:56:54 [trace] [system.db.CDbConnection] Opening DB connection
2023/10/10 13:56:54 [trace] [system.db.ar.CActiveRecord] ImportChargeCode.findByAttributes()
2023/10/10 13:56:54 [trace] [system.db.CDbCommand] Querying SQL: SHOW FULL COLUMNS FROM `import_charge_code`
2023/10/10 13:57:21 [trace] [system.db.CDbConnection] Opening DB connection
2023/10/10 13:57:21 [trace] [system.db.ar.CActiveRecord] ImportChargeCode.findByAttributes()
2023/10/10 13:57:21 [trace] [system.db.CDbCommand] Querying SQL: SHOW FULL COLUMNS FROM `import_charge_code`
2023/10/10 13:57:23 [trace] [system.db.CDbConnection] Opening DB connection
2023/10/10 13:57:24 [trace] [system.db.CDbConnection] Opening DB connection
2023/10/10 13:57:25 [trace] [system.db.CDbConnection] Opening DB connection
2023/10/10 13:57:25 [trace] [system.db.CDbCommand] Querying SQL: SHOW FULL COLUMNS FROM `shipment`
2023/10/10 13:57:35 [trace] [system.db.CDbConnection] Opening DB connection
2023/10/10 13:57:35 [trace] [system.db.CDbCommand] Querying SQL: SHOW FULL COLUMNS FROM `shipment`
2023/10/10 14:00:25 [trace] [system.db.CDbConnection] Opening DB connection
2023/10/10 14:00:25 [trace] [system.db.CDbCommand] Querying SQL: SHOW FULL COLUMNS FROM `shipment`
2023/10/11 00:43:36 [trace] [system.db.CDbConnection] Opening DB connection
2023/10/11 00:43:38 [trace] [system.db.ar.CActiveRecord] Shipment.findByAttributes()
2023/10/11 00:43:38 [trace] [system.db.CDbCommand] Querying SQL: SHOW FULL COLUMNS FROM `shipment`
2023/10/11 00:43:38 [trace] [system.db.CDbCommand] Querying SQL: SHOW CREATE TABLE `shipment`
2023/10/11 00:43:38 [trace] [system.db.CDbCommand] Querying SQL: SELECT * FROM `shipment` `t` WHERE `t`.`ref`=:yp0 LIMIT 1
2023/10/11 00:43:38 [trace] [system.db.ar.CActiveRecord] Addr.findByPk()
2023/10/11 00:43:38 [trace] [system.db.CDbCommand] Querying SQL: SHOW FULL COLUMNS FROM `addr`
2023/10/11 00:43:38 [trace] [system.db.CDbCommand] Querying SQL: SHOW CREATE TABLE `addr`
2023/10/11 00:43:38 [trace] [system.db.CDbCommand] Querying SQL: SELECT * FROM `addr` `t` WHERE `t`.`id`='142274894' LIMIT 1
2023/10/11 00:43:38 [trace] [system.db.ar.CActiveRecord] lazy loading ImParcel.cnee
2023/10/11 00:43:38 [trace] [system.db.CDbCommand] Querying SQL: SELECT `cnee`.`id` AS `t1_c0`, `cnee`.`owner_id` AS `t1_c1`, `cnee`.`cnid_id` AS `t1_c2`, `cnee`.`name` AS `t1_c3`, `cnee`.`company` AS `t1_c4`, `cnee`.`address` AS `t1_c5`, `cnee`.`suburb` AS `t1_c6`, `cnee`.`city` AS `t1_c7`, `cnee`.`state` AS `t1_c8`, `cnee`.`postcode` AS `t1_c9`, `cnee`.`country` AS `t1_c10`, `cnee`.`tel` AS `t1_c11`, `cnee`.`email` AS `t1_c12`, `cnee`.`acc` AS `t1_c13`, `cnee`.`cnid_no` AS `t1_c14` FROM `addr` `cnee`  WHERE (`cnee`.`id`=:ypl0)
2023/10/11 00:48:47 [trace] [system.db.CDbConnection] Opening DB connection
2023/10/11 00:48:50 [trace] [system.db.ar.CActiveRecord] Shipment.findByAttributes()
2023/10/11 00:48:50 [trace] [system.db.CDbCommand] Querying SQL: SHOW FULL COLUMNS FROM `shipment`
2023/10/11 00:48:50 [trace] [system.db.CDbCommand] Querying SQL: SHOW CREATE TABLE `shipment`
2023/10/11 00:48:50 [trace] [system.db.CDbCommand] Querying SQL: SELECT * FROM `shipment` `t` WHERE `t`.`ref`=:yp0 LIMIT 1
2023/10/11 00:48:50 [trace] [system.db.ar.CActiveRecord] Addr.findByPk()
2023/10/11 00:48:50 [trace] [system.db.CDbCommand] Querying SQL: SHOW FULL COLUMNS FROM `addr`
2023/10/11 00:48:50 [trace] [system.db.CDbCommand] Querying SQL: SHOW CREATE TABLE `addr`
2023/10/11 00:48:50 [trace] [system.db.CDbCommand] Querying SQL: SELECT * FROM `addr` `t` WHERE `t`.`id`='142274894' LIMIT 1
2023/10/11 00:48:50 [trace] [system.db.ar.CActiveRecord] lazy loading ImParcel.cnee
2023/10/11 00:48:50 [trace] [system.db.CDbCommand] Querying SQL: SELECT `cnee`.`id` AS `t1_c0`, `cnee`.`owner_id` AS `t1_c1`, `cnee`.`cnid_id` AS `t1_c2`, `cnee`.`name` AS `t1_c3`, `cnee`.`company` AS `t1_c4`, `cnee`.`address` AS `t1_c5`, `cnee`.`suburb` AS `t1_c6`, `cnee`.`city` AS `t1_c7`, `cnee`.`state` AS `t1_c8`, `cnee`.`postcode` AS `t1_c9`, `cnee`.`country` AS `t1_c10`, `cnee`.`tel` AS `t1_c11`, `cnee`.`email` AS `t1_c12`, `cnee`.`acc` AS `t1_c13`, `cnee`.`cnid_no` AS `t1_c14` FROM `addr` `cnee`  WHERE (`cnee`.`id`=:ypl0)
2023/10/11 00:50:29 [trace] [system.db.CDbConnection] Opening DB connection
2023/10/11 00:50:31 [trace] [system.db.ar.CActiveRecord] Shipment.findByAttributes()
2023/10/11 00:50:31 [trace] [system.db.CDbCommand] Querying SQL: SHOW FULL COLUMNS FROM `shipment`
2023/10/11 00:50:31 [trace] [system.db.CDbCommand] Querying SQL: SHOW CREATE TABLE `shipment`
2023/10/11 00:50:31 [trace] [system.db.CDbCommand] Querying SQL: SELECT * FROM `shipment` `t` WHERE `t`.`ref`=:yp0 LIMIT 1
2023/10/11 00:50:31 [trace] [system.db.ar.CActiveRecord] Addr.findByPk()
2023/10/11 00:50:31 [trace] [system.db.CDbCommand] Querying SQL: SHOW FULL COLUMNS FROM `addr`
2023/10/11 00:50:31 [trace] [system.db.CDbCommand] Querying SQL: SHOW CREATE TABLE `addr`
2023/10/11 00:50:31 [trace] [system.db.CDbCommand] Querying SQL: SELECT * FROM `addr` `t` WHERE `t`.`id`='142274894' LIMIT 1
2023/10/11 00:50:31 [trace] [system.db.ar.CActiveRecord] lazy loading ImParcel.cnee
2023/10/11 00:50:31 [trace] [system.db.CDbCommand] Querying SQL: SELECT `cnee`.`id` AS `t1_c0`, `cnee`.`owner_id` AS `t1_c1`, `cnee`.`cnid_id` AS `t1_c2`, `cnee`.`name` AS `t1_c3`, `cnee`.`company` AS `t1_c4`, `cnee`.`address` AS `t1_c5`, `cnee`.`suburb` AS `t1_c6`, `cnee`.`city` AS `t1_c7`, `cnee`.`state` AS `t1_c8`, `cnee`.`postcode` AS `t1_c9`, `cnee`.`country` AS `t1_c10`, `cnee`.`tel` AS `t1_c11`, `cnee`.`email` AS `t1_c12`, `cnee`.`acc` AS `t1_c13`, `cnee`.`cnid_no` AS `t1_c14` FROM `addr` `cnee`  WHERE (`cnee`.`id`=:ypl0)
2023/10/11 01:33:41 [trace] [system.db.CDbConnection] Opening DB connection
2023/10/11 01:33:43 [trace] [system.db.ar.CActiveRecord] Shipment.findByAttributes()
2023/10/11 01:33:43 [trace] [system.db.CDbCommand] Querying SQL: SHOW FULL COLUMNS FROM `shipment`
2023/10/11 01:33:43 [trace] [system.db.CDbCommand] Querying SQL: SHOW CREATE TABLE `shipment`
2023/10/11 01:33:43 [trace] [system.db.CDbCommand] Querying SQL: SELECT * FROM `shipment` `t` WHERE `t`.`ref`=:yp0 LIMIT 1
2023/10/11 01:33:43 [trace] [system.db.ar.CActiveRecord] Addr.findByPk()
2023/10/11 01:33:43 [trace] [system.db.CDbCommand] Querying SQL: SHOW FULL COLUMNS FROM `addr`
2023/10/11 01:33:43 [trace] [system.db.CDbCommand] Querying SQL: SHOW CREATE TABLE `addr`
2023/10/11 01:33:43 [trace] [system.db.CDbCommand] Querying SQL: SELECT * FROM `addr` `t` WHERE `t`.`id`='142274894' LIMIT 1
2023/10/11 01:33:43 [trace] [system.db.ar.CActiveRecord] lazy loading ImParcel.cnee
2023/10/11 01:33:43 [trace] [system.db.CDbCommand] Querying SQL: SELECT `cnee`.`id` AS `t1_c0`, `cnee`.`owner_id` AS `t1_c1`, `cnee`.`cnid_id` AS `t1_c2`, `cnee`.`name` AS `t1_c3`, `cnee`.`company` AS `t1_c4`, `cnee`.`address` AS `t1_c5`, `cnee`.`suburb` AS `t1_c6`, `cnee`.`city` AS `t1_c7`, `cnee`.`state` AS `t1_c8`, `cnee`.`postcode` AS `t1_c9`, `cnee`.`country` AS `t1_c10`, `cnee`.`tel` AS `t1_c11`, `cnee`.`email` AS `t1_c12`, `cnee`.`acc` AS `t1_c13`, `cnee`.`cnid_no` AS `t1_c14` FROM `addr` `cnee`  WHERE (`cnee`.`id`=:ypl0)
2023/10/11 01:36:00 [trace] [system.db.CDbConnection] Opening DB connection
2023/10/11 01:36:02 [trace] [system.db.ar.CActiveRecord] Shipment.findByAttributes()
2023/10/11 01:36:02 [trace] [system.db.CDbCommand] Querying SQL: SHOW FULL COLUMNS FROM `shipment`
2023/10/11 01:36:02 [trace] [system.db.CDbCommand] Querying SQL: SHOW CREATE TABLE `shipment`
2023/10/11 01:36:02 [trace] [system.db.CDbCommand] Querying SQL: SELECT * FROM `shipment` `t` WHERE `t`.`ref`=:yp0 LIMIT 1
2023/10/11 01:36:02 [trace] [system.db.ar.CActiveRecord] Addr.findByPk()
2023/10/11 01:36:02 [trace] [system.db.CDbCommand] Querying SQL: SHOW FULL COLUMNS FROM `addr`
2023/10/11 01:36:02 [trace] [system.db.CDbCommand] Querying SQL: SHOW CREATE TABLE `addr`
2023/10/11 01:36:02 [trace] [system.db.CDbCommand] Querying SQL: SELECT * FROM `addr` `t` WHERE `t`.`id`='142274894' LIMIT 1
2023/10/11 01:36:02 [trace] [system.db.ar.CActiveRecord] lazy loading ImParcel.cnee
2023/10/11 01:36:02 [trace] [system.db.CDbCommand] Querying SQL: SELECT `cnee`.`id` AS `t1_c0`, `cnee`.`owner_id` AS `t1_c1`, `cnee`.`cnid_id` AS `t1_c2`, `cnee`.`name` AS `t1_c3`, `cnee`.`company` AS `t1_c4`, `cnee`.`address` AS `t1_c5`, `cnee`.`suburb` AS `t1_c6`, `cnee`.`city` AS `t1_c7`, `cnee`.`state` AS `t1_c8`, `cnee`.`postcode` AS `t1_c9`, `cnee`.`country` AS `t1_c10`, `cnee`.`tel` AS `t1_c11`, `cnee`.`email` AS `t1_c12`, `cnee`.`acc` AS `t1_c13`, `cnee`.`cnid_no` AS `t1_c14` FROM `addr` `cnee`  WHERE (`cnee`.`id`=:ypl0)
2023/10/11 01:37:50 [trace] [system.db.CDbConnection] Opening DB connection
2023/10/11 01:37:52 [trace] [system.db.ar.CActiveRecord] Shipment.findByAttributes()
2023/10/11 01:37:52 [trace] [system.db.CDbCommand] Querying SQL: SHOW FULL COLUMNS FROM `shipment`
2023/10/11 01:37:52 [trace] [system.db.CDbCommand] Querying SQL: SHOW CREATE TABLE `shipment`
2023/10/11 01:37:52 [trace] [system.db.CDbCommand] Querying SQL: SELECT * FROM `shipment` `t` WHERE `t`.`ref`=:yp0 LIMIT 1
2023/10/11 01:37:52 [trace] [system.db.ar.CActiveRecord] Addr.findByPk()
2023/10/11 01:37:52 [trace] [system.db.CDbCommand] Querying SQL: SHOW FULL COLUMNS FROM `addr`
2023/10/11 01:37:52 [trace] [system.db.CDbCommand] Querying SQL: SHOW CREATE TABLE `addr`
2023/10/11 01:37:52 [trace] [system.db.CDbCommand] Querying SQL: SELECT * FROM `addr` `t` WHERE `t`.`id`='142274894' LIMIT 1
2023/10/11 01:37:52 [trace] [system.db.ar.CActiveRecord] lazy loading ImParcel.cnee
2023/10/11 01:37:52 [trace] [system.db.CDbCommand] Querying SQL: SELECT `cnee`.`id` AS `t1_c0`, `cnee`.`owner_id` AS `t1_c1`, `cnee`.`cnid_id` AS `t1_c2`, `cnee`.`name` AS `t1_c3`, `cnee`.`company` AS `t1_c4`, `cnee`.`address` AS `t1_c5`, `cnee`.`suburb` AS `t1_c6`, `cnee`.`city` AS `t1_c7`, `cnee`.`state` AS `t1_c8`, `cnee`.`postcode` AS `t1_c9`, `cnee`.`country` AS `t1_c10`, `cnee`.`tel` AS `t1_c11`, `cnee`.`email` AS `t1_c12`, `cnee`.`acc` AS `t1_c13`, `cnee`.`cnid_no` AS `t1_c14` FROM `addr` `cnee`  WHERE (`cnee`.`id`=:ypl0)
2023/10/11 01:39:39 [trace] [system.db.CDbConnection] Opening DB connection
2023/10/11 01:39:41 [trace] [system.db.ar.CActiveRecord] Shipment.findByAttributes()
2023/10/11 01:39:41 [trace] [system.db.CDbCommand] Querying SQL: SHOW FULL COLUMNS FROM `shipment`
2023/10/11 01:39:41 [trace] [system.db.CDbCommand] Querying SQL: SHOW CREATE TABLE `shipment`
2023/10/11 01:39:41 [trace] [system.db.CDbCommand] Querying SQL: SELECT * FROM `shipment` `t` WHERE `t`.`ref`=:yp0 LIMIT 1
2023/10/11 01:39:41 [trace] [system.db.ar.CActiveRecord] Addr.findByPk()
2023/10/11 01:39:41 [trace] [system.db.CDbCommand] Querying SQL: SHOW FULL COLUMNS FROM `addr`
2023/10/11 01:39:41 [trace] [system.db.CDbCommand] Querying SQL: SHOW CREATE TABLE `addr`
2023/10/11 01:39:41 [trace] [system.db.CDbCommand] Querying SQL: SELECT * FROM `addr` `t` WHERE `t`.`id`='142274894' LIMIT 1
2023/10/11 01:39:41 [trace] [system.db.ar.CActiveRecord] lazy loading ImParcel.cnee
2023/10/11 01:39:41 [trace] [system.db.CDbCommand] Querying SQL: SELECT `cnee`.`id` AS `t1_c0`, `cnee`.`owner_id` AS `t1_c1`, `cnee`.`cnid_id` AS `t1_c2`, `cnee`.`name` AS `t1_c3`, `cnee`.`company` AS `t1_c4`, `cnee`.`address` AS `t1_c5`, `cnee`.`suburb` AS `t1_c6`, `cnee`.`city` AS `t1_c7`, `cnee`.`state` AS `t1_c8`, `cnee`.`postcode` AS `t1_c9`, `cnee`.`country` AS `t1_c10`, `cnee`.`tel` AS `t1_c11`, `cnee`.`email` AS `t1_c12`, `cnee`.`acc` AS `t1_c13`, `cnee`.`cnid_no` AS `t1_c14` FROM `addr` `cnee`  WHERE (`cnee`.`id`=:ypl0)
2023/10/11 01:40:45 [trace] [system.db.CDbConnection] Opening DB connection
2023/10/11 01:40:47 [trace] [system.db.ar.CActiveRecord] Shipment.findByAttributes()
2023/10/11 01:40:47 [trace] [system.db.CDbCommand] Querying SQL: SHOW FULL COLUMNS FROM `shipment`
2023/10/11 01:40:47 [trace] [system.db.CDbCommand] Querying SQL: SHOW CREATE TABLE `shipment`
2023/10/11 01:40:47 [trace] [system.db.CDbCommand] Querying SQL: SELECT * FROM `shipment` `t` WHERE `t`.`ref`=:yp0 LIMIT 1
2023/10/11 01:40:47 [trace] [system.db.ar.CActiveRecord] Addr.findByPk()
2023/10/11 01:40:47 [trace] [system.db.CDbCommand] Querying SQL: SHOW FULL COLUMNS FROM `addr`
2023/10/11 01:40:47 [trace] [system.db.CDbCommand] Querying SQL: SHOW CREATE TABLE `addr`
2023/10/11 01:40:47 [trace] [system.db.CDbCommand] Querying SQL: SELECT * FROM `addr` `t` WHERE `t`.`id`='142274894' LIMIT 1
2023/10/11 01:40:47 [trace] [system.db.ar.CActiveRecord] lazy loading ImParcel.cnee
2023/10/11 01:40:47 [trace] [system.db.CDbCommand] Querying SQL: SELECT `cnee`.`id` AS `t1_c0`, `cnee`.`owner_id` AS `t1_c1`, `cnee`.`cnid_id` AS `t1_c2`, `cnee`.`name` AS `t1_c3`, `cnee`.`company` AS `t1_c4`, `cnee`.`address` AS `t1_c5`, `cnee`.`suburb` AS `t1_c6`, `cnee`.`city` AS `t1_c7`, `cnee`.`state` AS `t1_c8`, `cnee`.`postcode` AS `t1_c9`, `cnee`.`country` AS `t1_c10`, `cnee`.`tel` AS `t1_c11`, `cnee`.`email` AS `t1_c12`, `cnee`.`acc` AS `t1_c13`, `cnee`.`cnid_no` AS `t1_c14` FROM `addr` `cnee`  WHERE (`cnee`.`id`=:ypl0)
2023/10/11 01:42:52 [trace] [system.db.CDbConnection] Opening DB connection
2023/10/11 01:42:54 [trace] [system.db.ar.CActiveRecord] Shipment.findByAttributes()
2023/10/11 01:42:54 [trace] [system.db.CDbCommand] Querying SQL: SHOW FULL COLUMNS FROM `shipment`
2023/10/11 01:42:54 [trace] [system.db.CDbCommand] Querying SQL: SHOW CREATE TABLE `shipment`
2023/10/11 01:42:54 [trace] [system.db.CDbCommand] Querying SQL: SELECT * FROM `shipment` `t` WHERE `t`.`ref`=:yp0 LIMIT 1
2023/10/11 01:42:54 [trace] [system.db.ar.CActiveRecord] Addr.findByPk()
2023/10/11 01:42:54 [trace] [system.db.CDbCommand] Querying SQL: SHOW FULL COLUMNS FROM `addr`
2023/10/11 01:42:54 [trace] [system.db.CDbCommand] Querying SQL: SHOW CREATE TABLE `addr`
2023/10/11 01:42:54 [trace] [system.db.CDbCommand] Querying SQL: SELECT * FROM `addr` `t` WHERE `t`.`id`='142274894' LIMIT 1
2023/10/11 01:42:54 [trace] [system.db.ar.CActiveRecord] lazy loading ImParcel.cnee
2023/10/11 01:42:54 [trace] [system.db.CDbCommand] Querying SQL: SELECT `cnee`.`id` AS `t1_c0`, `cnee`.`owner_id` AS `t1_c1`, `cnee`.`cnid_id` AS `t1_c2`, `cnee`.`name` AS `t1_c3`, `cnee`.`company` AS `t1_c4`, `cnee`.`address` AS `t1_c5`, `cnee`.`suburb` AS `t1_c6`, `cnee`.`city` AS `t1_c7`, `cnee`.`state` AS `t1_c8`, `cnee`.`postcode` AS `t1_c9`, `cnee`.`country` AS `t1_c10`, `cnee`.`tel` AS `t1_c11`, `cnee`.`email` AS `t1_c12`, `cnee`.`acc` AS `t1_c13`, `cnee`.`cnid_no` AS `t1_c14` FROM `addr` `cnee`  WHERE (`cnee`.`id`=:ypl0)
2023/10/11 01:43:39 [trace] [system.db.CDbConnection] Opening DB connection
2023/10/11 01:43:41 [trace] [system.db.ar.CActiveRecord] Shipment.findByAttributes()
2023/10/11 01:43:41 [trace] [system.db.CDbCommand] Querying SQL: SHOW FULL COLUMNS FROM `shipment`
2023/10/11 01:43:41 [trace] [system.db.CDbCommand] Querying SQL: SHOW CREATE TABLE `shipment`
2023/10/11 01:43:41 [trace] [system.db.CDbCommand] Querying SQL: SELECT * FROM `shipment` `t` WHERE `t`.`ref`=:yp0 LIMIT 1
2023/10/11 01:43:41 [trace] [system.db.ar.CActiveRecord] Addr.findByPk()
2023/10/11 01:43:41 [trace] [system.db.CDbCommand] Querying SQL: SHOW FULL COLUMNS FROM `addr`
2023/10/11 01:43:41 [trace] [system.db.CDbCommand] Querying SQL: SHOW CREATE TABLE `addr`
2023/10/11 01:43:41 [trace] [system.db.CDbCommand] Querying SQL: SELECT * FROM `addr` `t` WHERE `t`.`id`='142274894' LIMIT 1
2023/10/11 01:43:41 [trace] [system.db.ar.CActiveRecord] lazy loading ImParcel.cnee
2023/10/11 01:43:41 [trace] [system.db.CDbCommand] Querying SQL: SELECT `cnee`.`id` AS `t1_c0`, `cnee`.`owner_id` AS `t1_c1`, `cnee`.`cnid_id` AS `t1_c2`, `cnee`.`name` AS `t1_c3`, `cnee`.`company` AS `t1_c4`, `cnee`.`address` AS `t1_c5`, `cnee`.`suburb` AS `t1_c6`, `cnee`.`city` AS `t1_c7`, `cnee`.`state` AS `t1_c8`, `cnee`.`postcode` AS `t1_c9`, `cnee`.`country` AS `t1_c10`, `cnee`.`tel` AS `t1_c11`, `cnee`.`email` AS `t1_c12`, `cnee`.`acc` AS `t1_c13`, `cnee`.`cnid_no` AS `t1_c14` FROM `addr` `cnee`  WHERE (`cnee`.`id`=:ypl0)
2023/10/11 01:44:15 [trace] [system.db.CDbConnection] Opening DB connection
2023/10/11 01:44:17 [trace] [system.db.ar.CActiveRecord] Shipment.findByAttributes()
2023/10/11 01:44:17 [trace] [system.db.CDbCommand] Querying SQL: SHOW FULL COLUMNS FROM `shipment`
2023/10/11 01:44:17 [trace] [system.db.CDbCommand] Querying SQL: SHOW CREATE TABLE `shipment`
2023/10/11 01:44:17 [trace] [system.db.CDbCommand] Querying SQL: SELECT * FROM `shipment` `t` WHERE `t`.`ref`=:yp0 LIMIT 1
2023/10/11 01:44:17 [trace] [system.db.ar.CActiveRecord] Addr.findByPk()
2023/10/11 01:44:17 [trace] [system.db.CDbCommand] Querying SQL: SHOW FULL COLUMNS FROM `addr`
2023/10/11 01:44:17 [trace] [system.db.CDbCommand] Querying SQL: SHOW CREATE TABLE `addr`
2023/10/11 01:44:17 [trace] [system.db.CDbCommand] Querying SQL: SELECT * FROM `addr` `t` WHERE `t`.`id`='142274894' LIMIT 1
2023/10/11 01:44:17 [trace] [system.db.ar.CActiveRecord] lazy loading ImParcel.cnee
2023/10/11 01:44:17 [trace] [system.db.CDbCommand] Querying SQL: SELECT `cnee`.`id` AS `t1_c0`, `cnee`.`owner_id` AS `t1_c1`, `cnee`.`cnid_id` AS `t1_c2`, `cnee`.`name` AS `t1_c3`, `cnee`.`company` AS `t1_c4`, `cnee`.`address` AS `t1_c5`, `cnee`.`suburb` AS `t1_c6`, `cnee`.`city` AS `t1_c7`, `cnee`.`state` AS `t1_c8`, `cnee`.`postcode` AS `t1_c9`, `cnee`.`country` AS `t1_c10`, `cnee`.`tel` AS `t1_c11`, `cnee`.`email` AS `t1_c12`, `cnee`.`acc` AS `t1_c13`, `cnee`.`cnid_no` AS `t1_c14` FROM `addr` `cnee`  WHERE (`cnee`.`id`=:ypl0)
2023/10/11 01:46:16 [trace] [system.db.CDbConnection] Opening DB connection
2023/10/11 01:46:18 [trace] [system.db.ar.CActiveRecord] Shipment.findByAttributes()
2023/10/11 01:46:18 [trace] [system.db.CDbCommand] Querying SQL: SHOW FULL COLUMNS FROM `shipment`
2023/10/11 01:46:18 [trace] [system.db.CDbCommand] Querying SQL: SHOW CREATE TABLE `shipment`
2023/10/11 01:46:18 [trace] [system.db.CDbCommand] Querying SQL: SELECT * FROM `shipment` `t` WHERE `t`.`ref`=:yp0 LIMIT 1
2023/10/11 01:46:18 [trace] [system.db.ar.CActiveRecord] Addr.findByPk()
2023/10/11 01:46:18 [trace] [system.db.CDbCommand] Querying SQL: SHOW FULL COLUMNS FROM `addr`
2023/10/11 01:46:18 [trace] [system.db.CDbCommand] Querying SQL: SHOW CREATE TABLE `addr`
2023/10/11 01:46:18 [trace] [system.db.CDbCommand] Querying SQL: SELECT * FROM `addr` `t` WHERE `t`.`id`='142274894' LIMIT 1
2023/10/11 01:46:18 [trace] [system.db.ar.CActiveRecord] lazy loading ImParcel.cnee
2023/10/11 01:46:18 [trace] [system.db.CDbCommand] Querying SQL: SELECT `cnee`.`id` AS `t1_c0`, `cnee`.`owner_id` AS `t1_c1`, `cnee`.`cnid_id` AS `t1_c2`, `cnee`.`name` AS `t1_c3`, `cnee`.`company` AS `t1_c4`, `cnee`.`address` AS `t1_c5`, `cnee`.`suburb` AS `t1_c6`, `cnee`.`city` AS `t1_c7`, `cnee`.`state` AS `t1_c8`, `cnee`.`postcode` AS `t1_c9`, `cnee`.`country` AS `t1_c10`, `cnee`.`tel` AS `t1_c11`, `cnee`.`email` AS `t1_c12`, `cnee`.`acc` AS `t1_c13`, `cnee`.`cnid_no` AS `t1_c14` FROM `addr` `cnee`  WHERE (`cnee`.`id`=:ypl0)
2023/10/11 01:49:09 [trace] [system.db.CDbConnection] Opening DB connection
2023/10/11 01:49:11 [trace] [system.db.ar.CActiveRecord] Shipment.findByAttributes()
2023/10/11 01:49:11 [trace] [system.db.CDbCommand] Querying SQL: SHOW FULL COLUMNS FROM `shipment`
2023/10/11 01:49:11 [trace] [system.db.CDbCommand] Querying SQL: SHOW CREATE TABLE `shipment`
2023/10/11 01:49:11 [trace] [system.db.CDbCommand] Querying SQL: SELECT * FROM `shipment` `t` WHERE `t`.`ref`=:yp0 LIMIT 1
2023/10/11 01:49:11 [trace] [system.db.ar.CActiveRecord] Addr.findByPk()
2023/10/11 01:49:11 [trace] [system.db.CDbCommand] Querying SQL: SHOW FULL COLUMNS FROM `addr`
2023/10/11 01:49:11 [trace] [system.db.CDbCommand] Querying SQL: SHOW CREATE TABLE `addr`
2023/10/11 01:49:11 [trace] [system.db.CDbCommand] Querying SQL: SELECT * FROM `addr` `t` WHERE `t`.`id`='142274894' LIMIT 1
2023/10/11 01:49:11 [trace] [system.db.ar.CActiveRecord] lazy loading ImParcel.cnee
2023/10/11 01:49:11 [trace] [system.db.CDbCommand] Querying SQL: SELECT `cnee`.`id` AS `t1_c0`, `cnee`.`owner_id` AS `t1_c1`, `cnee`.`cnid_id` AS `t1_c2`, `cnee`.`name` AS `t1_c3`, `cnee`.`company` AS `t1_c4`, `cnee`.`address` AS `t1_c5`, `cnee`.`suburb` AS `t1_c6`, `cnee`.`city` AS `t1_c7`, `cnee`.`state` AS `t1_c8`, `cnee`.`postcode` AS `t1_c9`, `cnee`.`country` AS `t1_c10`, `cnee`.`tel` AS `t1_c11`, `cnee`.`email` AS `t1_c12`, `cnee`.`acc` AS `t1_c13`, `cnee`.`cnid_no` AS `t1_c14` FROM `addr` `cnee`  WHERE (`cnee`.`id`=:ypl0)
2023/10/11 01:53:40 [trace] [system.db.CDbConnection] Opening DB connection
2023/10/11 01:53:42 [trace] [system.db.ar.CActiveRecord] Shipment.findByAttributes()
2023/10/11 01:53:42 [trace] [system.db.CDbCommand] Querying SQL: SHOW FULL COLUMNS FROM `shipment`
2023/10/11 01:53:42 [trace] [system.db.CDbCommand] Querying SQL: SHOW CREATE TABLE `shipment`
2023/10/11 01:53:42 [trace] [system.db.CDbCommand] Querying SQL: SELECT * FROM `shipment` `t` WHERE `t`.`ref`=:yp0 LIMIT 1
2023/10/11 01:53:42 [trace] [system.db.ar.CActiveRecord] Addr.findByPk()
2023/10/11 01:53:42 [trace] [system.db.CDbCommand] Querying SQL: SHOW FULL COLUMNS FROM `addr`
2023/10/11 01:53:42 [trace] [system.db.CDbCommand] Querying SQL: SHOW CREATE TABLE `addr`
2023/10/11 01:53:42 [trace] [system.db.CDbCommand] Querying SQL: SELECT * FROM `addr` `t` WHERE `t`.`id`='142274894' LIMIT 1
2023/10/11 01:53:42 [trace] [system.db.ar.CActiveRecord] lazy loading ImParcel.cnee
2023/10/11 01:53:42 [trace] [system.db.CDbCommand] Querying SQL: SELECT `cnee`.`id` AS `t1_c0`, `cnee`.`owner_id` AS `t1_c1`, `cnee`.`cnid_id` AS `t1_c2`, `cnee`.`name` AS `t1_c3`, `cnee`.`company` AS `t1_c4`, `cnee`.`address` AS `t1_c5`, `cnee`.`suburb` AS `t1_c6`, `cnee`.`city` AS `t1_c7`, `cnee`.`state` AS `t1_c8`, `cnee`.`postcode` AS `t1_c9`, `cnee`.`country` AS `t1_c10`, `cnee`.`tel` AS `t1_c11`, `cnee`.`email` AS `t1_c12`, `cnee`.`acc` AS `t1_c13`, `cnee`.`cnid_no` AS `t1_c14` FROM `addr` `cnee`  WHERE (`cnee`.`id`=:ypl0)
2023/10/11 02:02:56 [trace] [system.db.CDbConnection] Opening DB connection
2023/10/11 02:02:58 [trace] [system.db.ar.CActiveRecord] Shipment.findByAttributes()
2023/10/11 02:02:58 [trace] [system.db.CDbCommand] Querying SQL: SHOW FULL COLUMNS FROM `shipment`
2023/10/11 02:02:58 [trace] [system.db.CDbCommand] Querying SQL: SHOW CREATE TABLE `shipment`
2023/10/11 02:02:58 [trace] [system.db.CDbCommand] Querying SQL: SELECT * FROM `shipment` `t` WHERE `t`.`ref`=:yp0 LIMIT 1
2023/10/11 02:02:58 [trace] [system.db.ar.CActiveRecord] Addr.findByPk()
2023/10/11 02:02:58 [trace] [system.db.CDbCommand] Querying SQL: SHOW FULL COLUMNS FROM `addr`
2023/10/11 02:02:58 [trace] [system.db.CDbCommand] Querying SQL: SHOW CREATE TABLE `addr`
2023/10/11 02:02:58 [trace] [system.db.CDbCommand] Querying SQL: SELECT * FROM `addr` `t` WHERE `t`.`id`='142274894' LIMIT 1
2023/10/11 02:02:58 [trace] [system.db.ar.CActiveRecord] lazy loading ImParcel.cnee
2023/10/11 02:02:58 [trace] [system.db.CDbCommand] Querying SQL: SELECT `cnee`.`id` AS `t1_c0`, `cnee`.`owner_id` AS `t1_c1`, `cnee`.`cnid_id` AS `t1_c2`, `cnee`.`name` AS `t1_c3`, `cnee`.`company` AS `t1_c4`, `cnee`.`address` AS `t1_c5`, `cnee`.`suburb` AS `t1_c6`, `cnee`.`city` AS `t1_c7`, `cnee`.`state` AS `t1_c8`, `cnee`.`postcode` AS `t1_c9`, `cnee`.`country` AS `t1_c10`, `cnee`.`tel` AS `t1_c11`, `cnee`.`email` AS `t1_c12`, `cnee`.`acc` AS `t1_c13`, `cnee`.`cnid_no` AS `t1_c14` FROM `addr` `cnee`  WHERE (`cnee`.`id`=:ypl0)
2023/10/11 02:04:00 [trace] [system.db.CDbConnection] Opening DB connection
2023/10/11 02:04:02 [trace] [system.db.ar.CActiveRecord] Shipment.findByAttributes()
2023/10/11 02:04:02 [trace] [system.db.CDbCommand] Querying SQL: SHOW FULL COLUMNS FROM `shipment`
2023/10/11 02:04:02 [trace] [system.db.CDbCommand] Querying SQL: SHOW CREATE TABLE `shipment`
2023/10/11 02:04:02 [trace] [system.db.CDbCommand] Querying SQL: SELECT * FROM `shipment` `t` WHERE `t`.`ref`=:yp0 LIMIT 1
2023/10/11 02:04:02 [trace] [system.db.ar.CActiveRecord] Addr.findByPk()
2023/10/11 02:04:02 [trace] [system.db.CDbCommand] Querying SQL: SHOW FULL COLUMNS FROM `addr`
2023/10/11 02:04:02 [trace] [system.db.CDbCommand] Querying SQL: SHOW CREATE TABLE `addr`
2023/10/11 02:04:02 [trace] [system.db.CDbCommand] Querying SQL: SELECT * FROM `addr` `t` WHERE `t`.`id`='142274894' LIMIT 1
2023/10/11 02:04:02 [trace] [system.db.ar.CActiveRecord] lazy loading ImParcel.cnee
2023/10/11 02:04:02 [trace] [system.db.CDbCommand] Querying SQL: SELECT `cnee`.`id` AS `t1_c0`, `cnee`.`owner_id` AS `t1_c1`, `cnee`.`cnid_id` AS `t1_c2`, `cnee`.`name` AS `t1_c3`, `cnee`.`company` AS `t1_c4`, `cnee`.`address` AS `t1_c5`, `cnee`.`suburb` AS `t1_c6`, `cnee`.`city` AS `t1_c7`, `cnee`.`state` AS `t1_c8`, `cnee`.`postcode` AS `t1_c9`, `cnee`.`country` AS `t1_c10`, `cnee`.`tel` AS `t1_c11`, `cnee`.`email` AS `t1_c12`, `cnee`.`acc` AS `t1_c13`, `cnee`.`cnid_no` AS `t1_c14` FROM `addr` `cnee`  WHERE (`cnee`.`id`=:ypl0)
2023/10/11 02:27:55 [trace] [system.db.CDbConnection] Opening DB connection
2023/10/11 02:27:57 [trace] [system.db.ar.CActiveRecord] Shipment.findByAttributes()
2023/10/11 02:27:57 [trace] [system.db.CDbCommand] Querying SQL: SHOW FULL COLUMNS FROM `shipment`
2023/10/11 02:27:57 [trace] [system.db.CDbCommand] Querying SQL: SHOW CREATE TABLE `shipment`
2023/10/11 02:27:57 [trace] [system.db.CDbCommand] Querying SQL: SELECT * FROM `shipment` `t` WHERE `t`.`ref`=:yp0 LIMIT 1
2023/10/11 02:27:57 [trace] [system.db.ar.CActiveRecord] Addr.findByPk()
2023/10/11 02:27:57 [trace] [system.db.CDbCommand] Querying SQL: SHOW FULL COLUMNS FROM `addr`
2023/10/11 02:27:57 [trace] [system.db.CDbCommand] Querying SQL: SHOW CREATE TABLE `addr`
2023/10/11 02:27:57 [trace] [system.db.CDbCommand] Querying SQL: SELECT * FROM `addr` `t` WHERE `t`.`id`='142274894' LIMIT 1
2023/10/11 02:27:57 [trace] [system.db.ar.CActiveRecord] lazy loading ImParcel.cnee
2023/10/11 02:27:57 [trace] [system.db.CDbCommand] Querying SQL: SELECT `cnee`.`id` AS `t1_c0`, `cnee`.`owner_id` AS `t1_c1`, `cnee`.`cnid_id` AS `t1_c2`, `cnee`.`name` AS `t1_c3`, `cnee`.`company` AS `t1_c4`, `cnee`.`address` AS `t1_c5`, `cnee`.`suburb` AS `t1_c6`, `cnee`.`city` AS `t1_c7`, `cnee`.`state` AS `t1_c8`, `cnee`.`postcode` AS `t1_c9`, `cnee`.`country` AS `t1_c10`, `cnee`.`tel` AS `t1_c11`, `cnee`.`email` AS `t1_c12`, `cnee`.`acc` AS `t1_c13`, `cnee`.`cnid_no` AS `t1_c14` FROM `addr` `cnee`  WHERE (`cnee`.`id`=:ypl0)
2023/10/11 02:31:23 [trace] [system.db.CDbConnection] Opening DB connection
2023/10/11 02:31:25 [trace] [system.db.ar.CActiveRecord] Shipment.findByAttributes()
2023/10/11 02:31:25 [trace] [system.db.CDbCommand] Querying SQL: SHOW FULL COLUMNS FROM `shipment`
2023/10/11 02:31:25 [trace] [system.db.CDbCommand] Querying SQL: SHOW CREATE TABLE `shipment`
2023/10/11 02:31:25 [trace] [system.db.CDbCommand] Querying SQL: SELECT * FROM `shipment` `t` WHERE `t`.`ref`=:yp0 LIMIT 1
2023/10/11 02:31:25 [trace] [system.db.ar.CActiveRecord] Addr.findByPk()
2023/10/11 02:31:25 [trace] [system.db.CDbCommand] Querying SQL: SHOW FULL COLUMNS FROM `addr`
2023/10/11 02:31:25 [trace] [system.db.CDbCommand] Querying SQL: SHOW CREATE TABLE `addr`
2023/10/11 02:31:25 [trace] [system.db.CDbCommand] Querying SQL: SELECT * FROM `addr` `t` WHERE `t`.`id`='142274894' LIMIT 1
2023/10/11 02:31:25 [trace] [system.db.ar.CActiveRecord] lazy loading ImParcel.cnee
2023/10/11 02:31:25 [trace] [system.db.CDbCommand] Querying SQL: SELECT `cnee`.`id` AS `t1_c0`, `cnee`.`owner_id` AS `t1_c1`, `cnee`.`cnid_id` AS `t1_c2`, `cnee`.`name` AS `t1_c3`, `cnee`.`company` AS `t1_c4`, `cnee`.`address` AS `t1_c5`, `cnee`.`suburb` AS `t1_c6`, `cnee`.`city` AS `t1_c7`, `cnee`.`state` AS `t1_c8`, `cnee`.`postcode` AS `t1_c9`, `cnee`.`country` AS `t1_c10`, `cnee`.`tel` AS `t1_c11`, `cnee`.`email` AS `t1_c12`, `cnee`.`acc` AS `t1_c13`, `cnee`.`cnid_no` AS `t1_c14` FROM `addr` `cnee`  WHERE (`cnee`.`id`=:ypl0)
2023/10/11 02:57:25 [trace] [system.db.CDbConnection] Opening DB connection
2023/10/11 02:57:27 [trace] [system.db.ar.CActiveRecord] Shipment.findByAttributes()
2023/10/11 02:57:27 [trace] [system.db.CDbCommand] Querying SQL: SHOW FULL COLUMNS FROM `shipment`
2023/10/11 02:57:27 [trace] [system.db.CDbCommand] Querying SQL: SHOW CREATE TABLE `shipment`
2023/10/11 02:57:27 [trace] [system.db.CDbCommand] Querying SQL: SELECT * FROM `shipment` `t` WHERE `t`.`ref`=:yp0 LIMIT 1
2023/10/11 02:57:27 [trace] [system.db.ar.CActiveRecord] Addr.findByPk()
2023/10/11 02:57:27 [trace] [system.db.CDbCommand] Querying SQL: SHOW FULL COLUMNS FROM `addr`
2023/10/11 02:57:27 [trace] [system.db.CDbCommand] Querying SQL: SHOW CREATE TABLE `addr`
2023/10/11 02:57:27 [trace] [system.db.CDbCommand] Querying SQL: SELECT * FROM `addr` `t` WHERE `t`.`id`='142274894' LIMIT 1
2023/10/11 02:57:27 [trace] [system.db.ar.CActiveRecord] lazy loading ImParcel.cnee
2023/10/11 02:57:27 [trace] [system.db.CDbCommand] Querying SQL: SELECT `cnee`.`id` AS `t1_c0`, `cnee`.`owner_id` AS `t1_c1`, `cnee`.`cnid_id` AS `t1_c2`, `cnee`.`name` AS `t1_c3`, `cnee`.`company` AS `t1_c4`, `cnee`.`address` AS `t1_c5`, `cnee`.`suburb` AS `t1_c6`, `cnee`.`city` AS `t1_c7`, `cnee`.`state` AS `t1_c8`, `cnee`.`postcode` AS `t1_c9`, `cnee`.`country` AS `t1_c10`, `cnee`.`tel` AS `t1_c11`, `cnee`.`email` AS `t1_c12`, `cnee`.`acc` AS `t1_c13`, `cnee`.`cnid_no` AS `t1_c14` FROM `addr` `cnee`  WHERE (`cnee`.`id`=:ypl0)
2023/10/11 03:04:50 [trace] [system.db.CDbConnection] Opening DB connection
2023/10/11 03:04:53 [trace] [system.db.ar.CActiveRecord] Shipment.findByAttributes()
2023/10/11 03:04:53 [trace] [system.db.CDbCommand] Querying SQL: SHOW FULL COLUMNS FROM `shipment`
2023/10/11 03:04:53 [trace] [system.db.CDbCommand] Querying SQL: SHOW CREATE TABLE `shipment`
2023/10/11 03:04:53 [trace] [system.db.CDbCommand] Querying SQL: SELECT * FROM `shipment` `t` WHERE `t`.`ref`=:yp0 LIMIT 1
2023/10/11 03:04:53 [trace] [system.db.ar.CActiveRecord] Addr.findByPk()
2023/10/11 03:04:53 [trace] [system.db.CDbCommand] Querying SQL: SHOW FULL COLUMNS FROM `addr`
2023/10/11 03:04:53 [trace] [system.db.CDbCommand] Querying SQL: SHOW CREATE TABLE `addr`
2023/10/11 03:04:53 [trace] [system.db.CDbCommand] Querying SQL: SELECT * FROM `addr` `t` WHERE `t`.`id`='142274894' LIMIT 1
2023/10/11 03:04:53 [trace] [system.db.ar.CActiveRecord] lazy loading ImParcel.cnee
2023/10/11 03:04:53 [trace] [system.db.CDbCommand] Querying SQL: SELECT `cnee`.`id` AS `t1_c0`, `cnee`.`owner_id` AS `t1_c1`, `cnee`.`cnid_id` AS `t1_c2`, `cnee`.`name` AS `t1_c3`, `cnee`.`company` AS `t1_c4`, `cnee`.`address` AS `t1_c5`, `cnee`.`suburb` AS `t1_c6`, `cnee`.`city` AS `t1_c7`, `cnee`.`state` AS `t1_c8`, `cnee`.`postcode` AS `t1_c9`, `cnee`.`country` AS `t1_c10`, `cnee`.`tel` AS `t1_c11`, `cnee`.`email` AS `t1_c12`, `cnee`.`acc` AS `t1_c13`, `cnee`.`cnid_no` AS `t1_c14` FROM `addr` `cnee`  WHERE (`cnee`.`id`=:ypl0)
2023/10/11 03:06:46 [trace] [system.db.CDbConnection] Opening DB connection
2023/10/11 03:06:49 [trace] [system.db.ar.CActiveRecord] Shipment.findByAttributes()
2023/10/11 03:06:49 [trace] [system.db.CDbCommand] Querying SQL: SHOW FULL COLUMNS FROM `shipment`
2023/10/11 03:06:49 [trace] [system.db.CDbCommand] Querying SQL: SHOW CREATE TABLE `shipment`
2023/10/11 03:06:49 [trace] [system.db.CDbCommand] Querying SQL: SELECT * FROM `shipment` `t` WHERE `t`.`ref`=:yp0 LIMIT 1
2023/10/11 03:06:49 [trace] [system.db.ar.CActiveRecord] Addr.findByPk()
2023/10/11 03:06:49 [trace] [system.db.CDbCommand] Querying SQL: SHOW FULL COLUMNS FROM `addr`
2023/10/11 03:06:49 [trace] [system.db.CDbCommand] Querying SQL: SHOW CREATE TABLE `addr`
2023/10/11 03:06:49 [trace] [system.db.CDbCommand] Querying SQL: SELECT * FROM `addr` `t` WHERE `t`.`id`='142274894' LIMIT 1
2023/10/11 03:06:49 [trace] [system.db.ar.CActiveRecord] lazy loading ImParcel.cnee
2023/10/11 03:06:49 [trace] [system.db.CDbCommand] Querying SQL: SELECT `cnee`.`id` AS `t1_c0`, `cnee`.`owner_id` AS `t1_c1`, `cnee`.`cnid_id` AS `t1_c2`, `cnee`.`name` AS `t1_c3`, `cnee`.`company` AS `t1_c4`, `cnee`.`address` AS `t1_c5`, `cnee`.`suburb` AS `t1_c6`, `cnee`.`city` AS `t1_c7`, `cnee`.`state` AS `t1_c8`, `cnee`.`postcode` AS `t1_c9`, `cnee`.`country` AS `t1_c10`, `cnee`.`tel` AS `t1_c11`, `cnee`.`email` AS `t1_c12`, `cnee`.`acc` AS `t1_c13`, `cnee`.`cnid_no` AS `t1_c14` FROM `addr` `cnee`  WHERE (`cnee`.`id`=:ypl0)
2023/10/11 03:14:51 [trace] [system.db.CDbConnection] Opening DB connection
2023/10/11 03:14:53 [trace] [system.db.ar.CActiveRecord] Shipment.findByAttributes()
2023/10/11 03:14:53 [trace] [system.db.CDbCommand] Querying SQL: SHOW FULL COLUMNS FROM `shipment`
2023/10/11 03:14:53 [trace] [system.db.CDbCommand] Querying SQL: SHOW CREATE TABLE `shipment`
2023/10/11 03:14:53 [trace] [system.db.CDbCommand] Querying SQL: SELECT * FROM `shipment` `t` WHERE `t`.`ref`=:yp0 LIMIT 1
2023/10/11 03:14:53 [trace] [system.db.ar.CActiveRecord] Addr.findByPk()
2023/10/11 03:14:53 [trace] [system.db.CDbCommand] Querying SQL: SHOW FULL COLUMNS FROM `addr`
2023/10/11 03:14:53 [trace] [system.db.CDbCommand] Querying SQL: SHOW CREATE TABLE `addr`
2023/10/11 03:14:53 [trace] [system.db.CDbCommand] Querying SQL: SELECT * FROM `addr` `t` WHERE `t`.`id`='142274894' LIMIT 1
2023/10/11 03:14:53 [trace] [system.db.ar.CActiveRecord] lazy loading ImParcel.cnee
2023/10/11 03:14:53 [trace] [system.db.CDbCommand] Querying SQL: SELECT `cnee`.`id` AS `t1_c0`, `cnee`.`owner_id` AS `t1_c1`, `cnee`.`cnid_id` AS `t1_c2`, `cnee`.`name` AS `t1_c3`, `cnee`.`company` AS `t1_c4`, `cnee`.`address` AS `t1_c5`, `cnee`.`suburb` AS `t1_c6`, `cnee`.`city` AS `t1_c7`, `cnee`.`state` AS `t1_c8`, `cnee`.`postcode` AS `t1_c9`, `cnee`.`country` AS `t1_c10`, `cnee`.`tel` AS `t1_c11`, `cnee`.`email` AS `t1_c12`, `cnee`.`acc` AS `t1_c13`, `cnee`.`cnid_no` AS `t1_c14` FROM `addr` `cnee`  WHERE (`cnee`.`id`=:ypl0)
2023/10/11 03:16:23 [trace] [system.db.CDbConnection] Opening DB connection
2023/10/11 03:16:25 [trace] [system.db.ar.CActiveRecord] Shipment.findByAttributes()
2023/10/11 03:16:25 [trace] [system.db.CDbCommand] Querying SQL: SHOW FULL COLUMNS FROM `shipment`
2023/10/11 03:16:25 [trace] [system.db.CDbCommand] Querying SQL: SHOW CREATE TABLE `shipment`
2023/10/11 03:16:25 [trace] [system.db.CDbCommand] Querying SQL: SELECT * FROM `shipment` `t` WHERE `t`.`ref`=:yp0 LIMIT 1
2023/10/11 03:16:25 [trace] [system.db.ar.CActiveRecord] Addr.findByPk()
2023/10/11 03:16:25 [trace] [system.db.CDbCommand] Querying SQL: SHOW FULL COLUMNS FROM `addr`
2023/10/11 03:16:25 [trace] [system.db.CDbCommand] Querying SQL: SHOW CREATE TABLE `addr`
2023/10/11 03:16:25 [trace] [system.db.CDbCommand] Querying SQL: SELECT * FROM `addr` `t` WHERE `t`.`id`='142274894' LIMIT 1
2023/10/11 03:16:25 [trace] [system.db.ar.CActiveRecord] lazy loading ImParcel.cnee
2023/10/11 03:16:25 [trace] [system.db.CDbCommand] Querying SQL: SELECT `cnee`.`id` AS `t1_c0`, `cnee`.`owner_id` AS `t1_c1`, `cnee`.`cnid_id` AS `t1_c2`, `cnee`.`name` AS `t1_c3`, `cnee`.`company` AS `t1_c4`, `cnee`.`address` AS `t1_c5`, `cnee`.`suburb` AS `t1_c6`, `cnee`.`city` AS `t1_c7`, `cnee`.`state` AS `t1_c8`, `cnee`.`postcode` AS `t1_c9`, `cnee`.`country` AS `t1_c10`, `cnee`.`tel` AS `t1_c11`, `cnee`.`email` AS `t1_c12`, `cnee`.`acc` AS `t1_c13`, `cnee`.`cnid_no` AS `t1_c14` FROM `addr` `cnee`  WHERE (`cnee`.`id`=:ypl0)
2023/10/11 03:18:36 [trace] [system.db.CDbConnection] Opening DB connection
2023/10/11 03:18:38 [trace] [system.db.ar.CActiveRecord] Shipment.findByAttributes()
2023/10/11 03:18:38 [trace] [system.db.CDbCommand] Querying SQL: SHOW FULL COLUMNS FROM `shipment`
2023/10/11 03:18:38 [trace] [system.db.CDbCommand] Querying SQL: SHOW CREATE TABLE `shipment`
2023/10/11 03:18:38 [trace] [system.db.CDbCommand] Querying SQL: SELECT * FROM `shipment` `t` WHERE `t`.`ref`=:yp0 LIMIT 1
2023/10/11 03:18:38 [trace] [system.db.ar.CActiveRecord] Addr.findByPk()
2023/10/11 03:18:38 [trace] [system.db.CDbCommand] Querying SQL: SHOW FULL COLUMNS FROM `addr`
2023/10/11 03:18:38 [trace] [system.db.CDbCommand] Querying SQL: SHOW CREATE TABLE `addr`
2023/10/11 03:18:38 [trace] [system.db.CDbCommand] Querying SQL: SELECT * FROM `addr` `t` WHERE `t`.`id`='142274894' LIMIT 1
2023/10/11 03:18:38 [trace] [system.db.ar.CActiveRecord] lazy loading ImParcel.cnee
2023/10/11 03:18:38 [trace] [system.db.CDbCommand] Querying SQL: SELECT `cnee`.`id` AS `t1_c0`, `cnee`.`owner_id` AS `t1_c1`, `cnee`.`cnid_id` AS `t1_c2`, `cnee`.`name` AS `t1_c3`, `cnee`.`company` AS `t1_c4`, `cnee`.`address` AS `t1_c5`, `cnee`.`suburb` AS `t1_c6`, `cnee`.`city` AS `t1_c7`, `cnee`.`state` AS `t1_c8`, `cnee`.`postcode` AS `t1_c9`, `cnee`.`country` AS `t1_c10`, `cnee`.`tel` AS `t1_c11`, `cnee`.`email` AS `t1_c12`, `cnee`.`acc` AS `t1_c13`, `cnee`.`cnid_no` AS `t1_c14` FROM `addr` `cnee`  WHERE (`cnee`.`id`=:ypl0)
2023/10/11 03:19:39 [trace] [system.db.CDbConnection] Opening DB connection
2023/10/11 03:19:41 [trace] [system.db.ar.CActiveRecord] Shipment.findByAttributes()
2023/10/11 03:19:41 [trace] [system.db.CDbCommand] Querying SQL: SHOW FULL COLUMNS FROM `shipment`
2023/10/11 03:19:41 [trace] [system.db.CDbCommand] Querying SQL: SHOW CREATE TABLE `shipment`
2023/10/11 03:19:41 [trace] [system.db.CDbCommand] Querying SQL: SELECT * FROM `shipment` `t` WHERE `t`.`ref`=:yp0 LIMIT 1
2023/10/11 03:19:41 [trace] [system.db.ar.CActiveRecord] Addr.findByPk()
2023/10/11 03:19:41 [trace] [system.db.CDbCommand] Querying SQL: SHOW FULL COLUMNS FROM `addr`
2023/10/11 03:19:41 [trace] [system.db.CDbCommand] Querying SQL: SHOW CREATE TABLE `addr`
2023/10/11 03:19:41 [trace] [system.db.CDbCommand] Querying SQL: SELECT * FROM `addr` `t` WHERE `t`.`id`='142274894' LIMIT 1
2023/10/11 03:19:41 [trace] [system.db.ar.CActiveRecord] lazy loading ImParcel.cnee
2023/10/11 03:19:41 [trace] [system.db.CDbCommand] Querying SQL: SELECT `cnee`.`id` AS `t1_c0`, `cnee`.`owner_id` AS `t1_c1`, `cnee`.`cnid_id` AS `t1_c2`, `cnee`.`name` AS `t1_c3`, `cnee`.`company` AS `t1_c4`, `cnee`.`address` AS `t1_c5`, `cnee`.`suburb` AS `t1_c6`, `cnee`.`city` AS `t1_c7`, `cnee`.`state` AS `t1_c8`, `cnee`.`postcode` AS `t1_c9`, `cnee`.`country` AS `t1_c10`, `cnee`.`tel` AS `t1_c11`, `cnee`.`email` AS `t1_c12`, `cnee`.`acc` AS `t1_c13`, `cnee`.`cnid_no` AS `t1_c14` FROM `addr` `cnee`  WHERE (`cnee`.`id`=:ypl0)
2023/10/11 03:21:04 [trace] [system.db.CDbConnection] Opening DB connection
2023/10/11 03:21:06 [trace] [system.db.ar.CActiveRecord] Shipment.findByAttributes()
2023/10/11 03:21:06 [trace] [system.db.CDbCommand] Querying SQL: SHOW FULL COLUMNS FROM `shipment`
2023/10/11 03:21:06 [trace] [system.db.CDbCommand] Querying SQL: SHOW CREATE TABLE `shipment`
2023/10/11 03:21:06 [trace] [system.db.CDbCommand] Querying SQL: SELECT * FROM `shipment` `t` WHERE `t`.`ref`=:yp0 LIMIT 1
2023/10/11 03:21:06 [trace] [system.db.ar.CActiveRecord] Addr.findByPk()
2023/10/11 03:21:06 [trace] [system.db.CDbCommand] Querying SQL: SHOW FULL COLUMNS FROM `addr`
2023/10/11 03:21:06 [trace] [system.db.CDbCommand] Querying SQL: SHOW CREATE TABLE `addr`
2023/10/11 03:21:06 [trace] [system.db.CDbCommand] Querying SQL: SELECT * FROM `addr` `t` WHERE `t`.`id`='142274894' LIMIT 1
2023/10/11 03:21:06 [trace] [system.db.ar.CActiveRecord] lazy loading ImParcel.cnee
2023/10/11 03:21:06 [trace] [system.db.CDbCommand] Querying SQL: SELECT `cnee`.`id` AS `t1_c0`, `cnee`.`owner_id` AS `t1_c1`, `cnee`.`cnid_id` AS `t1_c2`, `cnee`.`name` AS `t1_c3`, `cnee`.`company` AS `t1_c4`, `cnee`.`address` AS `t1_c5`, `cnee`.`suburb` AS `t1_c6`, `cnee`.`city` AS `t1_c7`, `cnee`.`state` AS `t1_c8`, `cnee`.`postcode` AS `t1_c9`, `cnee`.`country` AS `t1_c10`, `cnee`.`tel` AS `t1_c11`, `cnee`.`email` AS `t1_c12`, `cnee`.`acc` AS `t1_c13`, `cnee`.`cnid_no` AS `t1_c14` FROM `addr` `cnee`  WHERE (`cnee`.`id`=:ypl0)
2023/10/11 03:23:33 [trace] [system.db.CDbConnection] Opening DB connection
2023/10/11 03:23:35 [trace] [system.db.ar.CActiveRecord] Shipment.findByAttributes()
2023/10/11 03:23:35 [trace] [system.db.CDbCommand] Querying SQL: SHOW FULL COLUMNS FROM `shipment`
2023/10/11 03:23:35 [trace] [system.db.CDbCommand] Querying SQL: SHOW CREATE TABLE `shipment`
2023/10/11 03:23:35 [trace] [system.db.CDbCommand] Querying SQL: SELECT * FROM `shipment` `t` WHERE `t`.`ref`=:yp0 LIMIT 1
2023/10/11 03:23:35 [trace] [system.db.ar.CActiveRecord] Addr.findByPk()
2023/10/11 03:23:35 [trace] [system.db.CDbCommand] Querying SQL: SHOW FULL COLUMNS FROM `addr`
2023/10/11 03:23:35 [trace] [system.db.CDbCommand] Querying SQL: SHOW CREATE TABLE `addr`
2023/10/11 03:23:35 [trace] [system.db.CDbCommand] Querying SQL: SELECT * FROM `addr` `t` WHERE `t`.`id`='142274894' LIMIT 1
2023/10/11 03:23:35 [trace] [system.db.ar.CActiveRecord] lazy loading ImParcel.cnee
2023/10/11 03:23:35 [trace] [system.db.CDbCommand] Querying SQL: SELECT `cnee`.`id` AS `t1_c0`, `cnee`.`owner_id` AS `t1_c1`, `cnee`.`cnid_id` AS `t1_c2`, `cnee`.`name` AS `t1_c3`, `cnee`.`company` AS `t1_c4`, `cnee`.`address` AS `t1_c5`, `cnee`.`suburb` AS `t1_c6`, `cnee`.`city` AS `t1_c7`, `cnee`.`state` AS `t1_c8`, `cnee`.`postcode` AS `t1_c9`, `cnee`.`country` AS `t1_c10`, `cnee`.`tel` AS `t1_c11`, `cnee`.`email` AS `t1_c12`, `cnee`.`acc` AS `t1_c13`, `cnee`.`cnid_no` AS `t1_c14` FROM `addr` `cnee`  WHERE (`cnee`.`id`=:ypl0)
2023/10/11 03:31:35 [trace] [system.db.CDbConnection] Opening DB connection
2023/10/11 03:31:38 [trace] [system.db.ar.CActiveRecord] Shipment.findByAttributes()
2023/10/11 03:31:38 [trace] [system.db.CDbCommand] Querying SQL: SHOW FULL COLUMNS FROM `shipment`
2023/10/11 03:31:38 [trace] [system.db.CDbCommand] Querying SQL: SHOW CREATE TABLE `shipment`
2023/10/11 03:31:38 [trace] [system.db.CDbCommand] Querying SQL: SELECT * FROM `shipment` `t` WHERE `t`.`ref`=:yp0 LIMIT 1
2023/10/11 03:31:38 [trace] [system.db.ar.CActiveRecord] Addr.findByPk()
2023/10/11 03:31:38 [trace] [system.db.CDbCommand] Querying SQL: SHOW FULL COLUMNS FROM `addr`
2023/10/11 03:31:38 [trace] [system.db.CDbCommand] Querying SQL: SHOW CREATE TABLE `addr`
2023/10/11 03:31:38 [trace] [system.db.CDbCommand] Querying SQL: SELECT * FROM `addr` `t` WHERE `t`.`id`='142274894' LIMIT 1
2023/10/11 03:31:38 [trace] [system.db.ar.CActiveRecord] lazy loading ImParcel.cnee
2023/10/11 03:31:38 [trace] [system.db.CDbCommand] Querying SQL: SELECT `cnee`.`id` AS `t1_c0`, `cnee`.`owner_id` AS `t1_c1`, `cnee`.`cnid_id` AS `t1_c2`, `cnee`.`name` AS `t1_c3`, `cnee`.`company` AS `t1_c4`, `cnee`.`address` AS `t1_c5`, `cnee`.`suburb` AS `t1_c6`, `cnee`.`city` AS `t1_c7`, `cnee`.`state` AS `t1_c8`, `cnee`.`postcode` AS `t1_c9`, `cnee`.`country` AS `t1_c10`, `cnee`.`tel` AS `t1_c11`, `cnee`.`email` AS `t1_c12`, `cnee`.`acc` AS `t1_c13`, `cnee`.`cnid_no` AS `t1_c14` FROM `addr` `cnee`  WHERE (`cnee`.`id`=:ypl0)
2023/10/11 03:34:31 [trace] [system.db.CDbConnection] Opening DB connection
2023/10/11 03:34:33 [trace] [system.db.ar.CActiveRecord] Shipment.findByAttributes()
2023/10/11 03:34:33 [trace] [system.db.CDbCommand] Querying SQL: SHOW FULL COLUMNS FROM `shipment`
2023/10/11 03:34:33 [trace] [system.db.CDbCommand] Querying SQL: SHOW CREATE TABLE `shipment`
2023/10/11 03:34:33 [trace] [system.db.CDbCommand] Querying SQL: SELECT * FROM `shipment` `t` WHERE `t`.`ref`=:yp0 LIMIT 1
2023/10/11 03:34:33 [trace] [system.db.ar.CActiveRecord] Addr.findByPk()
2023/10/11 03:34:33 [trace] [system.db.CDbCommand] Querying SQL: SHOW FULL COLUMNS FROM `addr`
2023/10/11 03:34:33 [trace] [system.db.CDbCommand] Querying SQL: SHOW CREATE TABLE `addr`
2023/10/11 03:34:33 [trace] [system.db.CDbCommand] Querying SQL: SELECT * FROM `addr` `t` WHERE `t`.`id`='142274894' LIMIT 1
2023/10/11 03:34:33 [trace] [system.db.ar.CActiveRecord] lazy loading ImParcel.cnee
2023/10/11 03:34:33 [trace] [system.db.CDbCommand] Querying SQL: SELECT `cnee`.`id` AS `t1_c0`, `cnee`.`owner_id` AS `t1_c1`, `cnee`.`cnid_id` AS `t1_c2`, `cnee`.`name` AS `t1_c3`, `cnee`.`company` AS `t1_c4`, `cnee`.`address` AS `t1_c5`, `cnee`.`suburb` AS `t1_c6`, `cnee`.`city` AS `t1_c7`, `cnee`.`state` AS `t1_c8`, `cnee`.`postcode` AS `t1_c9`, `cnee`.`country` AS `t1_c10`, `cnee`.`tel` AS `t1_c11`, `cnee`.`email` AS `t1_c12`, `cnee`.`acc` AS `t1_c13`, `cnee`.`cnid_no` AS `t1_c14` FROM `addr` `cnee`  WHERE (`cnee`.`id`=:ypl0)
2023/10/11 03:37:34 [trace] [system.db.CDbConnection] Opening DB connection
2023/10/11 03:37:37 [trace] [system.db.ar.CActiveRecord] Shipment.findByAttributes()
2023/10/11 03:37:37 [trace] [system.db.CDbCommand] Querying SQL: SHOW FULL COLUMNS FROM `shipment`
2023/10/11 03:37:37 [trace] [system.db.CDbCommand] Querying SQL: SHOW CREATE TABLE `shipment`
2023/10/11 03:37:37 [trace] [system.db.CDbCommand] Querying SQL: SELECT * FROM `shipment` `t` WHERE `t`.`ref`=:yp0 LIMIT 1
2023/10/11 03:37:37 [trace] [system.db.ar.CActiveRecord] Addr.findByPk()
2023/10/11 03:37:37 [trace] [system.db.CDbCommand] Querying SQL: SHOW FULL COLUMNS FROM `addr`
2023/10/11 03:37:37 [trace] [system.db.CDbCommand] Querying SQL: SHOW CREATE TABLE `addr`
2023/10/11 03:37:37 [trace] [system.db.CDbCommand] Querying SQL: SELECT * FROM `addr` `t` WHERE `t`.`id`='142274894' LIMIT 1
2023/10/11 03:37:37 [trace] [system.db.ar.CActiveRecord] lazy loading ImParcel.cnee
2023/10/11 03:37:37 [trace] [system.db.CDbCommand] Querying SQL: SELECT `cnee`.`id` AS `t1_c0`, `cnee`.`owner_id` AS `t1_c1`, `cnee`.`cnid_id` AS `t1_c2`, `cnee`.`name` AS `t1_c3`, `cnee`.`company` AS `t1_c4`, `cnee`.`address` AS `t1_c5`, `cnee`.`suburb` AS `t1_c6`, `cnee`.`city` AS `t1_c7`, `cnee`.`state` AS `t1_c8`, `cnee`.`postcode` AS `t1_c9`, `cnee`.`country` AS `t1_c10`, `cnee`.`tel` AS `t1_c11`, `cnee`.`email` AS `t1_c12`, `cnee`.`acc` AS `t1_c13`, `cnee`.`cnid_no` AS `t1_c14` FROM `addr` `cnee`  WHERE (`cnee`.`id`=:ypl0)
2023/10/11 03:43:40 [trace] [system.db.CDbConnection] Opening DB connection
2023/10/11 03:43:42 [trace] [system.db.ar.CActiveRecord] Shipment.findByAttributes()
2023/10/11 03:43:42 [trace] [system.db.CDbCommand] Querying SQL: SHOW FULL COLUMNS FROM `shipment`
2023/10/11 03:43:42 [trace] [system.db.CDbCommand] Querying SQL: SHOW CREATE TABLE `shipment`
2023/10/11 03:43:42 [trace] [system.db.CDbCommand] Querying SQL: SELECT * FROM `shipment` `t` WHERE `t`.`ref`=:yp0 LIMIT 1
2023/10/11 03:43:42 [trace] [system.db.ar.CActiveRecord] Addr.findByPk()
2023/10/11 03:43:42 [trace] [system.db.CDbCommand] Querying SQL: SHOW FULL COLUMNS FROM `addr`
2023/10/11 03:43:42 [trace] [system.db.CDbCommand] Querying SQL: SHOW CREATE TABLE `addr`
2023/10/11 03:43:42 [trace] [system.db.CDbCommand] Querying SQL: SELECT * FROM `addr` `t` WHERE `t`.`id`='142274894' LIMIT 1
2023/10/11 03:43:42 [trace] [system.db.ar.CActiveRecord] lazy loading ImParcel.cnee
2023/10/11 03:43:42 [trace] [system.db.CDbCommand] Querying SQL: SELECT `cnee`.`id` AS `t1_c0`, `cnee`.`owner_id` AS `t1_c1`, `cnee`.`cnid_id` AS `t1_c2`, `cnee`.`name` AS `t1_c3`, `cnee`.`company` AS `t1_c4`, `cnee`.`address` AS `t1_c5`, `cnee`.`suburb` AS `t1_c6`, `cnee`.`city` AS `t1_c7`, `cnee`.`state` AS `t1_c8`, `cnee`.`postcode` AS `t1_c9`, `cnee`.`country` AS `t1_c10`, `cnee`.`tel` AS `t1_c11`, `cnee`.`email` AS `t1_c12`, `cnee`.`acc` AS `t1_c13`, `cnee`.`cnid_no` AS `t1_c14` FROM `addr` `cnee`  WHERE (`cnee`.`id`=:ypl0)
2023/10/11 03:45:43 [trace] [system.db.CDbConnection] Opening DB connection
2023/10/11 03:45:46 [trace] [system.db.ar.CActiveRecord] Shipment.findByAttributes()
2023/10/11 03:45:46 [trace] [system.db.CDbCommand] Querying SQL: SHOW FULL COLUMNS FROM `shipment`
2023/10/11 03:45:46 [trace] [system.db.CDbCommand] Querying SQL: SHOW CREATE TABLE `shipment`
2023/10/11 03:45:46 [trace] [system.db.CDbCommand] Querying SQL: SELECT * FROM `shipment` `t` WHERE `t`.`ref`=:yp0 LIMIT 1
2023/10/11 03:45:46 [trace] [system.db.ar.CActiveRecord] Addr.findByPk()
2023/10/11 03:45:46 [trace] [system.db.CDbCommand] Querying SQL: SHOW FULL COLUMNS FROM `addr`
2023/10/11 03:45:46 [trace] [system.db.CDbCommand] Querying SQL: SHOW CREATE TABLE `addr`
2023/10/11 03:45:46 [trace] [system.db.CDbCommand] Querying SQL: SELECT * FROM `addr` `t` WHERE `t`.`id`='142274894' LIMIT 1
2023/10/11 03:45:46 [trace] [system.db.ar.CActiveRecord] lazy loading ImParcel.cnee
2023/10/11 03:45:46 [trace] [system.db.CDbCommand] Querying SQL: SELECT `cnee`.`id` AS `t1_c0`, `cnee`.`owner_id` AS `t1_c1`, `cnee`.`cnid_id` AS `t1_c2`, `cnee`.`name` AS `t1_c3`, `cnee`.`company` AS `t1_c4`, `cnee`.`address` AS `t1_c5`, `cnee`.`suburb` AS `t1_c6`, `cnee`.`city` AS `t1_c7`, `cnee`.`state` AS `t1_c8`, `cnee`.`postcode` AS `t1_c9`, `cnee`.`country` AS `t1_c10`, `cnee`.`tel` AS `t1_c11`, `cnee`.`email` AS `t1_c12`, `cnee`.`acc` AS `t1_c13`, `cnee`.`cnid_no` AS `t1_c14` FROM `addr` `cnee`  WHERE (`cnee`.`id`=:ypl0)
2023/10/11 03:48:50 [trace] [system.db.CDbConnection] Opening DB connection
2023/10/11 03:48:52 [trace] [system.db.ar.CActiveRecord] Shipment.findByAttributes()
2023/10/11 03:48:52 [trace] [system.db.CDbCommand] Querying SQL: SHOW FULL COLUMNS FROM `shipment`
2023/10/11 03:48:52 [trace] [system.db.CDbCommand] Querying SQL: SHOW CREATE TABLE `shipment`
2023/10/11 03:48:52 [trace] [system.db.CDbCommand] Querying SQL: SELECT * FROM `shipment` `t` WHERE `t`.`ref`=:yp0 LIMIT 1
2023/10/11 03:48:52 [trace] [system.db.ar.CActiveRecord] Addr.findByPk()
2023/10/11 03:48:52 [trace] [system.db.CDbCommand] Querying SQL: SHOW FULL COLUMNS FROM `addr`
2023/10/11 03:48:52 [trace] [system.db.CDbCommand] Querying SQL: SHOW CREATE TABLE `addr`
2023/10/11 03:48:52 [trace] [system.db.CDbCommand] Querying SQL: SELECT * FROM `addr` `t` WHERE `t`.`id`='142274894' LIMIT 1
2023/10/11 03:48:52 [trace] [system.db.ar.CActiveRecord] lazy loading ImParcel.cnee
2023/10/11 03:48:52 [trace] [system.db.CDbCommand] Querying SQL: SELECT `cnee`.`id` AS `t1_c0`, `cnee`.`owner_id` AS `t1_c1`, `cnee`.`cnid_id` AS `t1_c2`, `cnee`.`name` AS `t1_c3`, `cnee`.`company` AS `t1_c4`, `cnee`.`address` AS `t1_c5`, `cnee`.`suburb` AS `t1_c6`, `cnee`.`city` AS `t1_c7`, `cnee`.`state` AS `t1_c8`, `cnee`.`postcode` AS `t1_c9`, `cnee`.`country` AS `t1_c10`, `cnee`.`tel` AS `t1_c11`, `cnee`.`email` AS `t1_c12`, `cnee`.`acc` AS `t1_c13`, `cnee`.`cnid_no` AS `t1_c14` FROM `addr` `cnee`  WHERE (`cnee`.`id`=:ypl0)
2023/10/11 03:51:51 [trace] [system.db.CDbConnection] Opening DB connection
2023/10/11 03:51:53 [trace] [system.db.ar.CActiveRecord] Shipment.findByAttributes()
2023/10/11 03:51:53 [trace] [system.db.CDbCommand] Querying SQL: SHOW FULL COLUMNS FROM `shipment`
2023/10/11 03:51:53 [trace] [system.db.CDbCommand] Querying SQL: SHOW CREATE TABLE `shipment`
2023/10/11 03:51:53 [trace] [system.db.CDbCommand] Querying SQL: SELECT * FROM `shipment` `t` WHERE `t`.`ref`=:yp0 LIMIT 1
2023/10/11 03:51:53 [trace] [system.db.ar.CActiveRecord] Addr.findByPk()
2023/10/11 03:51:53 [trace] [system.db.CDbCommand] Querying SQL: SHOW FULL COLUMNS FROM `addr`
2023/10/11 03:51:53 [trace] [system.db.CDbCommand] Querying SQL: SHOW CREATE TABLE `addr`
2023/10/11 03:51:53 [trace] [system.db.CDbCommand] Querying SQL: SELECT * FROM `addr` `t` WHERE `t`.`id`='142274894' LIMIT 1
2023/10/11 03:51:53 [trace] [system.db.ar.CActiveRecord] lazy loading ImParcel.cnee
2023/10/11 03:51:53 [trace] [system.db.CDbCommand] Querying SQL: SELECT `cnee`.`id` AS `t1_c0`, `cnee`.`owner_id` AS `t1_c1`, `cnee`.`cnid_id` AS `t1_c2`, `cnee`.`name` AS `t1_c3`, `cnee`.`company` AS `t1_c4`, `cnee`.`address` AS `t1_c5`, `cnee`.`suburb` AS `t1_c6`, `cnee`.`city` AS `t1_c7`, `cnee`.`state` AS `t1_c8`, `cnee`.`postcode` AS `t1_c9`, `cnee`.`country` AS `t1_c10`, `cnee`.`tel` AS `t1_c11`, `cnee`.`email` AS `t1_c12`, `cnee`.`acc` AS `t1_c13`, `cnee`.`cnid_no` AS `t1_c14` FROM `addr` `cnee`  WHERE (`cnee`.`id`=:ypl0)
2023/10/11 03:52:49 [trace] [system.db.CDbConnection] Opening DB connection
2023/10/11 03:52:51 [trace] [system.db.ar.CActiveRecord] Shipment.findByAttributes()
2023/10/11 03:52:51 [trace] [system.db.CDbCommand] Querying SQL: SHOW FULL COLUMNS FROM `shipment`
2023/10/11 03:52:51 [trace] [system.db.CDbCommand] Querying SQL: SHOW CREATE TABLE `shipment`
2023/10/11 03:52:51 [trace] [system.db.CDbCommand] Querying SQL: SELECT * FROM `shipment` `t` WHERE `t`.`ref`=:yp0 LIMIT 1
2023/10/11 03:52:51 [trace] [system.db.ar.CActiveRecord] Addr.findByPk()
2023/10/11 03:52:51 [trace] [system.db.CDbCommand] Querying SQL: SHOW FULL COLUMNS FROM `addr`
2023/10/11 03:52:51 [trace] [system.db.CDbCommand] Querying SQL: SHOW CREATE TABLE `addr`
2023/10/11 03:52:51 [trace] [system.db.CDbCommand] Querying SQL: SELECT * FROM `addr` `t` WHERE `t`.`id`='142274894' LIMIT 1
2023/10/11 03:52:51 [trace] [system.db.ar.CActiveRecord] lazy loading ImParcel.cnee
2023/10/11 03:52:51 [trace] [system.db.CDbCommand] Querying SQL: SELECT `cnee`.`id` AS `t1_c0`, `cnee`.`owner_id` AS `t1_c1`, `cnee`.`cnid_id` AS `t1_c2`, `cnee`.`name` AS `t1_c3`, `cnee`.`company` AS `t1_c4`, `cnee`.`address` AS `t1_c5`, `cnee`.`suburb` AS `t1_c6`, `cnee`.`city` AS `t1_c7`, `cnee`.`state` AS `t1_c8`, `cnee`.`postcode` AS `t1_c9`, `cnee`.`country` AS `t1_c10`, `cnee`.`tel` AS `t1_c11`, `cnee`.`email` AS `t1_c12`, `cnee`.`acc` AS `t1_c13`, `cnee`.`cnid_no` AS `t1_c14` FROM `addr` `cnee`  WHERE (`cnee`.`id`=:ypl0)
2023/10/11 03:54:18 [trace] [system.db.CDbConnection] Opening DB connection
2023/10/11 03:54:20 [trace] [system.db.ar.CActiveRecord] Shipment.findByAttributes()
2023/10/11 03:54:20 [trace] [system.db.CDbCommand] Querying SQL: SHOW FULL COLUMNS FROM `shipment`
2023/10/11 03:54:20 [trace] [system.db.CDbCommand] Querying SQL: SHOW CREATE TABLE `shipment`
2023/10/11 03:54:20 [trace] [system.db.CDbCommand] Querying SQL: SELECT * FROM `shipment` `t` WHERE `t`.`ref`=:yp0 LIMIT 1
2023/10/11 03:54:20 [trace] [system.db.ar.CActiveRecord] Addr.findByPk()
2023/10/11 03:54:20 [trace] [system.db.CDbCommand] Querying SQL: SHOW FULL COLUMNS FROM `addr`
2023/10/11 03:54:20 [trace] [system.db.CDbCommand] Querying SQL: SHOW CREATE TABLE `addr`
2023/10/11 03:54:20 [trace] [system.db.CDbCommand] Querying SQL: SELECT * FROM `addr` `t` WHERE `t`.`id`='142274894' LIMIT 1
2023/10/11 03:54:20 [trace] [system.db.ar.CActiveRecord] lazy loading ImParcel.cnee
2023/10/11 03:54:20 [trace] [system.db.CDbCommand] Querying SQL: SELECT `cnee`.`id` AS `t1_c0`, `cnee`.`owner_id` AS `t1_c1`, `cnee`.`cnid_id` AS `t1_c2`, `cnee`.`name` AS `t1_c3`, `cnee`.`company` AS `t1_c4`, `cnee`.`address` AS `t1_c5`, `cnee`.`suburb` AS `t1_c6`, `cnee`.`city` AS `t1_c7`, `cnee`.`state` AS `t1_c8`, `cnee`.`postcode` AS `t1_c9`, `cnee`.`country` AS `t1_c10`, `cnee`.`tel` AS `t1_c11`, `cnee`.`email` AS `t1_c12`, `cnee`.`acc` AS `t1_c13`, `cnee`.`cnid_no` AS `t1_c14` FROM `addr` `cnee`  WHERE (`cnee`.`id`=:ypl0)
2023/10/11 03:55:06 [trace] [system.db.CDbConnection] Opening DB connection
2023/10/11 03:55:08 [trace] [system.db.ar.CActiveRecord] Shipment.findByAttributes()
2023/10/11 03:55:08 [trace] [system.db.CDbCommand] Querying SQL: SHOW FULL COLUMNS FROM `shipment`
2023/10/11 03:55:08 [trace] [system.db.CDbCommand] Querying SQL: SHOW CREATE TABLE `shipment`
2023/10/11 03:55:08 [trace] [system.db.CDbCommand] Querying SQL: SELECT * FROM `shipment` `t` WHERE `t`.`ref`=:yp0 LIMIT 1
2023/10/11 03:55:08 [trace] [system.db.ar.CActiveRecord] Addr.findByPk()
2023/10/11 03:55:08 [trace] [system.db.CDbCommand] Querying SQL: SHOW FULL COLUMNS FROM `addr`
2023/10/11 03:55:08 [trace] [system.db.CDbCommand] Querying SQL: SHOW CREATE TABLE `addr`
2023/10/11 03:55:08 [trace] [system.db.CDbCommand] Querying SQL: SELECT * FROM `addr` `t` WHERE `t`.`id`='142274894' LIMIT 1
2023/10/11 03:55:08 [trace] [system.db.ar.CActiveRecord] lazy loading ImParcel.cnee
2023/10/11 03:55:08 [trace] [system.db.CDbCommand] Querying SQL: SELECT `cnee`.`id` AS `t1_c0`, `cnee`.`owner_id` AS `t1_c1`, `cnee`.`cnid_id` AS `t1_c2`, `cnee`.`name` AS `t1_c3`, `cnee`.`company` AS `t1_c4`, `cnee`.`address` AS `t1_c5`, `cnee`.`suburb` AS `t1_c6`, `cnee`.`city` AS `t1_c7`, `cnee`.`state` AS `t1_c8`, `cnee`.`postcode` AS `t1_c9`, `cnee`.`country` AS `t1_c10`, `cnee`.`tel` AS `t1_c11`, `cnee`.`email` AS `t1_c12`, `cnee`.`acc` AS `t1_c13`, `cnee`.`cnid_no` AS `t1_c14` FROM `addr` `cnee`  WHERE (`cnee`.`id`=:ypl0)
2023/10/11 03:56:24 [trace] [system.db.CDbConnection] Opening DB connection
2023/10/11 03:56:27 [trace] [system.db.ar.CActiveRecord] Shipment.findByAttributes()
2023/10/11 03:56:27 [trace] [system.db.CDbCommand] Querying SQL: SHOW FULL COLUMNS FROM `shipment`
2023/10/11 03:56:27 [trace] [system.db.CDbCommand] Querying SQL: SHOW CREATE TABLE `shipment`
2023/10/11 03:56:27 [trace] [system.db.CDbCommand] Querying SQL: SELECT * FROM `shipment` `t` WHERE `t`.`ref`=:yp0 LIMIT 1
2023/10/11 03:56:27 [trace] [system.db.ar.CActiveRecord] Addr.findByPk()
2023/10/11 03:56:27 [trace] [system.db.CDbCommand] Querying SQL: SHOW FULL COLUMNS FROM `addr`
2023/10/11 03:56:27 [trace] [system.db.CDbCommand] Querying SQL: SHOW CREATE TABLE `addr`
2023/10/11 03:56:27 [trace] [system.db.CDbCommand] Querying SQL: SELECT * FROM `addr` `t` WHERE `t`.`id`='142274894' LIMIT 1
2023/10/11 03:56:27 [trace] [system.db.ar.CActiveRecord] lazy loading ImParcel.cnee
2023/10/11 03:56:27 [trace] [system.db.CDbCommand] Querying SQL: SELECT `cnee`.`id` AS `t1_c0`, `cnee`.`owner_id` AS `t1_c1`, `cnee`.`cnid_id` AS `t1_c2`, `cnee`.`name` AS `t1_c3`, `cnee`.`company` AS `t1_c4`, `cnee`.`address` AS `t1_c5`, `cnee`.`suburb` AS `t1_c6`, `cnee`.`city` AS `t1_c7`, `cnee`.`state` AS `t1_c8`, `cnee`.`postcode` AS `t1_c9`, `cnee`.`country` AS `t1_c10`, `cnee`.`tel` AS `t1_c11`, `cnee`.`email` AS `t1_c12`, `cnee`.`acc` AS `t1_c13`, `cnee`.`cnid_no` AS `t1_c14` FROM `addr` `cnee`  WHERE (`cnee`.`id`=:ypl0)
2023/10/11 04:17:42 [trace] [system.db.CDbConnection] Opening DB connection
2023/10/11 04:17:44 [trace] [system.db.ar.CActiveRecord] Shipment.findByAttributes()
2023/10/11 04:17:44 [trace] [system.db.CDbCommand] Querying SQL: SHOW FULL COLUMNS FROM `shipment`
2023/10/11 04:17:44 [trace] [system.db.CDbCommand] Querying SQL: SHOW CREATE TABLE `shipment`
2023/10/11 04:17:44 [trace] [system.db.CDbCommand] Querying SQL: SELECT * FROM `shipment` `t` WHERE `t`.`ref`=:yp0 LIMIT 1
2023/10/11 04:17:44 [trace] [system.db.ar.CActiveRecord] Addr.findByPk()
2023/10/11 04:17:44 [trace] [system.db.CDbCommand] Querying SQL: SHOW FULL COLUMNS FROM `addr`
2023/10/11 04:17:44 [trace] [system.db.CDbCommand] Querying SQL: SHOW CREATE TABLE `addr`
2023/10/11 04:17:44 [trace] [system.db.CDbCommand] Querying SQL: SELECT * FROM `addr` `t` WHERE `t`.`id`='142274894' LIMIT 1
2023/10/11 04:17:44 [trace] [system.db.ar.CActiveRecord] lazy loading ImParcel.cnee
2023/10/11 04:17:44 [trace] [system.db.CDbCommand] Querying SQL: SELECT `cnee`.`id` AS `t1_c0`, `cnee`.`owner_id` AS `t1_c1`, `cnee`.`cnid_id` AS `t1_c2`, `cnee`.`name` AS `t1_c3`, `cnee`.`company` AS `t1_c4`, `cnee`.`address` AS `t1_c5`, `cnee`.`suburb` AS `t1_c6`, `cnee`.`city` AS `t1_c7`, `cnee`.`state` AS `t1_c8`, `cnee`.`postcode` AS `t1_c9`, `cnee`.`country` AS `t1_c10`, `cnee`.`tel` AS `t1_c11`, `cnee`.`email` AS `t1_c12`, `cnee`.`acc` AS `t1_c13`, `cnee`.`cnid_no` AS `t1_c14` FROM `addr` `cnee`  WHERE (`cnee`.`id`=:ypl0)
2023/10/11 04:27:52 [trace] [system.db.CDbConnection] Opening DB connection
2023/10/11 04:27:54 [trace] [system.db.ar.CActiveRecord] Shipment.findByAttributes()
2023/10/11 04:27:54 [trace] [system.db.CDbCommand] Querying SQL: SHOW FULL COLUMNS FROM `shipment`
2023/10/11 04:27:54 [trace] [system.db.CDbCommand] Querying SQL: SHOW CREATE TABLE `shipment`
2023/10/11 04:27:54 [trace] [system.db.CDbCommand] Querying SQL: SELECT * FROM `shipment` `t` WHERE `t`.`ref`=:yp0 LIMIT 1
2023/10/11 04:27:54 [trace] [system.db.ar.CActiveRecord] Addr.findByPk()
2023/10/11 04:27:54 [trace] [system.db.CDbCommand] Querying SQL: SHOW FULL COLUMNS FROM `addr`
2023/10/11 04:27:54 [trace] [system.db.CDbCommand] Querying SQL: SHOW CREATE TABLE `addr`
2023/10/11 04:27:54 [trace] [system.db.CDbCommand] Querying SQL: SELECT * FROM `addr` `t` WHERE `t`.`id`='142274894' LIMIT 1
2023/10/11 04:27:54 [trace] [system.db.ar.CActiveRecord] lazy loading ImParcel.cnee
2023/10/11 04:27:54 [trace] [system.db.CDbCommand] Querying SQL: SELECT `cnee`.`id` AS `t1_c0`, `cnee`.`owner_id` AS `t1_c1`, `cnee`.`cnid_id` AS `t1_c2`, `cnee`.`name` AS `t1_c3`, `cnee`.`company` AS `t1_c4`, `cnee`.`address` AS `t1_c5`, `cnee`.`suburb` AS `t1_c6`, `cnee`.`city` AS `t1_c7`, `cnee`.`state` AS `t1_c8`, `cnee`.`postcode` AS `t1_c9`, `cnee`.`country` AS `t1_c10`, `cnee`.`tel` AS `t1_c11`, `cnee`.`email` AS `t1_c12`, `cnee`.`acc` AS `t1_c13`, `cnee`.`cnid_no` AS `t1_c14` FROM `addr` `cnee`  WHERE (`cnee`.`id`=:ypl0)
2023/10/11 06:07:38 [trace] [system.db.CDbConnection] Opening DB connection
2023/10/11 06:07:40 [trace] [system.db.ar.CActiveRecord] Shipment.findByAttributes()
2023/10/11 06:07:40 [trace] [system.db.CDbCommand] Querying SQL: SHOW FULL COLUMNS FROM `shipment`
2023/10/11 06:07:40 [trace] [system.db.CDbCommand] Querying SQL: SHOW CREATE TABLE `shipment`
2023/10/11 06:07:40 [trace] [system.db.CDbCommand] Querying SQL: SELECT * FROM `shipment` `t` WHERE `t`.`ref`=:yp0 LIMIT 1
2023/10/11 06:07:40 [trace] [system.db.ar.CActiveRecord] Addr.findByPk()
2023/10/11 06:07:40 [trace] [system.db.CDbCommand] Querying SQL: SHOW FULL COLUMNS FROM `addr`
2023/10/11 06:07:40 [trace] [system.db.CDbCommand] Querying SQL: SHOW CREATE TABLE `addr`
2023/10/11 06:07:40 [trace] [system.db.CDbCommand] Querying SQL: SELECT * FROM `addr` `t` WHERE `t`.`id`='142274894' LIMIT 1
2023/10/11 06:07:40 [trace] [system.db.ar.CActiveRecord] lazy loading ImParcel.cnee
2023/10/11 06:07:40 [trace] [system.db.CDbCommand] Querying SQL: SELECT `cnee`.`id` AS `t1_c0`, `cnee`.`owner_id` AS `t1_c1`, `cnee`.`cnid_id` AS `t1_c2`, `cnee`.`name` AS `t1_c3`, `cnee`.`company` AS `t1_c4`, `cnee`.`address` AS `t1_c5`, `cnee`.`suburb` AS `t1_c6`, `cnee`.`city` AS `t1_c7`, `cnee`.`state` AS `t1_c8`, `cnee`.`postcode` AS `t1_c9`, `cnee`.`country` AS `t1_c10`, `cnee`.`tel` AS `t1_c11`, `cnee`.`email` AS `t1_c12`, `cnee`.`acc` AS `t1_c13`, `cnee`.`cnid_no` AS `t1_c14` FROM `addr` `cnee`  WHERE (`cnee`.`id`=:ypl0)
2023/10/11 06:13:49 [trace] [system.db.CDbConnection] Opening DB connection
2023/10/11 06:13:51 [trace] [system.db.ar.CActiveRecord] Shipment.findByAttributes()
2023/10/11 06:13:51 [trace] [system.db.CDbCommand] Querying SQL: SHOW FULL COLUMNS FROM `shipment`
2023/10/11 06:13:51 [trace] [system.db.CDbCommand] Querying SQL: SHOW CREATE TABLE `shipment`
2023/10/11 06:13:51 [trace] [system.db.CDbCommand] Querying SQL: SELECT * FROM `shipment` `t` WHERE `t`.`ref`=:yp0 LIMIT 1
2023/10/11 06:13:52 [trace] [system.db.ar.CActiveRecord] Addr.findByPk()
2023/10/11 06:13:52 [trace] [system.db.CDbCommand] Querying SQL: SHOW FULL COLUMNS FROM `addr`
2023/10/11 06:13:52 [trace] [system.db.CDbCommand] Querying SQL: SHOW CREATE TABLE `addr`
2023/10/11 06:13:52 [trace] [system.db.CDbCommand] Querying SQL: SELECT * FROM `addr` `t` WHERE `t`.`id`='142274894' LIMIT 1
2023/10/11 06:13:52 [trace] [system.db.ar.CActiveRecord] lazy loading ImParcel.cnee
2023/10/11 06:13:52 [trace] [system.db.CDbCommand] Querying SQL: SELECT `cnee`.`id` AS `t1_c0`, `cnee`.`owner_id` AS `t1_c1`, `cnee`.`cnid_id` AS `t1_c2`, `cnee`.`name` AS `t1_c3`, `cnee`.`company` AS `t1_c4`, `cnee`.`address` AS `t1_c5`, `cnee`.`suburb` AS `t1_c6`, `cnee`.`city` AS `t1_c7`, `cnee`.`state` AS `t1_c8`, `cnee`.`postcode` AS `t1_c9`, `cnee`.`country` AS `t1_c10`, `cnee`.`tel` AS `t1_c11`, `cnee`.`email` AS `t1_c12`, `cnee`.`acc` AS `t1_c13`, `cnee`.`cnid_no` AS `t1_c14` FROM `addr` `cnee`  WHERE (`cnee`.`id`=:ypl0)
2023/10/11 06:14:54 [trace] [system.db.CDbConnection] Opening DB connection
2023/10/11 06:14:56 [trace] [system.db.ar.CActiveRecord] Shipment.findByAttributes()
2023/10/11 06:14:56 [trace] [system.db.CDbCommand] Querying SQL: SHOW FULL COLUMNS FROM `shipment`
2023/10/11 06:14:56 [trace] [system.db.CDbCommand] Querying SQL: SHOW CREATE TABLE `shipment`
2023/10/11 06:14:56 [trace] [system.db.CDbCommand] Querying SQL: SELECT * FROM `shipment` `t` WHERE `t`.`ref`=:yp0 LIMIT 1
2023/10/11 06:14:56 [trace] [system.db.ar.CActiveRecord] Addr.findByPk()
2023/10/11 06:14:56 [trace] [system.db.CDbCommand] Querying SQL: SHOW FULL COLUMNS FROM `addr`
2023/10/11 06:14:56 [trace] [system.db.CDbCommand] Querying SQL: SHOW CREATE TABLE `addr`
2023/10/11 06:14:56 [trace] [system.db.CDbCommand] Querying SQL: SELECT * FROM `addr` `t` WHERE `t`.`id`='142274894' LIMIT 1
2023/10/11 06:14:56 [trace] [system.db.ar.CActiveRecord] lazy loading ImParcel.cnee
2023/10/11 06:14:56 [trace] [system.db.CDbCommand] Querying SQL: SELECT `cnee`.`id` AS `t1_c0`, `cnee`.`owner_id` AS `t1_c1`, `cnee`.`cnid_id` AS `t1_c2`, `cnee`.`name` AS `t1_c3`, `cnee`.`company` AS `t1_c4`, `cnee`.`address` AS `t1_c5`, `cnee`.`suburb` AS `t1_c6`, `cnee`.`city` AS `t1_c7`, `cnee`.`state` AS `t1_c8`, `cnee`.`postcode` AS `t1_c9`, `cnee`.`country` AS `t1_c10`, `cnee`.`tel` AS `t1_c11`, `cnee`.`email` AS `t1_c12`, `cnee`.`acc` AS `t1_c13`, `cnee`.`cnid_no` AS `t1_c14` FROM `addr` `cnee`  WHERE (`cnee`.`id`=:ypl0)
2023/10/11 06:16:17 [trace] [system.db.CDbConnection] Opening DB connection
2023/10/11 06:16:19 [trace] [system.db.ar.CActiveRecord] Shipment.findByAttributes()
2023/10/11 06:16:19 [trace] [system.db.CDbCommand] Querying SQL: SHOW FULL COLUMNS FROM `shipment`
2023/10/11 06:16:19 [trace] [system.db.CDbCommand] Querying SQL: SHOW CREATE TABLE `shipment`
2023/10/11 06:16:19 [trace] [system.db.CDbCommand] Querying SQL: SELECT * FROM `shipment` `t` WHERE `t`.`ref`=:yp0 LIMIT 1
2023/10/11 06:16:20 [trace] [system.db.ar.CActiveRecord] Addr.findByPk()
2023/10/11 06:16:20 [trace] [system.db.CDbCommand] Querying SQL: SHOW FULL COLUMNS FROM `addr`
2023/10/11 06:16:20 [trace] [system.db.CDbCommand] Querying SQL: SHOW CREATE TABLE `addr`
2023/10/11 06:16:20 [trace] [system.db.CDbCommand] Querying SQL: SELECT * FROM `addr` `t` WHERE `t`.`id`='142274894' LIMIT 1
2023/10/11 06:16:20 [trace] [system.db.ar.CActiveRecord] lazy loading ImParcel.cnee
2023/10/11 06:16:20 [trace] [system.db.CDbCommand] Querying SQL: SELECT `cnee`.`id` AS `t1_c0`, `cnee`.`owner_id` AS `t1_c1`, `cnee`.`cnid_id` AS `t1_c2`, `cnee`.`name` AS `t1_c3`, `cnee`.`company` AS `t1_c4`, `cnee`.`address` AS `t1_c5`, `cnee`.`suburb` AS `t1_c6`, `cnee`.`city` AS `t1_c7`, `cnee`.`state` AS `t1_c8`, `cnee`.`postcode` AS `t1_c9`, `cnee`.`country` AS `t1_c10`, `cnee`.`tel` AS `t1_c11`, `cnee`.`email` AS `t1_c12`, `cnee`.`acc` AS `t1_c13`, `cnee`.`cnid_no` AS `t1_c14` FROM `addr` `cnee`  WHERE (`cnee`.`id`=:ypl0)
2023/10/11 06:21:09 [trace] [system.db.CDbConnection] Opening DB connection
2023/10/11 06:21:12 [trace] [system.db.ar.CActiveRecord] Shipment.findByAttributes()
2023/10/11 06:21:12 [trace] [system.db.CDbCommand] Querying SQL: SHOW FULL COLUMNS FROM `shipment`
2023/10/11 06:21:12 [trace] [system.db.CDbCommand] Querying SQL: SHOW CREATE TABLE `shipment`
2023/10/11 06:21:12 [trace] [system.db.CDbCommand] Querying SQL: SELECT * FROM `shipment` `t` WHERE `t`.`ref`=:yp0 LIMIT 1
2023/10/11 06:21:12 [trace] [system.db.ar.CActiveRecord] Addr.findByPk()
2023/10/11 06:21:12 [trace] [system.db.CDbCommand] Querying SQL: SHOW FULL COLUMNS FROM `addr`
2023/10/11 06:21:12 [trace] [system.db.CDbCommand] Querying SQL: SHOW CREATE TABLE `addr`
2023/10/11 06:21:12 [trace] [system.db.CDbCommand] Querying SQL: SELECT * FROM `addr` `t` WHERE `t`.`id`='142274894' LIMIT 1
2023/10/11 06:21:12 [trace] [system.db.ar.CActiveRecord] lazy loading ImParcel.cnee
2023/10/11 06:21:12 [trace] [system.db.CDbCommand] Querying SQL: SELECT `cnee`.`id` AS `t1_c0`, `cnee`.`owner_id` AS `t1_c1`, `cnee`.`cnid_id` AS `t1_c2`, `cnee`.`name` AS `t1_c3`, `cnee`.`company` AS `t1_c4`, `cnee`.`address` AS `t1_c5`, `cnee`.`suburb` AS `t1_c6`, `cnee`.`city` AS `t1_c7`, `cnee`.`state` AS `t1_c8`, `cnee`.`postcode` AS `t1_c9`, `cnee`.`country` AS `t1_c10`, `cnee`.`tel` AS `t1_c11`, `cnee`.`email` AS `t1_c12`, `cnee`.`acc` AS `t1_c13`, `cnee`.`cnid_no` AS `t1_c14` FROM `addr` `cnee`  WHERE (`cnee`.`id`=:ypl0)
2023/10/11 06:27:41 [trace] [system.db.CDbConnection] Opening DB connection
2023/10/11 06:27:43 [trace] [system.db.ar.CActiveRecord] Shipment.findByAttributes()
2023/10/11 06:27:43 [trace] [system.db.CDbCommand] Querying SQL: SHOW FULL COLUMNS FROM `shipment`
2023/10/11 06:27:43 [trace] [system.db.CDbCommand] Querying SQL: SHOW CREATE TABLE `shipment`
2023/10/11 06:27:43 [trace] [system.db.CDbCommand] Querying SQL: SELECT * FROM `shipment` `t` WHERE `t`.`ref`=:yp0 LIMIT 1
2023/10/11 06:27:43 [trace] [system.db.ar.CActiveRecord] Addr.findByPk()
2023/10/11 06:27:43 [trace] [system.db.CDbCommand] Querying SQL: SHOW FULL COLUMNS FROM `addr`
2023/10/11 06:27:43 [trace] [system.db.CDbCommand] Querying SQL: SHOW CREATE TABLE `addr`
2023/10/11 06:27:43 [trace] [system.db.CDbCommand] Querying SQL: SELECT * FROM `addr` `t` WHERE `t`.`id`='142274894' LIMIT 1
2023/10/11 06:27:43 [trace] [system.db.ar.CActiveRecord] lazy loading ImParcel.cnee
2023/10/11 06:27:43 [trace] [system.db.CDbCommand] Querying SQL: SELECT `cnee`.`id` AS `t1_c0`, `cnee`.`owner_id` AS `t1_c1`, `cnee`.`cnid_id` AS `t1_c2`, `cnee`.`name` AS `t1_c3`, `cnee`.`company` AS `t1_c4`, `cnee`.`address` AS `t1_c5`, `cnee`.`suburb` AS `t1_c6`, `cnee`.`city` AS `t1_c7`, `cnee`.`state` AS `t1_c8`, `cnee`.`postcode` AS `t1_c9`, `cnee`.`country` AS `t1_c10`, `cnee`.`tel` AS `t1_c11`, `cnee`.`email` AS `t1_c12`, `cnee`.`acc` AS `t1_c13`, `cnee`.`cnid_no` AS `t1_c14` FROM `addr` `cnee`  WHERE (`cnee`.`id`=:ypl0)
2023/10/11 06:30:53 [trace] [system.db.CDbConnection] Opening DB connection
2023/10/11 06:30:55 [trace] [system.db.ar.CActiveRecord] Shipment.findByAttributes()
2023/10/11 06:30:55 [trace] [system.db.CDbCommand] Querying SQL: SHOW FULL COLUMNS FROM `shipment`
2023/10/11 06:30:55 [trace] [system.db.CDbCommand] Querying SQL: SHOW CREATE TABLE `shipment`
2023/10/11 06:30:55 [trace] [system.db.CDbCommand] Querying SQL: SELECT * FROM `shipment` `t` WHERE `t`.`ref`=:yp0 LIMIT 1
2023/10/11 06:30:55 [trace] [system.db.ar.CActiveRecord] Addr.findByPk()
2023/10/11 06:30:55 [trace] [system.db.CDbCommand] Querying SQL: SHOW FULL COLUMNS FROM `addr`
2023/10/11 06:30:55 [trace] [system.db.CDbCommand] Querying SQL: SHOW CREATE TABLE `addr`
2023/10/11 06:30:55 [trace] [system.db.CDbCommand] Querying SQL: SELECT * FROM `addr` `t` WHERE `t`.`id`='142274894' LIMIT 1
2023/10/11 06:30:55 [trace] [system.db.ar.CActiveRecord] lazy loading ImParcel.cnee
2023/10/11 06:30:55 [trace] [system.db.CDbCommand] Querying SQL: SELECT `cnee`.`id` AS `t1_c0`, `cnee`.`owner_id` AS `t1_c1`, `cnee`.`cnid_id` AS `t1_c2`, `cnee`.`name` AS `t1_c3`, `cnee`.`company` AS `t1_c4`, `cnee`.`address` AS `t1_c5`, `cnee`.`suburb` AS `t1_c6`, `cnee`.`city` AS `t1_c7`, `cnee`.`state` AS `t1_c8`, `cnee`.`postcode` AS `t1_c9`, `cnee`.`country` AS `t1_c10`, `cnee`.`tel` AS `t1_c11`, `cnee`.`email` AS `t1_c12`, `cnee`.`acc` AS `t1_c13`, `cnee`.`cnid_no` AS `t1_c14` FROM `addr` `cnee`  WHERE (`cnee`.`id`=:ypl0)
2023/10/11 07:53:44 [trace] [system.db.CDbConnection] Opening DB connection
2023/10/11 07:53:46 [trace] [system.db.ar.CActiveRecord] Shipment.findByAttributes()
2023/10/11 07:53:46 [trace] [system.db.CDbCommand] Querying SQL: SHOW FULL COLUMNS FROM `shipment`
2023/10/11 07:53:46 [trace] [system.db.CDbCommand] Querying SQL: SHOW CREATE TABLE `shipment`
2023/10/11 07:53:46 [trace] [system.db.CDbCommand] Querying SQL: SELECT * FROM `shipment` `t` WHERE `t`.`ref`=:yp0 LIMIT 1
2023/10/11 07:53:46 [trace] [system.db.ar.CActiveRecord] Addr.findByPk()
2023/10/11 07:53:46 [trace] [system.db.CDbCommand] Querying SQL: SHOW FULL COLUMNS FROM `addr`
2023/10/11 07:53:46 [trace] [system.db.CDbCommand] Querying SQL: SHOW CREATE TABLE `addr`
2023/10/11 07:53:46 [trace] [system.db.CDbCommand] Querying SQL: SELECT * FROM `addr` `t` WHERE `t`.`id`='142274894' LIMIT 1
2023/10/11 07:53:46 [trace] [system.db.ar.CActiveRecord] lazy loading ImParcel.cnee
2023/10/11 07:53:46 [trace] [system.db.CDbCommand] Querying SQL: SELECT `cnee`.`id` AS `t1_c0`, `cnee`.`owner_id` AS `t1_c1`, `cnee`.`cnid_id` AS `t1_c2`, `cnee`.`name` AS `t1_c3`, `cnee`.`company` AS `t1_c4`, `cnee`.`address` AS `t1_c5`, `cnee`.`suburb` AS `t1_c6`, `cnee`.`city` AS `t1_c7`, `cnee`.`state` AS `t1_c8`, `cnee`.`postcode` AS `t1_c9`, `cnee`.`country` AS `t1_c10`, `cnee`.`tel` AS `t1_c11`, `cnee`.`email` AS `t1_c12`, `cnee`.`acc` AS `t1_c13`, `cnee`.`cnid_no` AS `t1_c14` FROM `addr` `cnee`  WHERE (`cnee`.`id`=:ypl0)
2023/10/11 07:59:38 [trace] [system.db.CDbConnection] Opening DB connection
2023/10/11 07:59:41 [trace] [system.db.ar.CActiveRecord] Shipment.findByAttributes()
2023/10/11 07:59:41 [trace] [system.db.CDbCommand] Querying SQL: SHOW FULL COLUMNS FROM `shipment`
2023/10/11 07:59:41 [trace] [system.db.CDbCommand] Querying SQL: SHOW CREATE TABLE `shipment`
2023/10/11 07:59:41 [trace] [system.db.CDbCommand] Querying SQL: SELECT * FROM `shipment` `t` WHERE `t`.`ref`=:yp0 LIMIT 1
2023/10/11 07:59:41 [trace] [system.db.ar.CActiveRecord] Addr.findByPk()
2023/10/11 07:59:41 [trace] [system.db.CDbCommand] Querying SQL: SHOW FULL COLUMNS FROM `addr`
2023/10/11 07:59:41 [trace] [system.db.CDbCommand] Querying SQL: SHOW CREATE TABLE `addr`
2023/10/11 07:59:41 [trace] [system.db.CDbCommand] Querying SQL: SELECT * FROM `addr` `t` WHERE `t`.`id`='142274894' LIMIT 1
2023/10/11 07:59:41 [trace] [system.db.ar.CActiveRecord] lazy loading ImParcel.cnee
2023/10/11 07:59:41 [trace] [system.db.CDbCommand] Querying SQL: SELECT `cnee`.`id` AS `t1_c0`, `cnee`.`owner_id` AS `t1_c1`, `cnee`.`cnid_id` AS `t1_c2`, `cnee`.`name` AS `t1_c3`, `cnee`.`company` AS `t1_c4`, `cnee`.`address` AS `t1_c5`, `cnee`.`suburb` AS `t1_c6`, `cnee`.`city` AS `t1_c7`, `cnee`.`state` AS `t1_c8`, `cnee`.`postcode` AS `t1_c9`, `cnee`.`country` AS `t1_c10`, `cnee`.`tel` AS `t1_c11`, `cnee`.`email` AS `t1_c12`, `cnee`.`acc` AS `t1_c13`, `cnee`.`cnid_no` AS `t1_c14` FROM `addr` `cnee`  WHERE (`cnee`.`id`=:ypl0)
2023/10/11 08:02:46 [trace] [system.db.CDbConnection] Opening DB connection
2023/10/11 08:02:48 [trace] [system.db.ar.CActiveRecord] Shipment.findByAttributes()
2023/10/11 08:02:48 [trace] [system.db.CDbCommand] Querying SQL: SHOW FULL COLUMNS FROM `shipment`
2023/10/11 08:02:48 [trace] [system.db.CDbCommand] Querying SQL: SHOW CREATE TABLE `shipment`
2023/10/11 08:02:48 [trace] [system.db.CDbCommand] Querying SQL: SELECT * FROM `shipment` `t` WHERE `t`.`ref`=:yp0 LIMIT 1
2023/10/11 08:02:48 [trace] [system.db.ar.CActiveRecord] Addr.findByPk()
2023/10/11 08:02:48 [trace] [system.db.CDbCommand] Querying SQL: SHOW FULL COLUMNS FROM `addr`
2023/10/11 08:02:48 [trace] [system.db.CDbCommand] Querying SQL: SHOW CREATE TABLE `addr`
2023/10/11 08:02:48 [trace] [system.db.CDbCommand] Querying SQL: SELECT * FROM `addr` `t` WHERE `t`.`id`='142274894' LIMIT 1
2023/10/11 08:02:48 [trace] [system.db.ar.CActiveRecord] lazy loading ImParcel.cnee
2023/10/11 08:02:48 [trace] [system.db.CDbCommand] Querying SQL: SELECT `cnee`.`id` AS `t1_c0`, `cnee`.`owner_id` AS `t1_c1`, `cnee`.`cnid_id` AS `t1_c2`, `cnee`.`name` AS `t1_c3`, `cnee`.`company` AS `t1_c4`, `cnee`.`address` AS `t1_c5`, `cnee`.`suburb` AS `t1_c6`, `cnee`.`city` AS `t1_c7`, `cnee`.`state` AS `t1_c8`, `cnee`.`postcode` AS `t1_c9`, `cnee`.`country` AS `t1_c10`, `cnee`.`tel` AS `t1_c11`, `cnee`.`email` AS `t1_c12`, `cnee`.`acc` AS `t1_c13`, `cnee`.`cnid_no` AS `t1_c14` FROM `addr` `cnee`  WHERE (`cnee`.`id`=:ypl0)
2023/10/11 08:17:39 [trace] [system.db.CDbConnection] Opening DB connection
2023/10/11 08:17:41 [trace] [system.db.ar.CActiveRecord] Shipment.findByAttributes()
2023/10/11 08:17:41 [trace] [system.db.CDbCommand] Querying SQL: SHOW FULL COLUMNS FROM `shipment`
2023/10/11 08:17:41 [trace] [system.db.CDbCommand] Querying SQL: SHOW CREATE TABLE `shipment`
2023/10/11 08:17:41 [trace] [system.db.CDbCommand] Querying SQL: SELECT * FROM `shipment` `t` WHERE `t`.`ref`=:yp0 LIMIT 1
2023/10/11 08:17:41 [trace] [system.db.ar.CActiveRecord] Addr.findByPk()
2023/10/11 08:17:41 [trace] [system.db.CDbCommand] Querying SQL: SHOW FULL COLUMNS FROM `addr`
2023/10/11 08:17:41 [trace] [system.db.CDbCommand] Querying SQL: SHOW CREATE TABLE `addr`
2023/10/11 08:17:41 [trace] [system.db.CDbCommand] Querying SQL: SELECT * FROM `addr` `t` WHERE `t`.`id`='142274894' LIMIT 1
2023/10/11 08:17:41 [trace] [system.db.ar.CActiveRecord] lazy loading ImParcel.cnee
2023/10/11 08:17:41 [trace] [system.db.CDbCommand] Querying SQL: SELECT `cnee`.`id` AS `t1_c0`, `cnee`.`owner_id` AS `t1_c1`, `cnee`.`cnid_id` AS `t1_c2`, `cnee`.`name` AS `t1_c3`, `cnee`.`company` AS `t1_c4`, `cnee`.`address` AS `t1_c5`, `cnee`.`suburb` AS `t1_c6`, `cnee`.`city` AS `t1_c7`, `cnee`.`state` AS `t1_c8`, `cnee`.`postcode` AS `t1_c9`, `cnee`.`country` AS `t1_c10`, `cnee`.`tel` AS `t1_c11`, `cnee`.`email` AS `t1_c12`, `cnee`.`acc` AS `t1_c13`, `cnee`.`cnid_no` AS `t1_c14` FROM `addr` `cnee`  WHERE (`cnee`.`id`=:ypl0)
2023/10/11 08:24:17 [trace] [system.db.CDbConnection] Opening DB connection
2023/10/11 08:24:19 [trace] [system.db.ar.CActiveRecord] Shipment.findByAttributes()
2023/10/11 08:24:19 [trace] [system.db.CDbCommand] Querying SQL: SHOW FULL COLUMNS FROM `shipment`
2023/10/11 08:24:19 [trace] [system.db.CDbCommand] Querying SQL: SHOW CREATE TABLE `shipment`
2023/10/11 08:24:19 [trace] [system.db.CDbCommand] Querying SQL: SELECT * FROM `shipment` `t` WHERE `t`.`ref`=:yp0 LIMIT 1
2023/10/11 08:24:19 [trace] [system.db.ar.CActiveRecord] Addr.findByPk()
2023/10/11 08:24:19 [trace] [system.db.CDbCommand] Querying SQL: SHOW FULL COLUMNS FROM `addr`
2023/10/11 08:24:19 [trace] [system.db.CDbCommand] Querying SQL: SHOW CREATE TABLE `addr`
2023/10/11 08:24:19 [trace] [system.db.CDbCommand] Querying SQL: SELECT * FROM `addr` `t` WHERE `t`.`id`='142274894' LIMIT 1
2023/10/11 08:24:19 [trace] [system.db.ar.CActiveRecord] lazy loading ImParcel.cnee
2023/10/11 08:24:19 [trace] [system.db.CDbCommand] Querying SQL: SELECT `cnee`.`id` AS `t1_c0`, `cnee`.`owner_id` AS `t1_c1`, `cnee`.`cnid_id` AS `t1_c2`, `cnee`.`name` AS `t1_c3`, `cnee`.`company` AS `t1_c4`, `cnee`.`address` AS `t1_c5`, `cnee`.`suburb` AS `t1_c6`, `cnee`.`city` AS `t1_c7`, `cnee`.`state` AS `t1_c8`, `cnee`.`postcode` AS `t1_c9`, `cnee`.`country` AS `t1_c10`, `cnee`.`tel` AS `t1_c11`, `cnee`.`email` AS `t1_c12`, `cnee`.`acc` AS `t1_c13`, `cnee`.`cnid_no` AS `t1_c14` FROM `addr` `cnee`  WHERE (`cnee`.`id`=:ypl0)
2023/10/11 08:25:59 [trace] [system.db.CDbConnection] Opening DB connection
2023/10/11 08:26:01 [trace] [system.db.ar.CActiveRecord] Shipment.findByAttributes()
2023/10/11 08:26:01 [trace] [system.db.CDbCommand] Querying SQL: SHOW FULL COLUMNS FROM `shipment`
2023/10/11 08:26:01 [trace] [system.db.CDbCommand] Querying SQL: SHOW CREATE TABLE `shipment`
2023/10/11 08:26:01 [trace] [system.db.CDbCommand] Querying SQL: SELECT * FROM `shipment` `t` WHERE `t`.`ref`=:yp0 LIMIT 1
2023/10/11 08:26:01 [trace] [system.db.ar.CActiveRecord] Addr.findByPk()
2023/10/11 08:26:01 [trace] [system.db.CDbCommand] Querying SQL: SHOW FULL COLUMNS FROM `addr`
2023/10/11 08:26:01 [trace] [system.db.CDbCommand] Querying SQL: SHOW CREATE TABLE `addr`
2023/10/11 08:26:01 [trace] [system.db.CDbCommand] Querying SQL: SELECT * FROM `addr` `t` WHERE `t`.`id`='142274894' LIMIT 1
2023/10/11 08:26:01 [trace] [system.db.ar.CActiveRecord] lazy loading ImParcel.cnee
2023/10/11 08:26:01 [trace] [system.db.CDbCommand] Querying SQL: SELECT `cnee`.`id` AS `t1_c0`, `cnee`.`owner_id` AS `t1_c1`, `cnee`.`cnid_id` AS `t1_c2`, `cnee`.`name` AS `t1_c3`, `cnee`.`company` AS `t1_c4`, `cnee`.`address` AS `t1_c5`, `cnee`.`suburb` AS `t1_c6`, `cnee`.`city` AS `t1_c7`, `cnee`.`state` AS `t1_c8`, `cnee`.`postcode` AS `t1_c9`, `cnee`.`country` AS `t1_c10`, `cnee`.`tel` AS `t1_c11`, `cnee`.`email` AS `t1_c12`, `cnee`.`acc` AS `t1_c13`, `cnee`.`cnid_no` AS `t1_c14` FROM `addr` `cnee`  WHERE (`cnee`.`id`=:ypl0)
2023/10/11 08:27:18 [trace] [system.db.CDbConnection] Opening DB connection
2023/10/11 08:27:20 [trace] [system.db.ar.CActiveRecord] Shipment.findByAttributes()
2023/10/11 08:27:20 [trace] [system.db.CDbCommand] Querying SQL: SHOW FULL COLUMNS FROM `shipment`
2023/10/11 08:27:20 [trace] [system.db.CDbCommand] Querying SQL: SHOW CREATE TABLE `shipment`
2023/10/11 08:27:20 [trace] [system.db.CDbCommand] Querying SQL: SELECT * FROM `shipment` `t` WHERE `t`.`ref`=:yp0 LIMIT 1
2023/10/11 08:27:20 [trace] [system.db.ar.CActiveRecord] Addr.findByPk()
2023/10/11 08:27:20 [trace] [system.db.CDbCommand] Querying SQL: SHOW FULL COLUMNS FROM `addr`
2023/10/11 08:27:20 [trace] [system.db.CDbCommand] Querying SQL: SHOW CREATE TABLE `addr`
2023/10/11 08:27:20 [trace] [system.db.CDbCommand] Querying SQL: SELECT * FROM `addr` `t` WHERE `t`.`id`='142274894' LIMIT 1
2023/10/11 08:27:20 [trace] [system.db.ar.CActiveRecord] lazy loading ImParcel.cnee
2023/10/11 08:27:20 [trace] [system.db.CDbCommand] Querying SQL: SELECT `cnee`.`id` AS `t1_c0`, `cnee`.`owner_id` AS `t1_c1`, `cnee`.`cnid_id` AS `t1_c2`, `cnee`.`name` AS `t1_c3`, `cnee`.`company` AS `t1_c4`, `cnee`.`address` AS `t1_c5`, `cnee`.`suburb` AS `t1_c6`, `cnee`.`city` AS `t1_c7`, `cnee`.`state` AS `t1_c8`, `cnee`.`postcode` AS `t1_c9`, `cnee`.`country` AS `t1_c10`, `cnee`.`tel` AS `t1_c11`, `cnee`.`email` AS `t1_c12`, `cnee`.`acc` AS `t1_c13`, `cnee`.`cnid_no` AS `t1_c14` FROM `addr` `cnee`  WHERE (`cnee`.`id`=:ypl0)
2023/10/11 08:51:32 [trace] [system.db.CDbConnection] Opening DB connection
2023/10/11 08:51:34 [trace] [system.db.ar.CActiveRecord] Shipment.findByAttributes()
2023/10/11 08:51:34 [trace] [system.db.CDbCommand] Querying SQL: SHOW FULL COLUMNS FROM `shipment`
2023/10/11 08:51:34 [trace] [system.db.CDbCommand] Querying SQL: SHOW CREATE TABLE `shipment`
2023/10/11 08:51:34 [trace] [system.db.CDbCommand] Querying SQL: SELECT * FROM `shipment` `t` WHERE `t`.`ref`=:yp0 LIMIT 1
2023/10/11 08:51:34 [trace] [system.db.ar.CActiveRecord] Addr.findByPk()
2023/10/11 08:51:34 [trace] [system.db.CDbCommand] Querying SQL: SHOW FULL COLUMNS FROM `addr`
2023/10/11 08:51:34 [trace] [system.db.CDbCommand] Querying SQL: SHOW CREATE TABLE `addr`
2023/10/11 08:51:34 [trace] [system.db.CDbCommand] Querying SQL: SELECT * FROM `addr` `t` WHERE `t`.`id`='142274894' LIMIT 1
2023/10/11 08:51:34 [trace] [system.db.ar.CActiveRecord] lazy loading ImParcel.cnee
2023/10/11 08:51:34 [trace] [system.db.CDbCommand] Querying SQL: SELECT `cnee`.`id` AS `t1_c0`, `cnee`.`owner_id` AS `t1_c1`, `cnee`.`cnid_id` AS `t1_c2`, `cnee`.`name` AS `t1_c3`, `cnee`.`company` AS `t1_c4`, `cnee`.`address` AS `t1_c5`, `cnee`.`suburb` AS `t1_c6`, `cnee`.`city` AS `t1_c7`, `cnee`.`state` AS `t1_c8`, `cnee`.`postcode` AS `t1_c9`, `cnee`.`country` AS `t1_c10`, `cnee`.`tel` AS `t1_c11`, `cnee`.`email` AS `t1_c12`, `cnee`.`acc` AS `t1_c13`, `cnee`.`cnid_no` AS `t1_c14` FROM `addr` `cnee`  WHERE (`cnee`.`id`=:ypl0)
2023/10/11 09:16:57 [trace] [system.db.CDbConnection] Opening DB connection
2023/10/11 09:16:59 [trace] [system.db.ar.CActiveRecord] Shipment.findByAttributes()
2023/10/11 09:16:59 [trace] [system.db.CDbCommand] Querying SQL: SHOW FULL COLUMNS FROM `shipment`
2023/10/11 09:16:59 [trace] [system.db.CDbCommand] Querying SQL: SHOW CREATE TABLE `shipment`
2023/10/11 09:16:59 [trace] [system.db.CDbCommand] Querying SQL: SELECT * FROM `shipment` `t` WHERE `t`.`ref`=:yp0 LIMIT 1
2023/10/11 09:16:59 [trace] [system.db.ar.CActiveRecord] Addr.findByPk()
2023/10/11 09:16:59 [trace] [system.db.CDbCommand] Querying SQL: SHOW FULL COLUMNS FROM `addr`
2023/10/11 09:16:59 [trace] [system.db.CDbCommand] Querying SQL: SHOW CREATE TABLE `addr`
2023/10/11 09:16:59 [trace] [system.db.CDbCommand] Querying SQL: SELECT * FROM `addr` `t` WHERE `t`.`id`='142274894' LIMIT 1
2023/10/11 09:16:59 [trace] [system.db.ar.CActiveRecord] lazy loading ImParcel.cnee
2023/10/11 09:16:59 [trace] [system.db.CDbCommand] Querying SQL: SELECT `cnee`.`id` AS `t1_c0`, `cnee`.`owner_id` AS `t1_c1`, `cnee`.`cnid_id` AS `t1_c2`, `cnee`.`name` AS `t1_c3`, `cnee`.`company` AS `t1_c4`, `cnee`.`address` AS `t1_c5`, `cnee`.`suburb` AS `t1_c6`, `cnee`.`city` AS `t1_c7`, `cnee`.`state` AS `t1_c8`, `cnee`.`postcode` AS `t1_c9`, `cnee`.`country` AS `t1_c10`, `cnee`.`tel` AS `t1_c11`, `cnee`.`email` AS `t1_c12`, `cnee`.`acc` AS `t1_c13`, `cnee`.`cnid_no` AS `t1_c14` FROM `addr` `cnee`  WHERE (`cnee`.`id`=:ypl0)
2023/10/11 09:18:26 [trace] [system.db.CDbConnection] Opening DB connection
2023/10/11 09:18:28 [trace] [system.db.ar.CActiveRecord] Shipment.findByAttributes()
2023/10/11 09:18:28 [trace] [system.db.CDbCommand] Querying SQL: SHOW FULL COLUMNS FROM `shipment`
2023/10/11 09:18:28 [trace] [system.db.CDbCommand] Querying SQL: SHOW CREATE TABLE `shipment`
2023/10/11 09:18:28 [trace] [system.db.CDbCommand] Querying SQL: SELECT * FROM `shipment` `t` WHERE `t`.`ref`=:yp0 LIMIT 1
2023/10/11 09:18:28 [trace] [system.db.ar.CActiveRecord] Addr.findByPk()
2023/10/11 09:18:28 [trace] [system.db.CDbCommand] Querying SQL: SHOW FULL COLUMNS FROM `addr`
2023/10/11 09:18:28 [trace] [system.db.CDbCommand] Querying SQL: SHOW CREATE TABLE `addr`
2023/10/11 09:18:28 [trace] [system.db.CDbCommand] Querying SQL: SELECT * FROM `addr` `t` WHERE `t`.`id`='142274894' LIMIT 1
2023/10/11 09:18:28 [trace] [system.db.ar.CActiveRecord] lazy loading ImParcel.cnee
2023/10/11 09:18:28 [trace] [system.db.CDbCommand] Querying SQL: SELECT `cnee`.`id` AS `t1_c0`, `cnee`.`owner_id` AS `t1_c1`, `cnee`.`cnid_id` AS `t1_c2`, `cnee`.`name` AS `t1_c3`, `cnee`.`company` AS `t1_c4`, `cnee`.`address` AS `t1_c5`, `cnee`.`suburb` AS `t1_c6`, `cnee`.`city` AS `t1_c7`, `cnee`.`state` AS `t1_c8`, `cnee`.`postcode` AS `t1_c9`, `cnee`.`country` AS `t1_c10`, `cnee`.`tel` AS `t1_c11`, `cnee`.`email` AS `t1_c12`, `cnee`.`acc` AS `t1_c13`, `cnee`.`cnid_no` AS `t1_c14` FROM `addr` `cnee`  WHERE (`cnee`.`id`=:ypl0)
2023/10/11 09:21:10 [trace] [system.db.CDbConnection] Opening DB connection
2023/10/11 09:21:12 [trace] [system.db.ar.CActiveRecord] Shipment.findByAttributes()
2023/10/11 09:21:12 [trace] [system.db.CDbCommand] Querying SQL: SHOW FULL COLUMNS FROM `shipment`
2023/10/11 09:21:12 [trace] [system.db.CDbCommand] Querying SQL: SHOW CREATE TABLE `shipment`
2023/10/11 09:21:12 [trace] [system.db.CDbCommand] Querying SQL: SELECT * FROM `shipment` `t` WHERE `t`.`ref`=:yp0 LIMIT 1
2023/10/11 09:21:12 [trace] [system.db.ar.CActiveRecord] Addr.findByPk()
2023/10/11 09:21:12 [trace] [system.db.CDbCommand] Querying SQL: SHOW FULL COLUMNS FROM `addr`
2023/10/11 09:21:12 [trace] [system.db.CDbCommand] Querying SQL: SHOW CREATE TABLE `addr`
2023/10/11 09:21:12 [trace] [system.db.CDbCommand] Querying SQL: SELECT * FROM `addr` `t` WHERE `t`.`id`='142274894' LIMIT 1
2023/10/11 09:21:12 [trace] [system.db.ar.CActiveRecord] lazy loading ImParcel.cnee
2023/10/11 09:21:12 [trace] [system.db.CDbCommand] Querying SQL: SELECT `cnee`.`id` AS `t1_c0`, `cnee`.`owner_id` AS `t1_c1`, `cnee`.`cnid_id` AS `t1_c2`, `cnee`.`name` AS `t1_c3`, `cnee`.`company` AS `t1_c4`, `cnee`.`address` AS `t1_c5`, `cnee`.`suburb` AS `t1_c6`, `cnee`.`city` AS `t1_c7`, `cnee`.`state` AS `t1_c8`, `cnee`.`postcode` AS `t1_c9`, `cnee`.`country` AS `t1_c10`, `cnee`.`tel` AS `t1_c11`, `cnee`.`email` AS `t1_c12`, `cnee`.`acc` AS `t1_c13`, `cnee`.`cnid_no` AS `t1_c14` FROM `addr` `cnee`  WHERE (`cnee`.`id`=:ypl0)
2023/10/11 09:21:25 [trace] [system.db.CDbConnection] Opening DB connection
2023/10/11 09:21:27 [trace] [system.db.ar.CActiveRecord] Shipment.findByAttributes()
2023/10/11 09:21:27 [trace] [system.db.CDbCommand] Querying SQL: SHOW FULL COLUMNS FROM `shipment`
2023/10/11 09:21:27 [trace] [system.db.CDbCommand] Querying SQL: SHOW CREATE TABLE `shipment`
2023/10/11 09:21:27 [trace] [system.db.CDbCommand] Querying SQL: SELECT * FROM `shipment` `t` WHERE `t`.`ref`=:yp0 LIMIT 1
2023/10/11 09:21:27 [trace] [system.db.ar.CActiveRecord] Addr.findByPk()
2023/10/11 09:21:27 [trace] [system.db.CDbCommand] Querying SQL: SHOW FULL COLUMNS FROM `addr`
2023/10/11 09:21:27 [trace] [system.db.CDbCommand] Querying SQL: SHOW CREATE TABLE `addr`
2023/10/11 09:21:27 [trace] [system.db.CDbCommand] Querying SQL: SELECT * FROM `addr` `t` WHERE `t`.`id`='142274894' LIMIT 1
2023/10/11 09:21:27 [trace] [system.db.ar.CActiveRecord] lazy loading ImParcel.cnee
2023/10/11 09:21:27 [trace] [system.db.CDbCommand] Querying SQL: SELECT `cnee`.`id` AS `t1_c0`, `cnee`.`owner_id` AS `t1_c1`, `cnee`.`cnid_id` AS `t1_c2`, `cnee`.`name` AS `t1_c3`, `cnee`.`company` AS `t1_c4`, `cnee`.`address` AS `t1_c5`, `cnee`.`suburb` AS `t1_c6`, `cnee`.`city` AS `t1_c7`, `cnee`.`state` AS `t1_c8`, `cnee`.`postcode` AS `t1_c9`, `cnee`.`country` AS `t1_c10`, `cnee`.`tel` AS `t1_c11`, `cnee`.`email` AS `t1_c12`, `cnee`.`acc` AS `t1_c13`, `cnee`.`cnid_no` AS `t1_c14` FROM `addr` `cnee`  WHERE (`cnee`.`id`=:ypl0)
2023/10/11 09:21:33 [trace] [system.db.CDbConnection] Opening DB connection
2023/10/11 09:21:35 [trace] [system.db.ar.CActiveRecord] Shipment.findByAttributes()
2023/10/11 09:21:35 [trace] [system.db.CDbCommand] Querying SQL: SHOW FULL COLUMNS FROM `shipment`
2023/10/11 09:21:35 [trace] [system.db.CDbCommand] Querying SQL: SHOW CREATE TABLE `shipment`
2023/10/11 09:21:35 [trace] [system.db.CDbCommand] Querying SQL: SELECT * FROM `shipment` `t` WHERE `t`.`ref`=:yp0 LIMIT 1
2023/10/11 09:21:35 [trace] [system.db.ar.CActiveRecord] Addr.findByPk()
2023/10/11 09:21:35 [trace] [system.db.CDbCommand] Querying SQL: SHOW FULL COLUMNS FROM `addr`
2023/10/11 09:21:35 [trace] [system.db.CDbCommand] Querying SQL: SHOW CREATE TABLE `addr`
2023/10/11 09:21:35 [trace] [system.db.CDbCommand] Querying SQL: SELECT * FROM `addr` `t` WHERE `t`.`id`='142274894' LIMIT 1
2023/10/11 09:21:35 [trace] [system.db.ar.CActiveRecord] lazy loading ImParcel.cnee
2023/10/11 09:21:35 [trace] [system.db.CDbCommand] Querying SQL: SELECT `cnee`.`id` AS `t1_c0`, `cnee`.`owner_id` AS `t1_c1`, `cnee`.`cnid_id` AS `t1_c2`, `cnee`.`name` AS `t1_c3`, `cnee`.`company` AS `t1_c4`, `cnee`.`address` AS `t1_c5`, `cnee`.`suburb` AS `t1_c6`, `cnee`.`city` AS `t1_c7`, `cnee`.`state` AS `t1_c8`, `cnee`.`postcode` AS `t1_c9`, `cnee`.`country` AS `t1_c10`, `cnee`.`tel` AS `t1_c11`, `cnee`.`email` AS `t1_c12`, `cnee`.`acc` AS `t1_c13`, `cnee`.`cnid_no` AS `t1_c14` FROM `addr` `cnee`  WHERE (`cnee`.`id`=:ypl0)
2023/10/11 09:22:51 [trace] [system.db.CDbConnection] Opening DB connection
2023/10/11 09:22:53 [trace] [system.db.ar.CActiveRecord] Shipment.findByAttributes()
2023/10/11 09:22:53 [trace] [system.db.CDbCommand] Querying SQL: SHOW FULL COLUMNS FROM `shipment`
2023/10/11 09:22:53 [trace] [system.db.CDbCommand] Querying SQL: SHOW CREATE TABLE `shipment`
2023/10/11 09:22:53 [trace] [system.db.CDbCommand] Querying SQL: SELECT * FROM `shipment` `t` WHERE `t`.`ref`=:yp0 LIMIT 1
2023/10/11 09:22:53 [trace] [system.db.ar.CActiveRecord] Addr.findByPk()
2023/10/11 09:22:53 [trace] [system.db.CDbCommand] Querying SQL: SHOW FULL COLUMNS FROM `addr`
2023/10/11 09:22:53 [trace] [system.db.CDbCommand] Querying SQL: SHOW CREATE TABLE `addr`
2023/10/11 09:22:53 [trace] [system.db.CDbCommand] Querying SQL: SELECT * FROM `addr` `t` WHERE `t`.`id`='142274894' LIMIT 1
2023/10/11 09:22:53 [trace] [system.db.ar.CActiveRecord] lazy loading ImParcel.cnee
2023/10/11 09:22:53 [trace] [system.db.CDbCommand] Querying SQL: SELECT `cnee`.`id` AS `t1_c0`, `cnee`.`owner_id` AS `t1_c1`, `cnee`.`cnid_id` AS `t1_c2`, `cnee`.`name` AS `t1_c3`, `cnee`.`company` AS `t1_c4`, `cnee`.`address` AS `t1_c5`, `cnee`.`suburb` AS `t1_c6`, `cnee`.`city` AS `t1_c7`, `cnee`.`state` AS `t1_c8`, `cnee`.`postcode` AS `t1_c9`, `cnee`.`country` AS `t1_c10`, `cnee`.`tel` AS `t1_c11`, `cnee`.`email` AS `t1_c12`, `cnee`.`acc` AS `t1_c13`, `cnee`.`cnid_no` AS `t1_c14` FROM `addr` `cnee`  WHERE (`cnee`.`id`=:ypl0)
2023/10/11 09:24:11 [trace] [system.db.CDbConnection] Opening DB connection
2023/10/11 09:24:13 [trace] [system.db.ar.CActiveRecord] Shipment.findByAttributes()
2023/10/11 09:24:13 [trace] [system.db.CDbCommand] Querying SQL: SHOW FULL COLUMNS FROM `shipment`
2023/10/11 09:24:13 [trace] [system.db.CDbCommand] Querying SQL: SHOW CREATE TABLE `shipment`
2023/10/11 09:24:13 [trace] [system.db.CDbCommand] Querying SQL: SELECT * FROM `shipment` `t` WHERE `t`.`ref`=:yp0 LIMIT 1
2023/10/11 09:24:13 [trace] [system.db.ar.CActiveRecord] Addr.findByPk()
2023/10/11 09:24:13 [trace] [system.db.CDbCommand] Querying SQL: SHOW FULL COLUMNS FROM `addr`
2023/10/11 09:24:13 [trace] [system.db.CDbCommand] Querying SQL: SHOW CREATE TABLE `addr`
2023/10/11 09:24:13 [trace] [system.db.CDbCommand] Querying SQL: SELECT * FROM `addr` `t` WHERE `t`.`id`='142274894' LIMIT 1
2023/10/11 09:24:13 [trace] [system.db.ar.CActiveRecord] lazy loading ImParcel.cnee
2023/10/11 09:24:13 [trace] [system.db.CDbCommand] Querying SQL: SELECT `cnee`.`id` AS `t1_c0`, `cnee`.`owner_id` AS `t1_c1`, `cnee`.`cnid_id` AS `t1_c2`, `cnee`.`name` AS `t1_c3`, `cnee`.`company` AS `t1_c4`, `cnee`.`address` AS `t1_c5`, `cnee`.`suburb` AS `t1_c6`, `cnee`.`city` AS `t1_c7`, `cnee`.`state` AS `t1_c8`, `cnee`.`postcode` AS `t1_c9`, `cnee`.`country` AS `t1_c10`, `cnee`.`tel` AS `t1_c11`, `cnee`.`email` AS `t1_c12`, `cnee`.`acc` AS `t1_c13`, `cnee`.`cnid_no` AS `t1_c14` FROM `addr` `cnee`  WHERE (`cnee`.`id`=:ypl0)
2023/10/11 09:25:20 [trace] [system.db.CDbConnection] Opening DB connection
2023/10/11 09:25:22 [trace] [system.db.ar.CActiveRecord] Shipment.findByAttributes()
2023/10/11 09:25:22 [trace] [system.db.CDbCommand] Querying SQL: SHOW FULL COLUMNS FROM `shipment`
2023/10/11 09:25:22 [trace] [system.db.CDbCommand] Querying SQL: SHOW CREATE TABLE `shipment`
2023/10/11 09:25:22 [trace] [system.db.CDbCommand] Querying SQL: SELECT * FROM `shipment` `t` WHERE `t`.`ref`=:yp0 LIMIT 1
2023/10/11 09:25:22 [trace] [system.db.ar.CActiveRecord] Addr.findByPk()
2023/10/11 09:25:22 [trace] [system.db.CDbCommand] Querying SQL: SHOW FULL COLUMNS FROM `addr`
2023/10/11 09:25:22 [trace] [system.db.CDbCommand] Querying SQL: SHOW CREATE TABLE `addr`
2023/10/11 09:25:22 [trace] [system.db.CDbCommand] Querying SQL: SELECT * FROM `addr` `t` WHERE `t`.`id`='142274894' LIMIT 1
2023/10/11 09:25:22 [trace] [system.db.ar.CActiveRecord] lazy loading ImParcel.cnee
2023/10/11 09:25:22 [trace] [system.db.CDbCommand] Querying SQL: SELECT `cnee`.`id` AS `t1_c0`, `cnee`.`owner_id` AS `t1_c1`, `cnee`.`cnid_id` AS `t1_c2`, `cnee`.`name` AS `t1_c3`, `cnee`.`company` AS `t1_c4`, `cnee`.`address` AS `t1_c5`, `cnee`.`suburb` AS `t1_c6`, `cnee`.`city` AS `t1_c7`, `cnee`.`state` AS `t1_c8`, `cnee`.`postcode` AS `t1_c9`, `cnee`.`country` AS `t1_c10`, `cnee`.`tel` AS `t1_c11`, `cnee`.`email` AS `t1_c12`, `cnee`.`acc` AS `t1_c13`, `cnee`.`cnid_no` AS `t1_c14` FROM `addr` `cnee`  WHERE (`cnee`.`id`=:ypl0)
2023/10/11 09:26:59 [trace] [system.db.CDbConnection] Opening DB connection
2023/10/11 09:27:01 [trace] [system.db.ar.CActiveRecord] Shipment.findByAttributes()
2023/10/11 09:27:01 [trace] [system.db.CDbCommand] Querying SQL: SHOW FULL COLUMNS FROM `shipment`
2023/10/11 09:27:01 [trace] [system.db.CDbCommand] Querying SQL: SHOW CREATE TABLE `shipment`
2023/10/11 09:27:01 [trace] [system.db.CDbCommand] Querying SQL: SELECT * FROM `shipment` `t` WHERE `t`.`ref`=:yp0 LIMIT 1
2023/10/11 09:27:01 [trace] [system.db.ar.CActiveRecord] Addr.findByPk()
2023/10/11 09:27:01 [trace] [system.db.CDbCommand] Querying SQL: SHOW FULL COLUMNS FROM `addr`
2023/10/11 09:27:01 [trace] [system.db.CDbCommand] Querying SQL: SHOW CREATE TABLE `addr`
2023/10/11 09:27:01 [trace] [system.db.CDbCommand] Querying SQL: SELECT * FROM `addr` `t` WHERE `t`.`id`='142274894' LIMIT 1
2023/10/11 09:27:01 [trace] [system.db.ar.CActiveRecord] lazy loading ImParcel.cnee
2023/10/11 09:27:01 [trace] [system.db.CDbCommand] Querying SQL: SELECT `cnee`.`id` AS `t1_c0`, `cnee`.`owner_id` AS `t1_c1`, `cnee`.`cnid_id` AS `t1_c2`, `cnee`.`name` AS `t1_c3`, `cnee`.`company` AS `t1_c4`, `cnee`.`address` AS `t1_c5`, `cnee`.`suburb` AS `t1_c6`, `cnee`.`city` AS `t1_c7`, `cnee`.`state` AS `t1_c8`, `cnee`.`postcode` AS `t1_c9`, `cnee`.`country` AS `t1_c10`, `cnee`.`tel` AS `t1_c11`, `cnee`.`email` AS `t1_c12`, `cnee`.`acc` AS `t1_c13`, `cnee`.`cnid_no` AS `t1_c14` FROM `addr` `cnee`  WHERE (`cnee`.`id`=:ypl0)
2023/10/11 09:27:05 [trace] [system.db.CDbConnection] Opening DB connection
2023/10/11 09:27:08 [trace] [system.db.ar.CActiveRecord] Shipment.findByAttributes()
2023/10/11 09:27:08 [trace] [system.db.CDbCommand] Querying SQL: SHOW FULL COLUMNS FROM `shipment`
2023/10/11 09:27:08 [trace] [system.db.CDbCommand] Querying SQL: SHOW CREATE TABLE `shipment`
2023/10/11 09:27:08 [trace] [system.db.CDbCommand] Querying SQL: SELECT * FROM `shipment` `t` WHERE `t`.`ref`=:yp0 LIMIT 1
2023/10/11 09:27:08 [trace] [system.db.ar.CActiveRecord] Addr.findByPk()
2023/10/11 09:27:08 [trace] [system.db.CDbCommand] Querying SQL: SHOW FULL COLUMNS FROM `addr`
2023/10/11 09:27:08 [trace] [system.db.CDbCommand] Querying SQL: SHOW CREATE TABLE `addr`
2023/10/11 09:27:08 [trace] [system.db.CDbCommand] Querying SQL: SELECT * FROM `addr` `t` WHERE `t`.`id`='142274894' LIMIT 1
2023/10/11 09:27:08 [trace] [system.db.ar.CActiveRecord] lazy loading ImParcel.cnee
2023/10/11 09:27:08 [trace] [system.db.CDbCommand] Querying SQL: SELECT `cnee`.`id` AS `t1_c0`, `cnee`.`owner_id` AS `t1_c1`, `cnee`.`cnid_id` AS `t1_c2`, `cnee`.`name` AS `t1_c3`, `cnee`.`company` AS `t1_c4`, `cnee`.`address` AS `t1_c5`, `cnee`.`suburb` AS `t1_c6`, `cnee`.`city` AS `t1_c7`, `cnee`.`state` AS `t1_c8`, `cnee`.`postcode` AS `t1_c9`, `cnee`.`country` AS `t1_c10`, `cnee`.`tel` AS `t1_c11`, `cnee`.`email` AS `t1_c12`, `cnee`.`acc` AS `t1_c13`, `cnee`.`cnid_no` AS `t1_c14` FROM `addr` `cnee`  WHERE (`cnee`.`id`=:ypl0)
2023/10/11 09:31:38 [trace] [system.db.CDbConnection] Opening DB connection
2023/10/11 09:31:40 [trace] [system.db.ar.CActiveRecord] Shipment.findByAttributes()
2023/10/11 09:31:41 [trace] [system.db.CDbCommand] Querying SQL: SHOW FULL COLUMNS FROM `shipment`
2023/10/11 09:31:41 [trace] [system.db.CDbCommand] Querying SQL: SHOW CREATE TABLE `shipment`
2023/10/11 09:31:41 [trace] [system.db.CDbCommand] Querying SQL: SELECT * FROM `shipment` `t` WHERE `t`.`ref`=:yp0 LIMIT 1
2023/10/11 09:31:41 [trace] [system.db.ar.CActiveRecord] Addr.findByPk()
2023/10/11 09:31:41 [trace] [system.db.CDbCommand] Querying SQL: SHOW FULL COLUMNS FROM `addr`
2023/10/11 09:31:41 [trace] [system.db.CDbCommand] Querying SQL: SHOW CREATE TABLE `addr`
2023/10/11 09:31:41 [trace] [system.db.CDbCommand] Querying SQL: SELECT * FROM `addr` `t` WHERE `t`.`id`='142274894' LIMIT 1
2023/10/11 09:31:41 [trace] [system.db.ar.CActiveRecord] lazy loading ImParcel.cnee
2023/10/11 09:31:41 [trace] [system.db.CDbCommand] Querying SQL: SELECT `cnee`.`id` AS `t1_c0`, `cnee`.`owner_id` AS `t1_c1`, `cnee`.`cnid_id` AS `t1_c2`, `cnee`.`name` AS `t1_c3`, `cnee`.`company` AS `t1_c4`, `cnee`.`address` AS `t1_c5`, `cnee`.`suburb` AS `t1_c6`, `cnee`.`city` AS `t1_c7`, `cnee`.`state` AS `t1_c8`, `cnee`.`postcode` AS `t1_c9`, `cnee`.`country` AS `t1_c10`, `cnee`.`tel` AS `t1_c11`, `cnee`.`email` AS `t1_c12`, `cnee`.`acc` AS `t1_c13`, `cnee`.`cnid_no` AS `t1_c14` FROM `addr` `cnee`  WHERE (`cnee`.`id`=:ypl0)
2023/10/11 09:31:54 [trace] [system.db.CDbConnection] Opening DB connection
2023/10/11 09:31:56 [trace] [system.db.ar.CActiveRecord] Shipment.findByAttributes()
2023/10/11 09:31:56 [trace] [system.db.CDbCommand] Querying SQL: SHOW FULL COLUMNS FROM `shipment`
2023/10/11 09:31:56 [trace] [system.db.CDbCommand] Querying SQL: SHOW CREATE TABLE `shipment`
2023/10/11 09:31:56 [trace] [system.db.CDbCommand] Querying SQL: SELECT * FROM `shipment` `t` WHERE `t`.`ref`=:yp0 LIMIT 1
2023/10/11 09:31:56 [trace] [system.db.ar.CActiveRecord] Addr.findByPk()
2023/10/11 09:31:56 [trace] [system.db.CDbCommand] Querying SQL: SHOW FULL COLUMNS FROM `addr`
2023/10/11 09:31:56 [trace] [system.db.CDbCommand] Querying SQL: SHOW CREATE TABLE `addr`
2023/10/11 09:31:56 [trace] [system.db.CDbCommand] Querying SQL: SELECT * FROM `addr` `t` WHERE `t`.`id`='142274894' LIMIT 1
2023/10/11 09:31:56 [trace] [system.db.ar.CActiveRecord] lazy loading ImParcel.cnee
2023/10/11 09:31:56 [trace] [system.db.CDbCommand] Querying SQL: SELECT `cnee`.`id` AS `t1_c0`, `cnee`.`owner_id` AS `t1_c1`, `cnee`.`cnid_id` AS `t1_c2`, `cnee`.`name` AS `t1_c3`, `cnee`.`company` AS `t1_c4`, `cnee`.`address` AS `t1_c5`, `cnee`.`suburb` AS `t1_c6`, `cnee`.`city` AS `t1_c7`, `cnee`.`state` AS `t1_c8`, `cnee`.`postcode` AS `t1_c9`, `cnee`.`country` AS `t1_c10`, `cnee`.`tel` AS `t1_c11`, `cnee`.`email` AS `t1_c12`, `cnee`.`acc` AS `t1_c13`, `cnee`.`cnid_no` AS `t1_c14` FROM `addr` `cnee`  WHERE (`cnee`.`id`=:ypl0)
2023/10/11 09:32:01 [trace] [system.db.CDbConnection] Opening DB connection
2023/10/11 09:32:03 [trace] [system.db.ar.CActiveRecord] Shipment.findByAttributes()
2023/10/11 09:32:03 [trace] [system.db.CDbCommand] Querying SQL: SHOW FULL COLUMNS FROM `shipment`
2023/10/11 09:32:03 [trace] [system.db.CDbCommand] Querying SQL: SHOW CREATE TABLE `shipment`
2023/10/11 09:32:03 [trace] [system.db.CDbCommand] Querying SQL: SELECT * FROM `shipment` `t` WHERE `t`.`ref`=:yp0 LIMIT 1
2023/10/11 09:32:03 [trace] [system.db.ar.CActiveRecord] Addr.findByPk()
2023/10/11 09:32:03 [trace] [system.db.CDbCommand] Querying SQL: SHOW FULL COLUMNS FROM `addr`
2023/10/11 09:32:03 [trace] [system.db.CDbCommand] Querying SQL: SHOW CREATE TABLE `addr`
2023/10/11 09:32:03 [trace] [system.db.CDbCommand] Querying SQL: SELECT * FROM `addr` `t` WHERE `t`.`id`='142274894' LIMIT 1
2023/10/11 09:32:03 [trace] [system.db.ar.CActiveRecord] lazy loading ImParcel.cnee
2023/10/11 09:32:03 [trace] [system.db.CDbCommand] Querying SQL: SELECT `cnee`.`id` AS `t1_c0`, `cnee`.`owner_id` AS `t1_c1`, `cnee`.`cnid_id` AS `t1_c2`, `cnee`.`name` AS `t1_c3`, `cnee`.`company` AS `t1_c4`, `cnee`.`address` AS `t1_c5`, `cnee`.`suburb` AS `t1_c6`, `cnee`.`city` AS `t1_c7`, `cnee`.`state` AS `t1_c8`, `cnee`.`postcode` AS `t1_c9`, `cnee`.`country` AS `t1_c10`, `cnee`.`tel` AS `t1_c11`, `cnee`.`email` AS `t1_c12`, `cnee`.`acc` AS `t1_c13`, `cnee`.`cnid_no` AS `t1_c14` FROM `addr` `cnee`  WHERE (`cnee`.`id`=:ypl0)
2023/10/11 09:38:21 [trace] [system.db.CDbConnection] Opening DB connection
2023/10/11 09:38:23 [trace] [system.db.ar.CActiveRecord] Shipment.findByAttributes()
2023/10/11 09:38:23 [trace] [system.db.CDbCommand] Querying SQL: SHOW FULL COLUMNS FROM `shipment`
2023/10/11 09:38:23 [trace] [system.db.CDbCommand] Querying SQL: SHOW CREATE TABLE `shipment`
2023/10/11 09:38:23 [trace] [system.db.CDbCommand] Querying SQL: SELECT * FROM `shipment` `t` WHERE `t`.`ref`=:yp0 LIMIT 1
2023/10/11 09:38:23 [trace] [system.db.ar.CActiveRecord] Addr.findByPk()
2023/10/11 09:38:23 [trace] [system.db.CDbCommand] Querying SQL: SHOW FULL COLUMNS FROM `addr`
2023/10/11 09:38:23 [trace] [system.db.CDbCommand] Querying SQL: SHOW CREATE TABLE `addr`
2023/10/11 09:38:23 [trace] [system.db.CDbCommand] Querying SQL: SELECT * FROM `addr` `t` WHERE `t`.`id`='142274894' LIMIT 1
2023/10/11 09:38:23 [trace] [system.db.ar.CActiveRecord] lazy loading ImParcel.cnee
2023/10/11 09:38:23 [trace] [system.db.CDbCommand] Querying SQL: SELECT `cnee`.`id` AS `t1_c0`, `cnee`.`owner_id` AS `t1_c1`, `cnee`.`cnid_id` AS `t1_c2`, `cnee`.`name` AS `t1_c3`, `cnee`.`company` AS `t1_c4`, `cnee`.`address` AS `t1_c5`, `cnee`.`suburb` AS `t1_c6`, `cnee`.`city` AS `t1_c7`, `cnee`.`state` AS `t1_c8`, `cnee`.`postcode` AS `t1_c9`, `cnee`.`country` AS `t1_c10`, `cnee`.`tel` AS `t1_c11`, `cnee`.`email` AS `t1_c12`, `cnee`.`acc` AS `t1_c13`, `cnee`.`cnid_no` AS `t1_c14` FROM `addr` `cnee`  WHERE (`cnee`.`id`=:ypl0)
2023/10/11 09:38:40 [trace] [system.db.CDbConnection] Opening DB connection
2023/10/11 09:38:42 [trace] [system.db.ar.CActiveRecord] Shipment.findByAttributes()
2023/10/11 09:38:42 [trace] [system.db.CDbCommand] Querying SQL: SHOW FULL COLUMNS FROM `shipment`
2023/10/11 09:38:42 [trace] [system.db.CDbCommand] Querying SQL: SHOW CREATE TABLE `shipment`
2023/10/11 09:38:42 [trace] [system.db.CDbCommand] Querying SQL: SELECT * FROM `shipment` `t` WHERE `t`.`ref`=:yp0 LIMIT 1
2023/10/11 09:38:42 [trace] [system.db.ar.CActiveRecord] Addr.findByPk()
2023/10/11 09:38:42 [trace] [system.db.CDbCommand] Querying SQL: SHOW FULL COLUMNS FROM `addr`
2023/10/11 09:38:42 [trace] [system.db.CDbCommand] Querying SQL: SHOW CREATE TABLE `addr`
2023/10/11 09:38:42 [trace] [system.db.CDbCommand] Querying SQL: SELECT * FROM `addr` `t` WHERE `t`.`id`='142274894' LIMIT 1
2023/10/11 09:38:42 [trace] [system.db.ar.CActiveRecord] lazy loading ImParcel.cnee
2023/10/11 09:38:42 [trace] [system.db.CDbCommand] Querying SQL: SELECT `cnee`.`id` AS `t1_c0`, `cnee`.`owner_id` AS `t1_c1`, `cnee`.`cnid_id` AS `t1_c2`, `cnee`.`name` AS `t1_c3`, `cnee`.`company` AS `t1_c4`, `cnee`.`address` AS `t1_c5`, `cnee`.`suburb` AS `t1_c6`, `cnee`.`city` AS `t1_c7`, `cnee`.`state` AS `t1_c8`, `cnee`.`postcode` AS `t1_c9`, `cnee`.`country` AS `t1_c10`, `cnee`.`tel` AS `t1_c11`, `cnee`.`email` AS `t1_c12`, `cnee`.`acc` AS `t1_c13`, `cnee`.`cnid_no` AS `t1_c14` FROM `addr` `cnee`  WHERE (`cnee`.`id`=:ypl0)
2023/10/11 09:38:47 [trace] [system.db.CDbConnection] Opening DB connection
2023/10/11 09:38:49 [trace] [system.db.ar.CActiveRecord] Shipment.findByAttributes()
2023/10/11 09:38:49 [trace] [system.db.CDbCommand] Querying SQL: SHOW FULL COLUMNS FROM `shipment`
2023/10/11 09:38:49 [trace] [system.db.CDbCommand] Querying SQL: SHOW CREATE TABLE `shipment`
2023/10/11 09:38:49 [trace] [system.db.CDbCommand] Querying SQL: SELECT * FROM `shipment` `t` WHERE `t`.`ref`=:yp0 LIMIT 1
2023/10/11 09:38:49 [trace] [system.db.ar.CActiveRecord] Addr.findByPk()
2023/10/11 09:38:49 [trace] [system.db.CDbCommand] Querying SQL: SHOW FULL COLUMNS FROM `addr`
2023/10/11 09:38:49 [trace] [system.db.CDbCommand] Querying SQL: SHOW CREATE TABLE `addr`
2023/10/11 09:38:49 [trace] [system.db.CDbCommand] Querying SQL: SELECT * FROM `addr` `t` WHERE `t`.`id`='142274894' LIMIT 1
2023/10/11 09:38:49 [trace] [system.db.ar.CActiveRecord] lazy loading ImParcel.cnee
2023/10/11 09:38:49 [trace] [system.db.CDbCommand] Querying SQL: SELECT `cnee`.`id` AS `t1_c0`, `cnee`.`owner_id` AS `t1_c1`, `cnee`.`cnid_id` AS `t1_c2`, `cnee`.`name` AS `t1_c3`, `cnee`.`company` AS `t1_c4`, `cnee`.`address` AS `t1_c5`, `cnee`.`suburb` AS `t1_c6`, `cnee`.`city` AS `t1_c7`, `cnee`.`state` AS `t1_c8`, `cnee`.`postcode` AS `t1_c9`, `cnee`.`country` AS `t1_c10`, `cnee`.`tel` AS `t1_c11`, `cnee`.`email` AS `t1_c12`, `cnee`.`acc` AS `t1_c13`, `cnee`.`cnid_no` AS `t1_c14` FROM `addr` `cnee`  WHERE (`cnee`.`id`=:ypl0)
2023/10/11 09:48:21 [trace] [system.db.CDbConnection] Opening DB connection
2023/10/11 09:48:23 [trace] [system.db.ar.CActiveRecord] Shipment.findByAttributes()
2023/10/11 09:48:23 [trace] [system.db.CDbCommand] Querying SQL: SHOW FULL COLUMNS FROM `shipment`
2023/10/11 09:48:23 [trace] [system.db.CDbCommand] Querying SQL: SHOW CREATE TABLE `shipment`
2023/10/11 09:48:23 [trace] [system.db.CDbCommand] Querying SQL: SELECT * FROM `shipment` `t` WHERE `t`.`ref`=:yp0 LIMIT 1
2023/10/11 09:48:23 [trace] [system.db.ar.CActiveRecord] Addr.findByPk()
2023/10/11 09:48:23 [trace] [system.db.CDbCommand] Querying SQL: SHOW FULL COLUMNS FROM `addr`
2023/10/11 09:48:23 [trace] [system.db.CDbCommand] Querying SQL: SHOW CREATE TABLE `addr`
2023/10/11 09:48:23 [trace] [system.db.CDbCommand] Querying SQL: SELECT * FROM `addr` `t` WHERE `t`.`id`='142274894' LIMIT 1
2023/10/11 09:48:23 [trace] [system.db.ar.CActiveRecord] lazy loading ImParcel.cnee
2023/10/11 09:48:23 [trace] [system.db.CDbCommand] Querying SQL: SELECT `cnee`.`id` AS `t1_c0`, `cnee`.`owner_id` AS `t1_c1`, `cnee`.`cnid_id` AS `t1_c2`, `cnee`.`name` AS `t1_c3`, `cnee`.`company` AS `t1_c4`, `cnee`.`address` AS `t1_c5`, `cnee`.`suburb` AS `t1_c6`, `cnee`.`city` AS `t1_c7`, `cnee`.`state` AS `t1_c8`, `cnee`.`postcode` AS `t1_c9`, `cnee`.`country` AS `t1_c10`, `cnee`.`tel` AS `t1_c11`, `cnee`.`email` AS `t1_c12`, `cnee`.`acc` AS `t1_c13`, `cnee`.`cnid_no` AS `t1_c14` FROM `addr` `cnee`  WHERE (`cnee`.`id`=:ypl0)
2023/10/12 01:01:39 [trace] [system.db.CDbConnection] Opening DB connection
2023/10/12 01:01:41 [trace] [system.db.ar.CActiveRecord] Shipment.findByAttributes()
2023/10/12 01:01:41 [trace] [system.db.CDbCommand] Querying SQL: SHOW FULL COLUMNS FROM `shipment`
2023/10/12 01:01:41 [trace] [system.db.CDbCommand] Querying SQL: SHOW CREATE TABLE `shipment`
2023/10/12 01:01:41 [trace] [system.db.CDbCommand] Querying SQL: SELECT * FROM `shipment` `t` WHERE `t`.`ref`=:yp0 LIMIT 1
2023/10/12 01:01:41 [trace] [system.db.ar.CActiveRecord] Addr.findByPk()
2023/10/12 01:01:41 [trace] [system.db.CDbCommand] Querying SQL: SHOW FULL COLUMNS FROM `addr`
2023/10/12 01:01:41 [trace] [system.db.CDbCommand] Querying SQL: SHOW CREATE TABLE `addr`
2023/10/12 01:01:41 [trace] [system.db.CDbCommand] Querying SQL: SELECT * FROM `addr` `t` WHERE `t`.`id`='142274894' LIMIT 1
2023/10/12 01:01:41 [trace] [system.db.ar.CActiveRecord] lazy loading ImParcel.cnee
2023/10/12 01:01:41 [trace] [system.db.CDbCommand] Querying SQL: SELECT `cnee`.`id` AS `t1_c0`, `cnee`.`owner_id` AS `t1_c1`, `cnee`.`cnid_id` AS `t1_c2`, `cnee`.`name` AS `t1_c3`, `cnee`.`company` AS `t1_c4`, `cnee`.`address` AS `t1_c5`, `cnee`.`suburb` AS `t1_c6`, `cnee`.`city` AS `t1_c7`, `cnee`.`state` AS `t1_c8`, `cnee`.`postcode` AS `t1_c9`, `cnee`.`country` AS `t1_c10`, `cnee`.`tel` AS `t1_c11`, `cnee`.`email` AS `t1_c12`, `cnee`.`acc` AS `t1_c13`, `cnee`.`cnid_no` AS `t1_c14` FROM `addr` `cnee`  WHERE (`cnee`.`id`=:ypl0)
2023/10/12 01:11:44 [trace] [system.db.CDbConnection] Opening DB connection
2023/10/12 01:11:46 [trace] [system.db.ar.CActiveRecord] Shipment.findByAttributes()
2023/10/12 01:11:46 [trace] [system.db.CDbCommand] Querying SQL: SHOW FULL COLUMNS FROM `shipment`
2023/10/12 01:11:47 [trace] [system.db.CDbCommand] Querying SQL: SHOW CREATE TABLE `shipment`
2023/10/12 01:11:47 [trace] [system.db.CDbCommand] Querying SQL: SELECT * FROM `shipment` `t` WHERE `t`.`ref`=:yp0 LIMIT 1
2023/10/12 01:11:47 [trace] [system.db.ar.CActiveRecord] Addr.findByPk()
2023/10/12 01:11:47 [trace] [system.db.CDbCommand] Querying SQL: SHOW FULL COLUMNS FROM `addr`
2023/10/12 01:11:47 [trace] [system.db.CDbCommand] Querying SQL: SHOW CREATE TABLE `addr`
2023/10/12 01:11:47 [trace] [system.db.CDbCommand] Querying SQL: SELECT * FROM `addr` `t` WHERE `t`.`id`='142274894' LIMIT 1
2023/10/12 01:11:47 [trace] [system.db.ar.CActiveRecord] lazy loading ImParcel.cnee
2023/10/12 01:11:47 [trace] [system.db.CDbCommand] Querying SQL: SELECT `cnee`.`id` AS `t1_c0`, `cnee`.`owner_id` AS `t1_c1`, `cnee`.`cnid_id` AS `t1_c2`, `cnee`.`name` AS `t1_c3`, `cnee`.`company` AS `t1_c4`, `cnee`.`address` AS `t1_c5`, `cnee`.`suburb` AS `t1_c6`, `cnee`.`city` AS `t1_c7`, `cnee`.`state` AS `t1_c8`, `cnee`.`postcode` AS `t1_c9`, `cnee`.`country` AS `t1_c10`, `cnee`.`tel` AS `t1_c11`, `cnee`.`email` AS `t1_c12`, `cnee`.`acc` AS `t1_c13`, `cnee`.`cnid_no` AS `t1_c14` FROM `addr` `cnee`  WHERE (`cnee`.`id`=:ypl0)
2023/10/12 01:20:05 [trace] [system.db.CDbConnection] Opening DB connection
2023/10/12 01:20:07 [trace] [system.db.ar.CActiveRecord] Shipment.findByAttributes()
2023/10/12 01:20:07 [trace] [system.db.CDbCommand] Querying SQL: SHOW FULL COLUMNS FROM `shipment`
2023/10/12 01:20:07 [trace] [system.db.CDbCommand] Querying SQL: SHOW CREATE TABLE `shipment`
2023/10/12 01:20:07 [trace] [system.db.CDbCommand] Querying SQL: SELECT * FROM `shipment` `t` WHERE `t`.`ref`=:yp0 LIMIT 1
2023/10/12 01:20:07 [trace] [system.db.ar.CActiveRecord] Addr.findByPk()
2023/10/12 01:20:07 [trace] [system.db.CDbCommand] Querying SQL: SHOW FULL COLUMNS FROM `addr`
2023/10/12 01:20:07 [trace] [system.db.CDbCommand] Querying SQL: SHOW CREATE TABLE `addr`
2023/10/12 01:20:07 [trace] [system.db.CDbCommand] Querying SQL: SELECT * FROM `addr` `t` WHERE `t`.`id`='142274894' LIMIT 1
2023/10/12 01:20:07 [trace] [system.db.ar.CActiveRecord] lazy loading ImParcel.cnee
2023/10/12 01:20:07 [trace] [system.db.CDbCommand] Querying SQL: SELECT `cnee`.`id` AS `t1_c0`, `cnee`.`owner_id` AS `t1_c1`, `cnee`.`cnid_id` AS `t1_c2`, `cnee`.`name` AS `t1_c3`, `cnee`.`company` AS `t1_c4`, `cnee`.`address` AS `t1_c5`, `cnee`.`suburb` AS `t1_c6`, `cnee`.`city` AS `t1_c7`, `cnee`.`state` AS `t1_c8`, `cnee`.`postcode` AS `t1_c9`, `cnee`.`country` AS `t1_c10`, `cnee`.`tel` AS `t1_c11`, `cnee`.`email` AS `t1_c12`, `cnee`.`acc` AS `t1_c13`, `cnee`.`cnid_no` AS `t1_c14` FROM `addr` `cnee`  WHERE (`cnee`.`id`=:ypl0)
2023/10/12 01:39:38 [trace] [system.db.CDbConnection] Opening DB connection
2023/10/12 01:39:40 [trace] [system.db.ar.CActiveRecord] Shipment.findByAttributes()
2023/10/12 01:39:40 [trace] [system.db.CDbCommand] Querying SQL: SHOW FULL COLUMNS FROM `shipment`
2023/10/12 01:39:40 [trace] [system.db.CDbCommand] Querying SQL: SHOW CREATE TABLE `shipment`
2023/10/12 01:39:40 [trace] [system.db.CDbCommand] Querying SQL: SELECT * FROM `shipment` `t` WHERE `t`.`ref`=:yp0 LIMIT 1
2023/10/12 01:39:40 [trace] [system.db.ar.CActiveRecord] Addr.findByPk()
2023/10/12 01:39:40 [trace] [system.db.CDbCommand] Querying SQL: SHOW FULL COLUMNS FROM `addr`
2023/10/12 01:39:40 [trace] [system.db.CDbCommand] Querying SQL: SHOW CREATE TABLE `addr`
2023/10/12 01:39:40 [trace] [system.db.CDbCommand] Querying SQL: SELECT * FROM `addr` `t` WHERE `t`.`id`='142274894' LIMIT 1
2023/10/12 01:39:40 [trace] [system.db.ar.CActiveRecord] lazy loading ImParcel.cnee
2023/10/12 01:39:40 [trace] [system.db.CDbCommand] Querying SQL: SELECT `cnee`.`id` AS `t1_c0`, `cnee`.`owner_id` AS `t1_c1`, `cnee`.`cnid_id` AS `t1_c2`, `cnee`.`name` AS `t1_c3`, `cnee`.`company` AS `t1_c4`, `cnee`.`address` AS `t1_c5`, `cnee`.`suburb` AS `t1_c6`, `cnee`.`city` AS `t1_c7`, `cnee`.`state` AS `t1_c8`, `cnee`.`postcode` AS `t1_c9`, `cnee`.`country` AS `t1_c10`, `cnee`.`tel` AS `t1_c11`, `cnee`.`email` AS `t1_c12`, `cnee`.`acc` AS `t1_c13`, `cnee`.`cnid_no` AS `t1_c14` FROM `addr` `cnee`  WHERE (`cnee`.`id`=:ypl0)
2023/10/12 01:40:27 [trace] [system.db.CDbConnection] Opening DB connection
2023/10/12 01:40:29 [trace] [system.db.ar.CActiveRecord] Shipment.findByAttributes()
2023/10/12 01:40:29 [trace] [system.db.CDbCommand] Querying SQL: SHOW FULL COLUMNS FROM `shipment`
2023/10/12 01:40:29 [trace] [system.db.CDbCommand] Querying SQL: SHOW CREATE TABLE `shipment`
2023/10/12 01:40:29 [trace] [system.db.CDbCommand] Querying SQL: SELECT * FROM `shipment` `t` WHERE `t`.`ref`=:yp0 LIMIT 1
2023/10/12 01:40:29 [trace] [system.db.ar.CActiveRecord] Addr.findByPk()
2023/10/12 01:40:29 [trace] [system.db.CDbCommand] Querying SQL: SHOW FULL COLUMNS FROM `addr`
2023/10/12 01:40:29 [trace] [system.db.CDbCommand] Querying SQL: SHOW CREATE TABLE `addr`
2023/10/12 01:40:29 [trace] [system.db.CDbCommand] Querying SQL: SELECT * FROM `addr` `t` WHERE `t`.`id`='142274894' LIMIT 1
2023/10/12 01:40:29 [trace] [system.db.ar.CActiveRecord] lazy loading ImParcel.cnee
2023/10/12 01:40:29 [trace] [system.db.CDbCommand] Querying SQL: SELECT `cnee`.`id` AS `t1_c0`, `cnee`.`owner_id` AS `t1_c1`, `cnee`.`cnid_id` AS `t1_c2`, `cnee`.`name` AS `t1_c3`, `cnee`.`company` AS `t1_c4`, `cnee`.`address` AS `t1_c5`, `cnee`.`suburb` AS `t1_c6`, `cnee`.`city` AS `t1_c7`, `cnee`.`state` AS `t1_c8`, `cnee`.`postcode` AS `t1_c9`, `cnee`.`country` AS `t1_c10`, `cnee`.`tel` AS `t1_c11`, `cnee`.`email` AS `t1_c12`, `cnee`.`acc` AS `t1_c13`, `cnee`.`cnid_no` AS `t1_c14` FROM `addr` `cnee`  WHERE (`cnee`.`id`=:ypl0)
2023/10/12 02:18:56 [trace] [system.db.CDbConnection] Opening DB connection
2023/10/12 02:18:58 [trace] [system.db.ar.CActiveRecord] Shipment.findByAttributes()
2023/10/12 02:18:58 [trace] [system.db.CDbCommand] Querying SQL: SHOW FULL COLUMNS FROM `shipment`
2023/10/12 02:18:58 [trace] [system.db.CDbCommand] Querying SQL: SHOW CREATE TABLE `shipment`
2023/10/12 02:18:58 [trace] [system.db.CDbCommand] Querying SQL: SELECT * FROM `shipment` `t` WHERE `t`.`ref`=:yp0 LIMIT 1
2023/10/12 02:18:58 [trace] [system.db.ar.CActiveRecord] Addr.findByPk()
2023/10/12 02:18:58 [trace] [system.db.CDbCommand] Querying SQL: SHOW FULL COLUMNS FROM `addr`
2023/10/12 02:18:58 [trace] [system.db.CDbCommand] Querying SQL: SHOW CREATE TABLE `addr`
2023/10/12 02:18:58 [trace] [system.db.CDbCommand] Querying SQL: SELECT * FROM `addr` `t` WHERE `t`.`id`='142274894' LIMIT 1
2023/10/12 02:18:58 [trace] [system.db.ar.CActiveRecord] lazy loading ImParcel.cnee
2023/10/12 02:18:58 [trace] [system.db.CDbCommand] Querying SQL: SELECT `cnee`.`id` AS `t1_c0`, `cnee`.`owner_id` AS `t1_c1`, `cnee`.`cnid_id` AS `t1_c2`, `cnee`.`name` AS `t1_c3`, `cnee`.`company` AS `t1_c4`, `cnee`.`address` AS `t1_c5`, `cnee`.`suburb` AS `t1_c6`, `cnee`.`city` AS `t1_c7`, `cnee`.`state` AS `t1_c8`, `cnee`.`postcode` AS `t1_c9`, `cnee`.`country` AS `t1_c10`, `cnee`.`tel` AS `t1_c11`, `cnee`.`email` AS `t1_c12`, `cnee`.`acc` AS `t1_c13`, `cnee`.`cnid_no` AS `t1_c14` FROM `addr` `cnee`  WHERE (`cnee`.`id`=:ypl0)
2023/10/12 02:19:44 [trace] [system.db.CDbConnection] Opening DB connection
2023/10/12 02:19:46 [trace] [system.db.ar.CActiveRecord] Shipment.findByAttributes()
2023/10/12 02:19:46 [trace] [system.db.CDbCommand] Querying SQL: SHOW FULL COLUMNS FROM `shipment`
2023/10/12 02:19:46 [trace] [system.db.CDbCommand] Querying SQL: SHOW CREATE TABLE `shipment`
2023/10/12 02:19:46 [trace] [system.db.CDbCommand] Querying SQL: SELECT * FROM `shipment` `t` WHERE `t`.`ref`=:yp0 LIMIT 1
2023/10/12 02:19:46 [trace] [system.db.ar.CActiveRecord] Addr.findByPk()
2023/10/12 02:19:46 [trace] [system.db.CDbCommand] Querying SQL: SHOW FULL COLUMNS FROM `addr`
2023/10/12 02:19:46 [trace] [system.db.CDbCommand] Querying SQL: SHOW CREATE TABLE `addr`
2023/10/12 02:19:46 [trace] [system.db.CDbCommand] Querying SQL: SELECT * FROM `addr` `t` WHERE `t`.`id`='142274894' LIMIT 1
2023/10/12 02:19:46 [trace] [system.db.ar.CActiveRecord] lazy loading ImParcel.cnee
2023/10/12 02:19:46 [trace] [system.db.CDbCommand] Querying SQL: SELECT `cnee`.`id` AS `t1_c0`, `cnee`.`owner_id` AS `t1_c1`, `cnee`.`cnid_id` AS `t1_c2`, `cnee`.`name` AS `t1_c3`, `cnee`.`company` AS `t1_c4`, `cnee`.`address` AS `t1_c5`, `cnee`.`suburb` AS `t1_c6`, `cnee`.`city` AS `t1_c7`, `cnee`.`state` AS `t1_c8`, `cnee`.`postcode` AS `t1_c9`, `cnee`.`country` AS `t1_c10`, `cnee`.`tel` AS `t1_c11`, `cnee`.`email` AS `t1_c12`, `cnee`.`acc` AS `t1_c13`, `cnee`.`cnid_no` AS `t1_c14` FROM `addr` `cnee`  WHERE (`cnee`.`id`=:ypl0)
2023/10/12 02:20:38 [trace] [system.db.CDbConnection] Opening DB connection
2023/10/12 02:20:40 [trace] [system.db.ar.CActiveRecord] Shipment.findByAttributes()
2023/10/12 02:20:40 [trace] [system.db.CDbCommand] Querying SQL: SHOW FULL COLUMNS FROM `shipment`
2023/10/12 02:20:40 [trace] [system.db.CDbCommand] Querying SQL: SHOW CREATE TABLE `shipment`
2023/10/12 02:20:40 [trace] [system.db.CDbCommand] Querying SQL: SELECT * FROM `shipment` `t` WHERE `t`.`ref`=:yp0 LIMIT 1
2023/10/12 02:20:40 [trace] [system.db.ar.CActiveRecord] Addr.findByPk()
2023/10/12 02:20:40 [trace] [system.db.CDbCommand] Querying SQL: SHOW FULL COLUMNS FROM `addr`
2023/10/12 02:20:40 [trace] [system.db.CDbCommand] Querying SQL: SHOW CREATE TABLE `addr`
2023/10/12 02:20:40 [trace] [system.db.CDbCommand] Querying SQL: SELECT * FROM `addr` `t` WHERE `t`.`id`='142274894' LIMIT 1
2023/10/12 02:20:40 [trace] [system.db.ar.CActiveRecord] lazy loading ImParcel.cnee
2023/10/12 02:20:40 [trace] [system.db.CDbCommand] Querying SQL: SELECT `cnee`.`id` AS `t1_c0`, `cnee`.`owner_id` AS `t1_c1`, `cnee`.`cnid_id` AS `t1_c2`, `cnee`.`name` AS `t1_c3`, `cnee`.`company` AS `t1_c4`, `cnee`.`address` AS `t1_c5`, `cnee`.`suburb` AS `t1_c6`, `cnee`.`city` AS `t1_c7`, `cnee`.`state` AS `t1_c8`, `cnee`.`postcode` AS `t1_c9`, `cnee`.`country` AS `t1_c10`, `cnee`.`tel` AS `t1_c11`, `cnee`.`email` AS `t1_c12`, `cnee`.`acc` AS `t1_c13`, `cnee`.`cnid_no` AS `t1_c14` FROM `addr` `cnee`  WHERE (`cnee`.`id`=:ypl0)
2023/10/12 02:22:15 [trace] [system.db.CDbConnection] Opening DB connection
2023/10/12 02:22:18 [trace] [system.db.ar.CActiveRecord] Shipment.findByAttributes()
2023/10/12 02:22:18 [trace] [system.db.CDbCommand] Querying SQL: SHOW FULL COLUMNS FROM `shipment`
2023/10/12 02:22:18 [trace] [system.db.CDbCommand] Querying SQL: SHOW CREATE TABLE `shipment`
2023/10/12 02:22:18 [trace] [system.db.CDbCommand] Querying SQL: SELECT * FROM `shipment` `t` WHERE `t`.`ref`=:yp0 LIMIT 1
2023/10/12 02:22:18 [trace] [system.db.ar.CActiveRecord] Addr.findByPk()
2023/10/12 02:22:18 [trace] [system.db.CDbCommand] Querying SQL: SHOW FULL COLUMNS FROM `addr`
2023/10/12 02:22:18 [trace] [system.db.CDbCommand] Querying SQL: SHOW CREATE TABLE `addr`
2023/10/12 02:22:18 [trace] [system.db.CDbCommand] Querying SQL: SELECT * FROM `addr` `t` WHERE `t`.`id`='142274894' LIMIT 1
2023/10/12 02:22:18 [trace] [system.db.ar.CActiveRecord] lazy loading ImParcel.cnee
2023/10/12 02:22:18 [trace] [system.db.CDbCommand] Querying SQL: SELECT `cnee`.`id` AS `t1_c0`, `cnee`.`owner_id` AS `t1_c1`, `cnee`.`cnid_id` AS `t1_c2`, `cnee`.`name` AS `t1_c3`, `cnee`.`company` AS `t1_c4`, `cnee`.`address` AS `t1_c5`, `cnee`.`suburb` AS `t1_c6`, `cnee`.`city` AS `t1_c7`, `cnee`.`state` AS `t1_c8`, `cnee`.`postcode` AS `t1_c9`, `cnee`.`country` AS `t1_c10`, `cnee`.`tel` AS `t1_c11`, `cnee`.`email` AS `t1_c12`, `cnee`.`acc` AS `t1_c13`, `cnee`.`cnid_no` AS `t1_c14` FROM `addr` `cnee`  WHERE (`cnee`.`id`=:ypl0)
2023/10/12 04:11:33 [trace] [system.db.CDbConnection] Opening DB connection
2023/10/12 04:11:35 [trace] [system.db.ar.CActiveRecord] Shipment.findByAttributes()
2023/10/12 04:11:35 [trace] [system.db.CDbCommand] Querying SQL: SHOW FULL COLUMNS FROM `shipment`
2023/10/12 04:11:35 [trace] [system.db.CDbCommand] Querying SQL: SHOW CREATE TABLE `shipment`
2023/10/12 04:11:35 [trace] [system.db.CDbCommand] Querying SQL: SELECT * FROM `shipment` `t` WHERE `t`.`ref`=:yp0 LIMIT 1
2023/10/12 04:11:35 [trace] [system.db.ar.CActiveRecord] Addr.findByPk()
2023/10/12 04:11:35 [trace] [system.db.CDbCommand] Querying SQL: SHOW FULL COLUMNS FROM `addr`
2023/10/12 04:11:35 [trace] [system.db.CDbCommand] Querying SQL: SHOW CREATE TABLE `addr`
2023/10/12 04:11:35 [trace] [system.db.CDbCommand] Querying SQL: SELECT * FROM `addr` `t` WHERE `t`.`id`='142274892' LIMIT 1
2023/10/12 04:11:35 [trace] [system.db.ar.CActiveRecord] lazy loading ImParcel.cnee
2023/10/12 04:11:35 [trace] [system.db.CDbCommand] Querying SQL: SELECT `cnee`.`id` AS `t1_c0`, `cnee`.`owner_id` AS `t1_c1`, `cnee`.`cnid_id` AS `t1_c2`, `cnee`.`name` AS `t1_c3`, `cnee`.`company` AS `t1_c4`, `cnee`.`address` AS `t1_c5`, `cnee`.`suburb` AS `t1_c6`, `cnee`.`city` AS `t1_c7`, `cnee`.`state` AS `t1_c8`, `cnee`.`postcode` AS `t1_c9`, `cnee`.`country` AS `t1_c10`, `cnee`.`tel` AS `t1_c11`, `cnee`.`email` AS `t1_c12`, `cnee`.`acc` AS `t1_c13`, `cnee`.`cnid_no` AS `t1_c14` FROM `addr` `cnee`  WHERE (`cnee`.`id`=:ypl0)
2023/10/12 10:21:04 [trace] [system.db.CDbConnection] Opening DB connection
2023/10/12 10:21:06 [trace] [system.db.ar.CActiveRecord] Shipment.findByAttributes()
2023/10/12 10:21:06 [trace] [system.db.CDbCommand] Querying SQL: SHOW FULL COLUMNS FROM `shipment`
2023/10/12 10:21:06 [trace] [system.db.CDbCommand] Querying SQL: SHOW CREATE TABLE `shipment`
2023/10/12 10:21:06 [trace] [system.db.CDbCommand] Querying SQL: SELECT * FROM `shipment` `t` WHERE `t`.`ref`=:yp0 LIMIT 1
2023/10/12 10:21:06 [trace] [system.db.ar.CActiveRecord] Addr.findByPk()
2023/10/12 10:21:06 [trace] [system.db.CDbCommand] Querying SQL: SHOW FULL COLUMNS FROM `addr`
2023/10/12 10:21:06 [trace] [system.db.CDbCommand] Querying SQL: SHOW CREATE TABLE `addr`
2023/10/12 10:21:06 [trace] [system.db.CDbCommand] Querying SQL: SELECT * FROM `addr` `t` WHERE `t`.`id`='142274923' LIMIT 1
2023/10/12 10:21:06 [trace] [system.db.ar.CActiveRecord] lazy loading ImParcel.cnee
2023/10/12 10:21:06 [trace] [system.db.CDbCommand] Querying SQL: SELECT `cnee`.`id` AS `t1_c0`, `cnee`.`owner_id` AS `t1_c1`, `cnee`.`cnid_id` AS `t1_c2`, `cnee`.`name` AS `t1_c3`, `cnee`.`company` AS `t1_c4`, `cnee`.`address` AS `t1_c5`, `cnee`.`suburb` AS `t1_c6`, `cnee`.`city` AS `t1_c7`, `cnee`.`state` AS `t1_c8`, `cnee`.`postcode` AS `t1_c9`, `cnee`.`country` AS `t1_c10`, `cnee`.`tel` AS `t1_c11`, `cnee`.`email` AS `t1_c12`, `cnee`.`acc` AS `t1_c13`, `cnee`.`cnid_no` AS `t1_c14` FROM `addr` `cnee`  WHERE (`cnee`.`id`=:ypl0)
2023/10/12 10:21:26 [trace] [system.db.CDbConnection] Opening DB connection
2023/10/12 10:21:28 [trace] [system.db.ar.CActiveRecord] Shipment.findByAttributes()
2023/10/12 10:21:28 [trace] [system.db.CDbCommand] Querying SQL: SHOW FULL COLUMNS FROM `shipment`
2023/10/12 10:21:28 [trace] [system.db.CDbCommand] Querying SQL: SHOW CREATE TABLE `shipment`
2023/10/12 10:21:28 [trace] [system.db.CDbCommand] Querying SQL: SELECT * FROM `shipment` `t` WHERE `t`.`ref`=:yp0 LIMIT 1
2023/10/12 10:21:28 [trace] [system.db.ar.CActiveRecord] Addr.findByPk()
2023/10/12 10:21:28 [trace] [system.db.CDbCommand] Querying SQL: SHOW FULL COLUMNS FROM `addr`
2023/10/12 10:21:28 [trace] [system.db.CDbCommand] Querying SQL: SHOW CREATE TABLE `addr`
2023/10/12 10:21:28 [trace] [system.db.CDbCommand] Querying SQL: SELECT * FROM `addr` `t` WHERE `t`.`id`='142274923' LIMIT 1
2023/10/12 10:21:28 [trace] [system.db.ar.CActiveRecord] lazy loading ImParcel.cnee
2023/10/12 10:21:28 [trace] [system.db.CDbCommand] Querying SQL: SELECT `cnee`.`id` AS `t1_c0`, `cnee`.`owner_id` AS `t1_c1`, `cnee`.`cnid_id` AS `t1_c2`, `cnee`.`name` AS `t1_c3`, `cnee`.`company` AS `t1_c4`, `cnee`.`address` AS `t1_c5`, `cnee`.`suburb` AS `t1_c6`, `cnee`.`city` AS `t1_c7`, `cnee`.`state` AS `t1_c8`, `cnee`.`postcode` AS `t1_c9`, `cnee`.`country` AS `t1_c10`, `cnee`.`tel` AS `t1_c11`, `cnee`.`email` AS `t1_c12`, `cnee`.`acc` AS `t1_c13`, `cnee`.`cnid_no` AS `t1_c14` FROM `addr` `cnee`  WHERE (`cnee`.`id`=:ypl0)
2023/10/12 10:25:38 [trace] [system.db.CDbConnection] Opening DB connection
2023/10/12 10:25:40 [trace] [system.db.ar.CActiveRecord] Shipment.findByAttributes()
2023/10/12 10:25:40 [trace] [system.db.CDbCommand] Querying SQL: SHOW FULL COLUMNS FROM `shipment`
2023/10/12 10:25:40 [trace] [system.db.CDbCommand] Querying SQL: SHOW CREATE TABLE `shipment`
2023/10/12 10:25:40 [trace] [system.db.CDbCommand] Querying SQL: SELECT * FROM `shipment` `t` WHERE `t`.`ref`=:yp0 LIMIT 1
2023/10/12 10:25:40 [trace] [system.db.ar.CActiveRecord] Addr.findByPk()
2023/10/12 10:25:40 [trace] [system.db.CDbCommand] Querying SQL: SHOW FULL COLUMNS FROM `addr`
2023/10/12 10:25:40 [trace] [system.db.CDbCommand] Querying SQL: SHOW CREATE TABLE `addr`
2023/10/12 10:25:40 [trace] [system.db.CDbCommand] Querying SQL: SELECT * FROM `addr` `t` WHERE `t`.`id`='142274923' LIMIT 1
2023/10/12 10:25:40 [trace] [system.db.ar.CActiveRecord] lazy loading ImParcel.cnee
2023/10/12 10:25:40 [trace] [system.db.CDbCommand] Querying SQL: SELECT `cnee`.`id` AS `t1_c0`, `cnee`.`owner_id` AS `t1_c1`, `cnee`.`cnid_id` AS `t1_c2`, `cnee`.`name` AS `t1_c3`, `cnee`.`company` AS `t1_c4`, `cnee`.`address` AS `t1_c5`, `cnee`.`suburb` AS `t1_c6`, `cnee`.`city` AS `t1_c7`, `cnee`.`state` AS `t1_c8`, `cnee`.`postcode` AS `t1_c9`, `cnee`.`country` AS `t1_c10`, `cnee`.`tel` AS `t1_c11`, `cnee`.`email` AS `t1_c12`, `cnee`.`acc` AS `t1_c13`, `cnee`.`cnid_no` AS `t1_c14` FROM `addr` `cnee`  WHERE (`cnee`.`id`=:ypl0)
2023/10/12 10:33:17 [trace] [system.db.CDbConnection] Opening DB connection
2023/10/12 10:33:20 [trace] [system.db.ar.CActiveRecord] Shipment.findByAttributes()
2023/10/12 10:33:20 [trace] [system.db.CDbCommand] Querying SQL: SHOW FULL COLUMNS FROM `shipment`
2023/10/12 10:33:20 [trace] [system.db.CDbCommand] Querying SQL: SHOW CREATE TABLE `shipment`
2023/10/12 10:33:20 [trace] [system.db.CDbCommand] Querying SQL: SELECT * FROM `shipment` `t` WHERE `t`.`ref`=:yp0 LIMIT 1
2023/10/12 10:33:20 [trace] [system.db.ar.CActiveRecord] Addr.findByPk()
2023/10/12 10:33:20 [trace] [system.db.CDbCommand] Querying SQL: SHOW FULL COLUMNS FROM `addr`
2023/10/12 10:33:20 [trace] [system.db.CDbCommand] Querying SQL: SHOW CREATE TABLE `addr`
2023/10/12 10:33:20 [trace] [system.db.CDbCommand] Querying SQL: SELECT * FROM `addr` `t` WHERE `t`.`id`='142274923' LIMIT 1
2023/10/12 10:33:20 [trace] [system.db.ar.CActiveRecord] lazy loading ImParcel.cnee
2023/10/12 10:33:20 [trace] [system.db.CDbCommand] Querying SQL: SELECT `cnee`.`id` AS `t1_c0`, `cnee`.`owner_id` AS `t1_c1`, `cnee`.`cnid_id` AS `t1_c2`, `cnee`.`name` AS `t1_c3`, `cnee`.`company` AS `t1_c4`, `cnee`.`address` AS `t1_c5`, `cnee`.`suburb` AS `t1_c6`, `cnee`.`city` AS `t1_c7`, `cnee`.`state` AS `t1_c8`, `cnee`.`postcode` AS `t1_c9`, `cnee`.`country` AS `t1_c10`, `cnee`.`tel` AS `t1_c11`, `cnee`.`email` AS `t1_c12`, `cnee`.`acc` AS `t1_c13`, `cnee`.`cnid_no` AS `t1_c14` FROM `addr` `cnee`  WHERE (`cnee`.`id`=:ypl0)
2023/10/12 10:35:56 [trace] [system.db.CDbConnection] Opening DB connection
2023/10/12 10:35:58 [trace] [system.db.ar.CActiveRecord] Shipment.findByAttributes()
2023/10/12 10:35:58 [trace] [system.db.CDbCommand] Querying SQL: SHOW FULL COLUMNS FROM `shipment`
2023/10/12 10:35:58 [trace] [system.db.CDbCommand] Querying SQL: SHOW CREATE TABLE `shipment`
2023/10/12 10:35:58 [trace] [system.db.CDbCommand] Querying SQL: SELECT * FROM `shipment` `t` WHERE `t`.`ref`=:yp0 LIMIT 1
2023/10/12 10:35:58 [trace] [system.db.ar.CActiveRecord] Addr.findByPk()
2023/10/12 10:35:58 [trace] [system.db.CDbCommand] Querying SQL: SHOW FULL COLUMNS FROM `addr`
2023/10/12 10:35:58 [trace] [system.db.CDbCommand] Querying SQL: SHOW CREATE TABLE `addr`
2023/10/12 10:35:58 [trace] [system.db.CDbCommand] Querying SQL: SELECT * FROM `addr` `t` WHERE `t`.`id`='142274923' LIMIT 1
2023/10/12 10:35:58 [trace] [system.db.ar.CActiveRecord] lazy loading ImParcel.cnee
2023/10/12 10:35:58 [trace] [system.db.CDbCommand] Querying SQL: SELECT `cnee`.`id` AS `t1_c0`, `cnee`.`owner_id` AS `t1_c1`, `cnee`.`cnid_id` AS `t1_c2`, `cnee`.`name` AS `t1_c3`, `cnee`.`company` AS `t1_c4`, `cnee`.`address` AS `t1_c5`, `cnee`.`suburb` AS `t1_c6`, `cnee`.`city` AS `t1_c7`, `cnee`.`state` AS `t1_c8`, `cnee`.`postcode` AS `t1_c9`, `cnee`.`country` AS `t1_c10`, `cnee`.`tel` AS `t1_c11`, `cnee`.`email` AS `t1_c12`, `cnee`.`acc` AS `t1_c13`, `cnee`.`cnid_no` AS `t1_c14` FROM `addr` `cnee`  WHERE (`cnee`.`id`=:ypl0)
2023/10/12 10:36:20 [trace] [system.db.CDbConnection] Opening DB connection
2023/10/12 10:36:22 [trace] [system.db.ar.CActiveRecord] Shipment.findByAttributes()
2023/10/12 10:36:22 [trace] [system.db.CDbCommand] Querying SQL: SHOW FULL COLUMNS FROM `shipment`
2023/10/12 10:36:22 [trace] [system.db.CDbCommand] Querying SQL: SHOW CREATE TABLE `shipment`
2023/10/12 10:36:22 [trace] [system.db.CDbCommand] Querying SQL: SELECT * FROM `shipment` `t` WHERE `t`.`ref`=:yp0 LIMIT 1
2023/10/12 10:36:22 [trace] [system.db.ar.CActiveRecord] Addr.findByPk()
2023/10/12 10:36:22 [trace] [system.db.CDbCommand] Querying SQL: SHOW FULL COLUMNS FROM `addr`
2023/10/12 10:36:23 [trace] [system.db.CDbCommand] Querying SQL: SHOW CREATE TABLE `addr`
2023/10/12 10:36:23 [trace] [system.db.CDbCommand] Querying SQL: SELECT * FROM `addr` `t` WHERE `t`.`id`='142274923' LIMIT 1
2023/10/12 10:36:23 [trace] [system.db.ar.CActiveRecord] lazy loading ImParcel.cnee
2023/10/12 10:36:23 [trace] [system.db.CDbCommand] Querying SQL: SELECT `cnee`.`id` AS `t1_c0`, `cnee`.`owner_id` AS `t1_c1`, `cnee`.`cnid_id` AS `t1_c2`, `cnee`.`name` AS `t1_c3`, `cnee`.`company` AS `t1_c4`, `cnee`.`address` AS `t1_c5`, `cnee`.`suburb` AS `t1_c6`, `cnee`.`city` AS `t1_c7`, `cnee`.`state` AS `t1_c8`, `cnee`.`postcode` AS `t1_c9`, `cnee`.`country` AS `t1_c10`, `cnee`.`tel` AS `t1_c11`, `cnee`.`email` AS `t1_c12`, `cnee`.`acc` AS `t1_c13`, `cnee`.`cnid_no` AS `t1_c14` FROM `addr` `cnee`  WHERE (`cnee`.`id`=:ypl0)
2023/10/12 10:47:59 [trace] [system.db.CDbConnection] Opening DB connection
2023/10/12 10:48:01 [trace] [system.db.ar.CActiveRecord] Shipment.findByAttributes()
2023/10/12 10:48:01 [trace] [system.db.CDbCommand] Querying SQL: SHOW FULL COLUMNS FROM `shipment`
2023/10/12 10:48:01 [trace] [system.db.CDbCommand] Querying SQL: SHOW CREATE TABLE `shipment`
2023/10/12 10:48:01 [trace] [system.db.CDbCommand] Querying SQL: SELECT * FROM `shipment` `t` WHERE `t`.`ref`=:yp0 LIMIT 1
2023/10/12 10:48:01 [trace] [system.db.ar.CActiveRecord] Addr.findByPk()
2023/10/12 10:48:01 [trace] [system.db.CDbCommand] Querying SQL: SHOW FULL COLUMNS FROM `addr`
2023/10/12 10:48:01 [trace] [system.db.CDbCommand] Querying SQL: SHOW CREATE TABLE `addr`
2023/10/12 10:48:01 [trace] [system.db.CDbCommand] Querying SQL: SELECT * FROM `addr` `t` WHERE `t`.`id`='142274923' LIMIT 1
2023/10/12 10:48:01 [trace] [system.db.ar.CActiveRecord] lazy loading ImParcel.cnee
2023/10/12 10:48:01 [trace] [system.db.CDbCommand] Querying SQL: SELECT `cnee`.`id` AS `t1_c0`, `cnee`.`owner_id` AS `t1_c1`, `cnee`.`cnid_id` AS `t1_c2`, `cnee`.`name` AS `t1_c3`, `cnee`.`company` AS `t1_c4`, `cnee`.`address` AS `t1_c5`, `cnee`.`suburb` AS `t1_c6`, `cnee`.`city` AS `t1_c7`, `cnee`.`state` AS `t1_c8`, `cnee`.`postcode` AS `t1_c9`, `cnee`.`country` AS `t1_c10`, `cnee`.`tel` AS `t1_c11`, `cnee`.`email` AS `t1_c12`, `cnee`.`acc` AS `t1_c13`, `cnee`.`cnid_no` AS `t1_c14` FROM `addr` `cnee`  WHERE (`cnee`.`id`=:ypl0)
2023/10/13 01:18:42 [trace] [system.db.CDbConnection] Opening DB connection
2023/10/13 01:18:44 [trace] [system.db.ar.CActiveRecord] Shipment.findByAttributes()
2023/10/13 01:18:44 [trace] [system.db.CDbCommand] Querying SQL: SHOW FULL COLUMNS FROM `shipment`
2023/10/13 01:18:44 [trace] [system.db.CDbCommand] Querying SQL: SHOW CREATE TABLE `shipment`
2023/10/13 01:18:44 [trace] [system.db.CDbCommand] Querying SQL: SELECT * FROM `shipment` `t` WHERE `t`.`ref`=:yp0 LIMIT 1
2023/10/13 01:18:44 [trace] [system.db.ar.CActiveRecord] Addr.findByPk()
2023/10/13 01:18:44 [trace] [system.db.CDbCommand] Querying SQL: SHOW FULL COLUMNS FROM `addr`
2023/10/13 01:18:44 [trace] [system.db.CDbCommand] Querying SQL: SHOW CREATE TABLE `addr`
2023/10/13 01:18:44 [trace] [system.db.CDbCommand] Querying SQL: SELECT * FROM `addr` `t` WHERE `t`.`id`='142274923' LIMIT 1
2023/10/13 01:18:44 [trace] [system.db.ar.CActiveRecord] lazy loading ImParcel.cnee
2023/10/13 01:18:44 [trace] [system.db.CDbCommand] Querying SQL: SELECT `cnee`.`id` AS `t1_c0`, `cnee`.`owner_id` AS `t1_c1`, `cnee`.`cnid_id` AS `t1_c2`, `cnee`.`name` AS `t1_c3`, `cnee`.`company` AS `t1_c4`, `cnee`.`address` AS `t1_c5`, `cnee`.`suburb` AS `t1_c6`, `cnee`.`city` AS `t1_c7`, `cnee`.`state` AS `t1_c8`, `cnee`.`postcode` AS `t1_c9`, `cnee`.`country` AS `t1_c10`, `cnee`.`tel` AS `t1_c11`, `cnee`.`email` AS `t1_c12`, `cnee`.`acc` AS `t1_c13`, `cnee`.`cnid_no` AS `t1_c14` FROM `addr` `cnee`  WHERE (`cnee`.`id`=:ypl0)
2023/10/13 01:19:33 [trace] [system.db.CDbConnection] Opening DB connection
2023/10/13 01:19:35 [trace] [system.db.ar.CActiveRecord] Shipment.findByAttributes()
2023/10/13 01:19:35 [trace] [system.db.CDbCommand] Querying SQL: SHOW FULL COLUMNS FROM `shipment`
2023/10/13 01:19:35 [trace] [system.db.CDbCommand] Querying SQL: SHOW CREATE TABLE `shipment`
2023/10/13 01:19:35 [trace] [system.db.CDbCommand] Querying SQL: SELECT * FROM `shipment` `t` WHERE `t`.`ref`=:yp0 LIMIT 1
2023/10/13 01:19:35 [trace] [system.db.ar.CActiveRecord] Addr.findByPk()
2023/10/13 01:19:35 [trace] [system.db.CDbCommand] Querying SQL: SHOW FULL COLUMNS FROM `addr`
2023/10/13 01:19:35 [trace] [system.db.CDbCommand] Querying SQL: SHOW CREATE TABLE `addr`
2023/10/13 01:19:35 [trace] [system.db.CDbCommand] Querying SQL: SELECT * FROM `addr` `t` WHERE `t`.`id`='142274923' LIMIT 1
2023/10/13 01:19:35 [trace] [system.db.ar.CActiveRecord] lazy loading ImParcel.cnee
2023/10/13 01:19:35 [trace] [system.db.CDbCommand] Querying SQL: SELECT `cnee`.`id` AS `t1_c0`, `cnee`.`owner_id` AS `t1_c1`, `cnee`.`cnid_id` AS `t1_c2`, `cnee`.`name` AS `t1_c3`, `cnee`.`company` AS `t1_c4`, `cnee`.`address` AS `t1_c5`, `cnee`.`suburb` AS `t1_c6`, `cnee`.`city` AS `t1_c7`, `cnee`.`state` AS `t1_c8`, `cnee`.`postcode` AS `t1_c9`, `cnee`.`country` AS `t1_c10`, `cnee`.`tel` AS `t1_c11`, `cnee`.`email` AS `t1_c12`, `cnee`.`acc` AS `t1_c13`, `cnee`.`cnid_no` AS `t1_c14` FROM `addr` `cnee`  WHERE (`cnee`.`id`=:ypl0)
2023/10/13 01:20:06 [trace] [system.db.CDbConnection] Opening DB connection
2023/10/13 01:20:08 [trace] [system.db.ar.CActiveRecord] Shipment.findByAttributes()
2023/10/13 01:20:08 [trace] [system.db.CDbCommand] Querying SQL: SHOW FULL COLUMNS FROM `shipment`
2023/10/13 01:20:08 [trace] [system.db.CDbCommand] Querying SQL: SHOW CREATE TABLE `shipment`
2023/10/13 01:20:08 [trace] [system.db.CDbCommand] Querying SQL: SELECT * FROM `shipment` `t` WHERE `t`.`ref`=:yp0 LIMIT 1
2023/10/13 01:20:08 [trace] [system.db.ar.CActiveRecord] Addr.findByPk()
2023/10/13 01:20:08 [trace] [system.db.CDbCommand] Querying SQL: SHOW FULL COLUMNS FROM `addr`
2023/10/13 01:20:08 [trace] [system.db.CDbCommand] Querying SQL: SHOW CREATE TABLE `addr`
2023/10/13 01:20:08 [trace] [system.db.CDbCommand] Querying SQL: SELECT * FROM `addr` `t` WHERE `t`.`id`='142274923' LIMIT 1
2023/10/13 01:20:08 [trace] [system.db.ar.CActiveRecord] lazy loading ImParcel.cnee
2023/10/13 01:20:08 [trace] [system.db.CDbCommand] Querying SQL: SELECT `cnee`.`id` AS `t1_c0`, `cnee`.`owner_id` AS `t1_c1`, `cnee`.`cnid_id` AS `t1_c2`, `cnee`.`name` AS `t1_c3`, `cnee`.`company` AS `t1_c4`, `cnee`.`address` AS `t1_c5`, `cnee`.`suburb` AS `t1_c6`, `cnee`.`city` AS `t1_c7`, `cnee`.`state` AS `t1_c8`, `cnee`.`postcode` AS `t1_c9`, `cnee`.`country` AS `t1_c10`, `cnee`.`tel` AS `t1_c11`, `cnee`.`email` AS `t1_c12`, `cnee`.`acc` AS `t1_c13`, `cnee`.`cnid_no` AS `t1_c14` FROM `addr` `cnee`  WHERE (`cnee`.`id`=:ypl0)
2023/10/13 01:26:36 [trace] [system.db.CDbConnection] Opening DB connection
2023/10/13 01:26:38 [trace] [system.db.ar.CActiveRecord] Shipment.findByAttributes()
2023/10/13 01:26:38 [trace] [system.db.CDbCommand] Querying SQL: SHOW FULL COLUMNS FROM `shipment`
2023/10/13 01:26:38 [trace] [system.db.CDbCommand] Querying SQL: SHOW CREATE TABLE `shipment`
2023/10/13 01:26:38 [trace] [system.db.CDbCommand] Querying SQL: SELECT * FROM `shipment` `t` WHERE `t`.`ref`=:yp0 LIMIT 1
2023/10/13 01:26:39 [trace] [system.db.ar.CActiveRecord] Addr.findByPk()
2023/10/13 01:26:39 [trace] [system.db.CDbCommand] Querying SQL: SHOW FULL COLUMNS FROM `addr`
2023/10/13 01:26:39 [trace] [system.db.CDbCommand] Querying SQL: SHOW CREATE TABLE `addr`
2023/10/13 01:26:39 [trace] [system.db.CDbCommand] Querying SQL: SELECT * FROM `addr` `t` WHERE `t`.`id`='142274923' LIMIT 1
2023/10/13 01:26:39 [trace] [system.db.ar.CActiveRecord] lazy loading ImParcel.cnee
2023/10/13 01:26:39 [trace] [system.db.CDbCommand] Querying SQL: SELECT `cnee`.`id` AS `t1_c0`, `cnee`.`owner_id` AS `t1_c1`, `cnee`.`cnid_id` AS `t1_c2`, `cnee`.`name` AS `t1_c3`, `cnee`.`company` AS `t1_c4`, `cnee`.`address` AS `t1_c5`, `cnee`.`suburb` AS `t1_c6`, `cnee`.`city` AS `t1_c7`, `cnee`.`state` AS `t1_c8`, `cnee`.`postcode` AS `t1_c9`, `cnee`.`country` AS `t1_c10`, `cnee`.`tel` AS `t1_c11`, `cnee`.`email` AS `t1_c12`, `cnee`.`acc` AS `t1_c13`, `cnee`.`cnid_no` AS `t1_c14` FROM `addr` `cnee`  WHERE (`cnee`.`id`=:ypl0)
2023/10/13 01:27:07 [trace] [system.db.CDbConnection] Opening DB connection
2023/10/13 01:27:09 [trace] [system.db.ar.CActiveRecord] Shipment.findByAttributes()
2023/10/13 01:27:09 [trace] [system.db.CDbCommand] Querying SQL: SHOW FULL COLUMNS FROM `shipment`
2023/10/13 01:27:09 [trace] [system.db.CDbCommand] Querying SQL: SHOW CREATE TABLE `shipment`
2023/10/13 01:27:09 [trace] [system.db.CDbCommand] Querying SQL: SELECT * FROM `shipment` `t` WHERE `t`.`ref`=:yp0 LIMIT 1
2023/10/13 01:27:09 [trace] [system.db.ar.CActiveRecord] Addr.findByPk()
2023/10/13 01:27:09 [trace] [system.db.CDbCommand] Querying SQL: SHOW FULL COLUMNS FROM `addr`
2023/10/13 01:27:09 [trace] [system.db.CDbCommand] Querying SQL: SHOW CREATE TABLE `addr`
2023/10/13 01:27:09 [trace] [system.db.CDbCommand] Querying SQL: SELECT * FROM `addr` `t` WHERE `t`.`id`='142274923' LIMIT 1
2023/10/13 01:27:09 [trace] [system.db.ar.CActiveRecord] lazy loading ImParcel.cnee
2023/10/13 01:27:09 [trace] [system.db.CDbCommand] Querying SQL: SELECT `cnee`.`id` AS `t1_c0`, `cnee`.`owner_id` AS `t1_c1`, `cnee`.`cnid_id` AS `t1_c2`, `cnee`.`name` AS `t1_c3`, `cnee`.`company` AS `t1_c4`, `cnee`.`address` AS `t1_c5`, `cnee`.`suburb` AS `t1_c6`, `cnee`.`city` AS `t1_c7`, `cnee`.`state` AS `t1_c8`, `cnee`.`postcode` AS `t1_c9`, `cnee`.`country` AS `t1_c10`, `cnee`.`tel` AS `t1_c11`, `cnee`.`email` AS `t1_c12`, `cnee`.`acc` AS `t1_c13`, `cnee`.`cnid_no` AS `t1_c14` FROM `addr` `cnee`  WHERE (`cnee`.`id`=:ypl0)
2023/10/13 01:31:32 [trace] [system.db.CDbConnection] Opening DB connection
2023/10/13 01:31:34 [trace] [system.db.ar.CActiveRecord] Shipment.findByAttributes()
2023/10/13 01:31:34 [trace] [system.db.CDbCommand] Querying SQL: SHOW FULL COLUMNS FROM `shipment`
2023/10/13 01:31:34 [trace] [system.db.CDbCommand] Querying SQL: SHOW CREATE TABLE `shipment`
2023/10/13 01:31:34 [trace] [system.db.CDbCommand] Querying SQL: SELECT * FROM `shipment` `t` WHERE `t`.`ref`=:yp0 LIMIT 1
2023/10/13 01:31:34 [trace] [system.db.ar.CActiveRecord] Addr.findByPk()
2023/10/13 01:31:34 [trace] [system.db.CDbCommand] Querying SQL: SHOW FULL COLUMNS FROM `addr`
2023/10/13 01:31:34 [trace] [system.db.CDbCommand] Querying SQL: SHOW CREATE TABLE `addr`
2023/10/13 01:31:34 [trace] [system.db.CDbCommand] Querying SQL: SELECT * FROM `addr` `t` WHERE `t`.`id`='142274923' LIMIT 1
2023/10/13 01:31:34 [trace] [system.db.ar.CActiveRecord] lazy loading ImParcel.cnee
2023/10/13 01:31:34 [trace] [system.db.CDbCommand] Querying SQL: SELECT `cnee`.`id` AS `t1_c0`, `cnee`.`owner_id` AS `t1_c1`, `cnee`.`cnid_id` AS `t1_c2`, `cnee`.`name` AS `t1_c3`, `cnee`.`company` AS `t1_c4`, `cnee`.`address` AS `t1_c5`, `cnee`.`suburb` AS `t1_c6`, `cnee`.`city` AS `t1_c7`, `cnee`.`state` AS `t1_c8`, `cnee`.`postcode` AS `t1_c9`, `cnee`.`country` AS `t1_c10`, `cnee`.`tel` AS `t1_c11`, `cnee`.`email` AS `t1_c12`, `cnee`.`acc` AS `t1_c13`, `cnee`.`cnid_no` AS `t1_c14` FROM `addr` `cnee`  WHERE (`cnee`.`id`=:ypl0)
2023/10/13 01:32:22 [trace] [system.db.CDbConnection] Opening DB connection
2023/10/13 01:32:24 [trace] [system.db.ar.CActiveRecord] Shipment.findByAttributes()
2023/10/13 01:32:24 [trace] [system.db.CDbCommand] Querying SQL: SHOW FULL COLUMNS FROM `shipment`
2023/10/13 01:32:24 [trace] [system.db.CDbCommand] Querying SQL: SHOW CREATE TABLE `shipment`
2023/10/13 01:32:24 [trace] [system.db.CDbCommand] Querying SQL: SELECT * FROM `shipment` `t` WHERE `t`.`ref`=:yp0 LIMIT 1
2023/10/13 01:32:24 [trace] [system.db.ar.CActiveRecord] Addr.findByPk()
2023/10/13 01:32:24 [trace] [system.db.CDbCommand] Querying SQL: SHOW FULL COLUMNS FROM `addr`
2023/10/13 01:32:24 [trace] [system.db.CDbCommand] Querying SQL: SHOW CREATE TABLE `addr`
2023/10/13 01:32:24 [trace] [system.db.CDbCommand] Querying SQL: SELECT * FROM `addr` `t` WHERE `t`.`id`='142274923' LIMIT 1
2023/10/13 01:32:24 [trace] [system.db.ar.CActiveRecord] lazy loading ImParcel.cnee
2023/10/13 01:32:24 [trace] [system.db.CDbCommand] Querying SQL: SELECT `cnee`.`id` AS `t1_c0`, `cnee`.`owner_id` AS `t1_c1`, `cnee`.`cnid_id` AS `t1_c2`, `cnee`.`name` AS `t1_c3`, `cnee`.`company` AS `t1_c4`, `cnee`.`address` AS `t1_c5`, `cnee`.`suburb` AS `t1_c6`, `cnee`.`city` AS `t1_c7`, `cnee`.`state` AS `t1_c8`, `cnee`.`postcode` AS `t1_c9`, `cnee`.`country` AS `t1_c10`, `cnee`.`tel` AS `t1_c11`, `cnee`.`email` AS `t1_c12`, `cnee`.`acc` AS `t1_c13`, `cnee`.`cnid_no` AS `t1_c14` FROM `addr` `cnee`  WHERE (`cnee`.`id`=:ypl0)
2023/10/13 01:33:07 [trace] [system.db.CDbConnection] Opening DB connection
2023/10/13 01:33:09 [trace] [system.db.ar.CActiveRecord] Shipment.findByAttributes()
2023/10/13 01:33:09 [trace] [system.db.CDbCommand] Querying SQL: SHOW FULL COLUMNS FROM `shipment`
2023/10/13 01:33:09 [trace] [system.db.CDbCommand] Querying SQL: SHOW CREATE TABLE `shipment`
2023/10/13 01:33:09 [trace] [system.db.CDbCommand] Querying SQL: SELECT * FROM `shipment` `t` WHERE `t`.`ref`=:yp0 LIMIT 1
2023/10/13 01:33:09 [trace] [system.db.ar.CActiveRecord] Addr.findByPk()
2023/10/13 01:33:09 [trace] [system.db.CDbCommand] Querying SQL: SHOW FULL COLUMNS FROM `addr`
2023/10/13 01:33:09 [trace] [system.db.CDbCommand] Querying SQL: SHOW CREATE TABLE `addr`
2023/10/13 01:33:09 [trace] [system.db.CDbCommand] Querying SQL: SELECT * FROM `addr` `t` WHERE `t`.`id`='142274923' LIMIT 1
2023/10/13 01:33:09 [trace] [system.db.ar.CActiveRecord] lazy loading ImParcel.cnee
2023/10/13 01:33:09 [trace] [system.db.CDbCommand] Querying SQL: SELECT `cnee`.`id` AS `t1_c0`, `cnee`.`owner_id` AS `t1_c1`, `cnee`.`cnid_id` AS `t1_c2`, `cnee`.`name` AS `t1_c3`, `cnee`.`company` AS `t1_c4`, `cnee`.`address` AS `t1_c5`, `cnee`.`suburb` AS `t1_c6`, `cnee`.`city` AS `t1_c7`, `cnee`.`state` AS `t1_c8`, `cnee`.`postcode` AS `t1_c9`, `cnee`.`country` AS `t1_c10`, `cnee`.`tel` AS `t1_c11`, `cnee`.`email` AS `t1_c12`, `cnee`.`acc` AS `t1_c13`, `cnee`.`cnid_no` AS `t1_c14` FROM `addr` `cnee`  WHERE (`cnee`.`id`=:ypl0)
2023/10/13 01:38:28 [trace] [system.db.CDbConnection] Opening DB connection
2023/10/13 01:38:30 [trace] [system.db.ar.CActiveRecord] Shipment.findByAttributes()
2023/10/13 01:38:30 [trace] [system.db.CDbCommand] Querying SQL: SHOW FULL COLUMNS FROM `shipment`
2023/10/13 01:38:30 [trace] [system.db.CDbCommand] Querying SQL: SHOW CREATE TABLE `shipment`
2023/10/13 01:38:30 [trace] [system.db.CDbCommand] Querying SQL: SELECT * FROM `shipment` `t` WHERE `t`.`ref`=:yp0 LIMIT 1
2023/10/13 01:38:30 [trace] [system.db.ar.CActiveRecord] Addr.findByPk()
2023/10/13 01:38:30 [trace] [system.db.CDbCommand] Querying SQL: SHOW FULL COLUMNS FROM `addr`
2023/10/13 01:38:30 [trace] [system.db.CDbCommand] Querying SQL: SHOW CREATE TABLE `addr`
2023/10/13 01:38:30 [trace] [system.db.CDbCommand] Querying SQL: SELECT * FROM `addr` `t` WHERE `t`.`id`='142274923' LIMIT 1
2023/10/13 01:38:30 [trace] [system.db.ar.CActiveRecord] lazy loading ImParcel.cnee
2023/10/13 01:38:30 [trace] [system.db.CDbCommand] Querying SQL: SELECT `cnee`.`id` AS `t1_c0`, `cnee`.`owner_id` AS `t1_c1`, `cnee`.`cnid_id` AS `t1_c2`, `cnee`.`name` AS `t1_c3`, `cnee`.`company` AS `t1_c4`, `cnee`.`address` AS `t1_c5`, `cnee`.`suburb` AS `t1_c6`, `cnee`.`city` AS `t1_c7`, `cnee`.`state` AS `t1_c8`, `cnee`.`postcode` AS `t1_c9`, `cnee`.`country` AS `t1_c10`, `cnee`.`tel` AS `t1_c11`, `cnee`.`email` AS `t1_c12`, `cnee`.`acc` AS `t1_c13`, `cnee`.`cnid_no` AS `t1_c14` FROM `addr` `cnee`  WHERE (`cnee`.`id`=:ypl0)
2023/10/13 01:51:43 [trace] [system.db.CDbConnection] Opening DB connection
2023/10/13 01:51:45 [trace] [system.db.ar.CActiveRecord] Shipment.findByAttributes()
2023/10/13 01:51:45 [trace] [system.db.CDbCommand] Querying SQL: SHOW FULL COLUMNS FROM `shipment`
2023/10/13 01:51:45 [trace] [system.db.CDbCommand] Querying SQL: SHOW CREATE TABLE `shipment`
2023/10/13 01:51:45 [trace] [system.db.CDbCommand] Querying SQL: SELECT * FROM `shipment` `t` WHERE `t`.`ref`=:yp0 LIMIT 1
2023/10/13 01:51:45 [trace] [system.db.ar.CActiveRecord] Addr.findByPk()
2023/10/13 01:51:45 [trace] [system.db.CDbCommand] Querying SQL: SHOW FULL COLUMNS FROM `addr`
2023/10/13 01:51:45 [trace] [system.db.CDbCommand] Querying SQL: SHOW CREATE TABLE `addr`
2023/10/13 01:51:45 [trace] [system.db.CDbCommand] Querying SQL: SELECT * FROM `addr` `t` WHERE `t`.`id`='142274923' LIMIT 1
2023/10/13 01:51:45 [trace] [system.db.ar.CActiveRecord] lazy loading ImParcel.cnee
2023/10/13 01:51:45 [trace] [system.db.CDbCommand] Querying SQL: SELECT `cnee`.`id` AS `t1_c0`, `cnee`.`owner_id` AS `t1_c1`, `cnee`.`cnid_id` AS `t1_c2`, `cnee`.`name` AS `t1_c3`, `cnee`.`company` AS `t1_c4`, `cnee`.`address` AS `t1_c5`, `cnee`.`suburb` AS `t1_c6`, `cnee`.`city` AS `t1_c7`, `cnee`.`state` AS `t1_c8`, `cnee`.`postcode` AS `t1_c9`, `cnee`.`country` AS `t1_c10`, `cnee`.`tel` AS `t1_c11`, `cnee`.`email` AS `t1_c12`, `cnee`.`acc` AS `t1_c13`, `cnee`.`cnid_no` AS `t1_c14` FROM `addr` `cnee`  WHERE (`cnee`.`id`=:ypl0)
2023/10/13 01:55:25 [trace] [system.db.CDbConnection] Opening DB connection
2023/10/13 01:55:27 [trace] [system.db.ar.CActiveRecord] Shipment.findByAttributes()
2023/10/13 01:55:27 [trace] [system.db.CDbCommand] Querying SQL: SHOW FULL COLUMNS FROM `shipment`
2023/10/13 01:55:27 [trace] [system.db.CDbCommand] Querying SQL: SHOW CREATE TABLE `shipment`
2023/10/13 01:55:27 [trace] [system.db.CDbCommand] Querying SQL: SELECT * FROM `shipment` `t` WHERE `t`.`ref`=:yp0 LIMIT 1
2023/10/13 01:55:27 [trace] [system.db.ar.CActiveRecord] Addr.findByPk()
2023/10/13 01:55:27 [trace] [system.db.CDbCommand] Querying SQL: SHOW FULL COLUMNS FROM `addr`
2023/10/13 01:55:27 [trace] [system.db.CDbCommand] Querying SQL: SHOW CREATE TABLE `addr`
2023/10/13 01:55:27 [trace] [system.db.CDbCommand] Querying SQL: SELECT * FROM `addr` `t` WHERE `t`.`id`='142274923' LIMIT 1
2023/10/13 01:55:27 [trace] [system.db.ar.CActiveRecord] lazy loading ImParcel.cnee
2023/10/13 01:55:27 [trace] [system.db.CDbCommand] Querying SQL: SELECT `cnee`.`id` AS `t1_c0`, `cnee`.`owner_id` AS `t1_c1`, `cnee`.`cnid_id` AS `t1_c2`, `cnee`.`name` AS `t1_c3`, `cnee`.`company` AS `t1_c4`, `cnee`.`address` AS `t1_c5`, `cnee`.`suburb` AS `t1_c6`, `cnee`.`city` AS `t1_c7`, `cnee`.`state` AS `t1_c8`, `cnee`.`postcode` AS `t1_c9`, `cnee`.`country` AS `t1_c10`, `cnee`.`tel` AS `t1_c11`, `cnee`.`email` AS `t1_c12`, `cnee`.`acc` AS `t1_c13`, `cnee`.`cnid_no` AS `t1_c14` FROM `addr` `cnee`  WHERE (`cnee`.`id`=:ypl0)
2023/10/13 01:58:27 [trace] [system.db.CDbConnection] Opening DB connection
2023/10/13 01:58:29 [trace] [system.db.ar.CActiveRecord] Shipment.findByAttributes()
2023/10/13 01:58:29 [trace] [system.db.CDbCommand] Querying SQL: SHOW FULL COLUMNS FROM `shipment`
2023/10/13 01:58:29 [trace] [system.db.CDbCommand] Querying SQL: SHOW CREATE TABLE `shipment`
2023/10/13 01:58:30 [trace] [system.db.CDbCommand] Querying SQL: SELECT * FROM `shipment` `t` WHERE `t`.`ref`=:yp0 LIMIT 1
2023/10/13 01:58:30 [trace] [system.db.ar.CActiveRecord] Addr.findByPk()
2023/10/13 01:58:30 [trace] [system.db.CDbCommand] Querying SQL: SHOW FULL COLUMNS FROM `addr`
2023/10/13 01:58:30 [trace] [system.db.CDbCommand] Querying SQL: SHOW CREATE TABLE `addr`
2023/10/13 01:58:30 [trace] [system.db.CDbCommand] Querying SQL: SELECT * FROM `addr` `t` WHERE `t`.`id`='142274923' LIMIT 1
2023/10/13 01:58:30 [trace] [system.db.ar.CActiveRecord] lazy loading ImParcel.cnee
2023/10/13 01:58:30 [trace] [system.db.CDbCommand] Querying SQL: SELECT `cnee`.`id` AS `t1_c0`, `cnee`.`owner_id` AS `t1_c1`, `cnee`.`cnid_id` AS `t1_c2`, `cnee`.`name` AS `t1_c3`, `cnee`.`company` AS `t1_c4`, `cnee`.`address` AS `t1_c5`, `cnee`.`suburb` AS `t1_c6`, `cnee`.`city` AS `t1_c7`, `cnee`.`state` AS `t1_c8`, `cnee`.`postcode` AS `t1_c9`, `cnee`.`country` AS `t1_c10`, `cnee`.`tel` AS `t1_c11`, `cnee`.`email` AS `t1_c12`, `cnee`.`acc` AS `t1_c13`, `cnee`.`cnid_no` AS `t1_c14` FROM `addr` `cnee`  WHERE (`cnee`.`id`=:ypl0)
2023/10/13 06:13:17 [trace] [system.db.CDbConnection] Opening DB connection
2023/10/13 06:13:19 [trace] [system.db.ar.CActiveRecord] Shipment.findByAttributes()
2023/10/13 06:13:19 [trace] [system.db.CDbCommand] Querying SQL: SHOW FULL COLUMNS FROM `shipment`
2023/10/13 06:13:20 [trace] [system.db.CDbCommand] Querying SQL: SHOW CREATE TABLE `shipment`
2023/10/13 06:13:20 [trace] [system.db.CDbCommand] Querying SQL: SELECT * FROM `shipment` `t` WHERE `t`.`ref`=:yp0 LIMIT 1
2023/10/13 06:13:20 [trace] [system.db.ar.CActiveRecord] Addr.findByPk()
2023/10/13 06:13:20 [trace] [system.db.CDbCommand] Querying SQL: SHOW FULL COLUMNS FROM `addr`
2023/10/13 06:13:20 [trace] [system.db.CDbCommand] Querying SQL: SHOW CREATE TABLE `addr`
2023/10/13 06:13:20 [trace] [system.db.CDbCommand] Querying SQL: SELECT * FROM `addr` `t` WHERE `t`.`id`='142274923' LIMIT 1
2023/10/13 06:13:20 [trace] [system.db.ar.CActiveRecord] lazy loading ImParcel.cnee
2023/10/13 06:13:20 [trace] [system.db.CDbCommand] Querying SQL: SELECT `cnee`.`id` AS `t1_c0`, `cnee`.`owner_id` AS `t1_c1`, `cnee`.`cnid_id` AS `t1_c2`, `cnee`.`name` AS `t1_c3`, `cnee`.`company` AS `t1_c4`, `cnee`.`address` AS `t1_c5`, `cnee`.`suburb` AS `t1_c6`, `cnee`.`city` AS `t1_c7`, `cnee`.`state` AS `t1_c8`, `cnee`.`postcode` AS `t1_c9`, `cnee`.`country` AS `t1_c10`, `cnee`.`tel` AS `t1_c11`, `cnee`.`email` AS `t1_c12`, `cnee`.`acc` AS `t1_c13`, `cnee`.`cnid_no` AS `t1_c14` FROM `addr` `cnee`  WHERE (`cnee`.`id`=:ypl0)
2023/10/13 09:35:36 [trace] [system.db.CDbConnection] Opening DB connection
2023/10/13 09:35:38 [trace] [system.db.ar.CActiveRecord] Shipment.findByAttributes()
2023/10/13 09:35:38 [trace] [system.db.CDbCommand] Querying SQL: SHOW FULL COLUMNS FROM `shipment`
2023/10/13 09:35:38 [trace] [system.db.CDbCommand] Querying SQL: SHOW CREATE TABLE `shipment`
2023/10/13 09:35:38 [trace] [system.db.CDbCommand] Querying SQL: SELECT * FROM `shipment` `t` WHERE `t`.`hbn`=:yp0 LIMIT 1
2023/10/13 09:35:38 [trace] [system.db.ar.CActiveRecord] Addr.findByPk()
2023/10/13 09:35:38 [trace] [system.db.CDbCommand] Querying SQL: SHOW FULL COLUMNS FROM `addr`
2023/10/13 09:35:38 [trace] [system.db.CDbCommand] Querying SQL: SHOW CREATE TABLE `addr`
2023/10/13 09:35:38 [trace] [system.db.CDbCommand] Querying SQL: SELECT * FROM `addr` `t` WHERE `t`.`id`='142274923' LIMIT 1
2023/10/13 09:35:38 [trace] [system.db.ar.CActiveRecord] lazy loading ImParcel.cnee
2023/10/13 09:35:38 [trace] [system.db.CDbCommand] Querying SQL: SELECT `cnee`.`id` AS `t1_c0`, `cnee`.`owner_id` AS `t1_c1`, `cnee`.`cnid_id` AS `t1_c2`, `cnee`.`name` AS `t1_c3`, `cnee`.`company` AS `t1_c4`, `cnee`.`address` AS `t1_c5`, `cnee`.`suburb` AS `t1_c6`, `cnee`.`city` AS `t1_c7`, `cnee`.`state` AS `t1_c8`, `cnee`.`postcode` AS `t1_c9`, `cnee`.`country` AS `t1_c10`, `cnee`.`tel` AS `t1_c11`, `cnee`.`email` AS `t1_c12`, `cnee`.`acc` AS `t1_c13`, `cnee`.`cnid_no` AS `t1_c14` FROM `addr` `cnee`  WHERE (`cnee`.`id`=:ypl0)
2023/10/13 09:35:45 [trace] [system.db.CDbConnection] Opening DB connection
2023/10/13 09:35:47 [trace] [system.db.ar.CActiveRecord] Shipment.findByAttributes()
2023/10/13 09:35:47 [trace] [system.db.CDbCommand] Querying SQL: SHOW FULL COLUMNS FROM `shipment`
2023/10/13 09:35:47 [trace] [system.db.CDbCommand] Querying SQL: SHOW CREATE TABLE `shipment`
2023/10/13 09:35:47 [trace] [system.db.CDbCommand] Querying SQL: SELECT * FROM `shipment` `t` WHERE `t`.`hbn`=:yp0 LIMIT 1
2023/10/13 09:35:47 [trace] [system.db.ar.CActiveRecord] Addr.findByPk()
2023/10/13 09:35:47 [trace] [system.db.CDbCommand] Querying SQL: SHOW FULL COLUMNS FROM `addr`
2023/10/13 09:35:47 [trace] [system.db.CDbCommand] Querying SQL: SHOW CREATE TABLE `addr`
2023/10/13 09:35:47 [trace] [system.db.CDbCommand] Querying SQL: SELECT * FROM `addr` `t` WHERE `t`.`id`='142274923' LIMIT 1
2023/10/13 09:35:47 [trace] [system.db.ar.CActiveRecord] lazy loading ImParcel.cnee
2023/10/13 09:35:47 [trace] [system.db.CDbCommand] Querying SQL: SELECT `cnee`.`id` AS `t1_c0`, `cnee`.`owner_id` AS `t1_c1`, `cnee`.`cnid_id` AS `t1_c2`, `cnee`.`name` AS `t1_c3`, `cnee`.`company` AS `t1_c4`, `cnee`.`address` AS `t1_c5`, `cnee`.`suburb` AS `t1_c6`, `cnee`.`city` AS `t1_c7`, `cnee`.`state` AS `t1_c8`, `cnee`.`postcode` AS `t1_c9`, `cnee`.`country` AS `t1_c10`, `cnee`.`tel` AS `t1_c11`, `cnee`.`email` AS `t1_c12`, `cnee`.`acc` AS `t1_c13`, `cnee`.`cnid_no` AS `t1_c14` FROM `addr` `cnee`  WHERE (`cnee`.`id`=:ypl0)
2023/10/13 09:39:12 [trace] [system.db.CDbConnection] Opening DB connection
2023/10/13 09:39:14 [trace] [system.db.ar.CActiveRecord] Shipment.findByAttributes()
2023/10/13 09:39:14 [trace] [system.db.CDbCommand] Querying SQL: SHOW FULL COLUMNS FROM `shipment`
2023/10/13 09:39:14 [trace] [system.db.CDbCommand] Querying SQL: SHOW CREATE TABLE `shipment`
2023/10/13 09:39:14 [trace] [system.db.CDbCommand] Querying SQL: SELECT * FROM `shipment` `t` WHERE `t`.`hbn`=:yp0 LIMIT 1
2023/10/13 09:39:14 [trace] [system.db.ar.CActiveRecord] Addr.findByPk()
2023/10/13 09:39:14 [trace] [system.db.CDbCommand] Querying SQL: SHOW FULL COLUMNS FROM `addr`
2023/10/13 09:39:14 [trace] [system.db.CDbCommand] Querying SQL: SHOW CREATE TABLE `addr`
2023/10/13 09:39:14 [trace] [system.db.CDbCommand] Querying SQL: SELECT * FROM `addr` `t` WHERE `t`.`id`='142274923' LIMIT 1
2023/10/13 09:39:14 [trace] [system.db.ar.CActiveRecord] lazy loading ImParcel.cnee
2023/10/13 09:39:14 [trace] [system.db.CDbCommand] Querying SQL: SELECT `cnee`.`id` AS `t1_c0`, `cnee`.`owner_id` AS `t1_c1`, `cnee`.`cnid_id` AS `t1_c2`, `cnee`.`name` AS `t1_c3`, `cnee`.`company` AS `t1_c4`, `cnee`.`address` AS `t1_c5`, `cnee`.`suburb` AS `t1_c6`, `cnee`.`city` AS `t1_c7`, `cnee`.`state` AS `t1_c8`, `cnee`.`postcode` AS `t1_c9`, `cnee`.`country` AS `t1_c10`, `cnee`.`tel` AS `t1_c11`, `cnee`.`email` AS `t1_c12`, `cnee`.`acc` AS `t1_c13`, `cnee`.`cnid_no` AS `t1_c14` FROM `addr` `cnee`  WHERE (`cnee`.`id`=:ypl0)
2023/10/13 09:39:18 [trace] [system.db.CDbConnection] Opening DB connection
2023/10/13 09:39:20 [trace] [system.db.ar.CActiveRecord] Shipment.findByAttributes()
2023/10/13 09:39:20 [trace] [system.db.CDbCommand] Querying SQL: SHOW FULL COLUMNS FROM `shipment`
2023/10/13 09:39:20 [trace] [system.db.CDbCommand] Querying SQL: SHOW CREATE TABLE `shipment`
2023/10/13 09:39:20 [trace] [system.db.CDbCommand] Querying SQL: SELECT * FROM `shipment` `t` WHERE `t`.`hbn`=:yp0 LIMIT 1
2023/10/13 09:39:20 [trace] [system.db.ar.CActiveRecord] Addr.findByPk()
2023/10/13 09:39:20 [trace] [system.db.CDbCommand] Querying SQL: SHOW FULL COLUMNS FROM `addr`
2023/10/13 09:39:20 [trace] [system.db.CDbCommand] Querying SQL: SHOW CREATE TABLE `addr`
2023/10/13 09:39:20 [trace] [system.db.CDbCommand] Querying SQL: SELECT * FROM `addr` `t` WHERE `t`.`id`='142274923' LIMIT 1
2023/10/13 09:39:20 [trace] [system.db.ar.CActiveRecord] lazy loading ImParcel.cnee
2023/10/13 09:39:20 [trace] [system.db.CDbCommand] Querying SQL: SELECT `cnee`.`id` AS `t1_c0`, `cnee`.`owner_id` AS `t1_c1`, `cnee`.`cnid_id` AS `t1_c2`, `cnee`.`name` AS `t1_c3`, `cnee`.`company` AS `t1_c4`, `cnee`.`address` AS `t1_c5`, `cnee`.`suburb` AS `t1_c6`, `cnee`.`city` AS `t1_c7`, `cnee`.`state` AS `t1_c8`, `cnee`.`postcode` AS `t1_c9`, `cnee`.`country` AS `t1_c10`, `cnee`.`tel` AS `t1_c11`, `cnee`.`email` AS `t1_c12`, `cnee`.`acc` AS `t1_c13`, `cnee`.`cnid_no` AS `t1_c14` FROM `addr` `cnee`  WHERE (`cnee`.`id`=:ypl0)
2023/10/13 09:41:08 [trace] [system.db.CDbConnection] Opening DB connection
2023/10/13 09:41:10 [trace] [system.db.ar.CActiveRecord] Shipment.findByAttributes()
2023/10/13 09:41:10 [trace] [system.db.CDbCommand] Querying SQL: SHOW FULL COLUMNS FROM `shipment`
2023/10/13 09:41:10 [trace] [system.db.CDbCommand] Querying SQL: SHOW CREATE TABLE `shipment`
2023/10/13 09:41:10 [trace] [system.db.CDbCommand] Querying SQL: SELECT * FROM `shipment` `t` WHERE `t`.`hbn`=:yp0 LIMIT 1
2023/10/13 09:41:11 [trace] [system.db.ar.CActiveRecord] Addr.findByPk()
2023/10/13 09:41:11 [trace] [system.db.CDbCommand] Querying SQL: SHOW FULL COLUMNS FROM `addr`
2023/10/13 09:41:11 [trace] [system.db.CDbCommand] Querying SQL: SHOW CREATE TABLE `addr`
2023/10/13 09:41:11 [trace] [system.db.CDbCommand] Querying SQL: SELECT * FROM `addr` `t` WHERE `t`.`id`='142274923' LIMIT 1
2023/10/13 09:41:11 [trace] [system.db.ar.CActiveRecord] lazy loading ImParcel.cnee
2023/10/13 09:41:11 [trace] [system.db.CDbCommand] Querying SQL: SELECT `cnee`.`id` AS `t1_c0`, `cnee`.`owner_id` AS `t1_c1`, `cnee`.`cnid_id` AS `t1_c2`, `cnee`.`name` AS `t1_c3`, `cnee`.`company` AS `t1_c4`, `cnee`.`address` AS `t1_c5`, `cnee`.`suburb` AS `t1_c6`, `cnee`.`city` AS `t1_c7`, `cnee`.`state` AS `t1_c8`, `cnee`.`postcode` AS `t1_c9`, `cnee`.`country` AS `t1_c10`, `cnee`.`tel` AS `t1_c11`, `cnee`.`email` AS `t1_c12`, `cnee`.`acc` AS `t1_c13`, `cnee`.`cnid_no` AS `t1_c14` FROM `addr` `cnee`  WHERE (`cnee`.`id`=:ypl0)
2023/10/13 09:43:41 [trace] [system.db.CDbConnection] Opening DB connection
2023/10/13 09:43:43 [trace] [system.db.ar.CActiveRecord] Shipment.findByAttributes()
2023/10/13 09:43:43 [trace] [system.db.CDbCommand] Querying SQL: SHOW FULL COLUMNS FROM `shipment`
2023/10/13 09:43:43 [trace] [system.db.CDbCommand] Querying SQL: SHOW CREATE TABLE `shipment`
2023/10/13 09:43:43 [trace] [system.db.CDbCommand] Querying SQL: SELECT * FROM `shipment` `t` WHERE `t`.`hbn`=:yp0 LIMIT 1
2023/10/13 09:43:43 [trace] [system.db.ar.CActiveRecord] Addr.findByPk()
2023/10/13 09:43:43 [trace] [system.db.CDbCommand] Querying SQL: SHOW FULL COLUMNS FROM `addr`
2023/10/13 09:43:43 [trace] [system.db.CDbCommand] Querying SQL: SHOW CREATE TABLE `addr`
2023/10/13 09:43:43 [trace] [system.db.CDbCommand] Querying SQL: SELECT * FROM `addr` `t` WHERE `t`.`id`='142274923' LIMIT 1
2023/10/13 09:43:43 [trace] [system.db.ar.CActiveRecord] lazy loading ImParcel.cnee
2023/10/13 09:43:43 [trace] [system.db.CDbCommand] Querying SQL: SELECT `cnee`.`id` AS `t1_c0`, `cnee`.`owner_id` AS `t1_c1`, `cnee`.`cnid_id` AS `t1_c2`, `cnee`.`name` AS `t1_c3`, `cnee`.`company` AS `t1_c4`, `cnee`.`address` AS `t1_c5`, `cnee`.`suburb` AS `t1_c6`, `cnee`.`city` AS `t1_c7`, `cnee`.`state` AS `t1_c8`, `cnee`.`postcode` AS `t1_c9`, `cnee`.`country` AS `t1_c10`, `cnee`.`tel` AS `t1_c11`, `cnee`.`email` AS `t1_c12`, `cnee`.`acc` AS `t1_c13`, `cnee`.`cnid_no` AS `t1_c14` FROM `addr` `cnee`  WHERE (`cnee`.`id`=:ypl0)
2023/10/16 08:56:13 [trace] [system.db.CDbConnection] Opening DB connection
2023/10/16 08:56:13 [trace] [system.db.CDbCommand] Querying SQL: SHOW FULL COLUMNS FROM `shipment`
2023/10/16 08:56:13 [trace] [system.db.CDbCommand] Querying SQL: SHOW CREATE TABLE `shipment`
2023/10/16 08:56:13 [trace] [system.db.ar.CActiveRecord] ImParcel.findAll()
2023/10/16 08:56:13 [trace] [system.db.CDbCommand] Querying SQL: SELECT * FROM `shipment` `t` WHERE (`t`.`type`=10) AND (ref="TCN1474028174")
2023/10/16 08:57:24 [trace] [system.db.CDbConnection] Opening DB connection
2023/10/16 08:57:24 [trace] [system.db.CDbCommand] Querying SQL: SHOW FULL COLUMNS FROM `shipment`
2023/10/16 08:57:24 [trace] [system.db.CDbCommand] Querying SQL: SHOW CREATE TABLE `shipment`
2023/10/16 08:57:24 [trace] [system.db.ar.CActiveRecord] ImParcel.findAll()
2023/10/16 08:57:24 [trace] [system.db.CDbCommand] Querying SQL: SELECT * FROM `shipment` `t` WHERE (`t`.`type`=10) AND (ref="TCN1474028174")
2023/10/16 09:02:52 [trace] [system.db.CDbConnection] Opening DB connection
2023/10/16 09:02:54 [trace] [system.db.ar.CActiveRecord] Shipment.findByAttributes()
2023/10/16 09:02:54 [trace] [system.db.CDbCommand] Querying SQL: SHOW FULL COLUMNS FROM `shipment`
2023/10/16 09:02:54 [trace] [system.db.CDbCommand] Querying SQL: SHOW CREATE TABLE `shipment`
2023/10/16 09:02:54 [trace] [system.db.CDbCommand] Querying SQL: SELECT * FROM `shipment` `t` WHERE `t`.`ref`=:yp0 LIMIT 1
2023/10/16 09:02:54 [trace] [system.db.ar.CActiveRecord] Addr.findByPk()
2023/10/16 09:02:54 [trace] [system.db.CDbCommand] Querying SQL: SHOW FULL COLUMNS FROM `addr`
2023/10/16 09:02:54 [trace] [system.db.CDbCommand] Querying SQL: SHOW CREATE TABLE `addr`
2023/10/16 09:02:54 [trace] [system.db.CDbCommand] Querying SQL: SELECT * FROM `addr` `t` WHERE `t`.`id`='142274923' LIMIT 1
2023/10/16 09:02:54 [trace] [system.db.ar.CActiveRecord] lazy loading ImParcel.cnee
2023/10/16 09:02:54 [trace] [system.db.CDbCommand] Querying SQL: SELECT `cnee`.`id` AS `t1_c0`, `cnee`.`owner_id` AS `t1_c1`, `cnee`.`cnid_id` AS `t1_c2`, `cnee`.`name` AS `t1_c3`, `cnee`.`company` AS `t1_c4`, `cnee`.`address` AS `t1_c5`, `cnee`.`suburb` AS `t1_c6`, `cnee`.`city` AS `t1_c7`, `cnee`.`state` AS `t1_c8`, `cnee`.`postcode` AS `t1_c9`, `cnee`.`country` AS `t1_c10`, `cnee`.`tel` AS `t1_c11`, `cnee`.`email` AS `t1_c12`, `cnee`.`acc` AS `t1_c13`, `cnee`.`cnid_no` AS `t1_c14` FROM `addr` `cnee`  WHERE (`cnee`.`id`=:ypl0)
2023/10/16 09:06:35 [trace] [system.db.CDbConnection] Opening DB connection
2023/10/16 09:06:35 [trace] [system.db.CDbCommand] Querying SQL: SHOW FULL COLUMNS FROM `shipment`
2023/10/16 09:06:35 [trace] [system.db.CDbCommand] Querying SQL: SHOW CREATE TABLE `shipment`
2023/10/16 09:06:35 [trace] [system.db.ar.CActiveRecord] ImParcel.findAll()
2023/10/16 09:06:35 [trace] [system.db.CDbCommand] Querying SQL: SELECT * FROM `shipment` `t` WHERE (`t`.`type`=10) AND (ref="3981016230186")
2023/10/16 09:06:35 [trace] [system.db.ar.CActiveRecord] lazy loading ImParcel.trans
2023/10/16 09:06:35 [trace] [system.db.CDbCommand] Querying SQL: SHOW FULL COLUMNS FROM `tranship`
2023/10/16 09:06:35 [trace] [system.db.CDbCommand] Querying SQL: SHOW CREATE TABLE `tranship`
2023/10/16 09:06:35 [trace] [system.db.CDbCommand] Querying SQL: SELECT `trans`.`id` AS `t1_c0`, `trans`.`pid` AS `t1_c1`, `trans`.`org_id` AS `t1_c2`, `trans`.`man_id` AS `t1_c3`, `trans`.`connote` AS `t1_c4`, `trans`.`time` AS `t1_c5`, `trans`.`type` AS `t1_c6`, `trans`.`status` AS `t1_c7`, `trans`.`meta` AS `t1_c8`, `trans`.`cost` AS `t1_c9` FROM `tranship` `trans`  WHERE (`trans`.`pid`=:ypl0)
2023/10/16 09:06:35 [trace] [system.db.ar.CActiveRecord] OrgRate.findByPk()
2023/10/16 09:06:35 [trace] [system.db.CDbCommand] Querying SQL: SHOW FULL COLUMNS FROM `org_rate`
2023/10/16 09:06:35 [trace] [system.db.CDbCommand] Querying SQL: SHOW CREATE TABLE `org_rate`
2023/10/16 09:06:35 [trace] [system.db.CDbCommand] Querying SQL: SELECT * FROM `org_rate` `t` WHERE `t`.`id`='11364' LIMIT 1
2023/10/16 09:06:35 [trace] [system.db.ar.CActiveRecord] Addr.findByPk()
2023/10/16 09:06:35 [trace] [system.db.CDbCommand] Querying SQL: SHOW FULL COLUMNS FROM `addr`
2023/10/16 09:06:35 [trace] [system.db.CDbCommand] Querying SQL: SHOW CREATE TABLE `addr`
2023/10/16 09:06:35 [trace] [system.db.CDbCommand] Querying SQL: SELECT * FROM `addr` `t` WHERE `t`.`id`='142274923' LIMIT 1
2023/10/16 09:06:35 [trace] [system.db.ar.CActiveRecord] lazy loading ImParcel.cnee
2023/10/16 09:06:35 [trace] [system.db.CDbCommand] Querying SQL: SELECT `cnee`.`id` AS `t1_c0`, `cnee`.`owner_id` AS `t1_c1`, `cnee`.`cnid_id` AS `t1_c2`, `cnee`.`name` AS `t1_c3`, `cnee`.`company` AS `t1_c4`, `cnee`.`address` AS `t1_c5`, `cnee`.`suburb` AS `t1_c6`, `cnee`.`city` AS `t1_c7`, `cnee`.`state` AS `t1_c8`, `cnee`.`postcode` AS `t1_c9`, `cnee`.`country` AS `t1_c10`, `cnee`.`tel` AS `t1_c11`, `cnee`.`email` AS `t1_c12`, `cnee`.`acc` AS `t1_c13`, `cnee`.`cnid_no` AS `t1_c14` FROM `addr` `cnee`  WHERE (`cnee`.`id`=:ypl0)
2023/10/16 09:10:29 [trace] [system.db.CDbConnection] Opening DB connection
2023/10/16 09:10:29 [trace] [system.db.CDbCommand] Querying SQL: SHOW FULL COLUMNS FROM `shipment`
2023/10/16 09:10:29 [trace] [system.db.CDbCommand] Querying SQL: SHOW CREATE TABLE `shipment`
2023/10/16 09:10:29 [trace] [system.db.ar.CActiveRecord] ImParcel.findAll()
2023/10/16 09:10:29 [trace] [system.db.CDbCommand] Querying SQL: SELECT * FROM `shipment` `t` WHERE (`t`.`type`=10) AND (ref="3981016230187")
2023/10/16 09:10:29 [trace] [system.db.ar.CActiveRecord] lazy loading ImParcel.trans
2023/10/16 09:10:29 [trace] [system.db.CDbCommand] Querying SQL: SHOW FULL COLUMNS FROM `tranship`
2023/10/16 09:10:29 [trace] [system.db.CDbCommand] Querying SQL: SHOW CREATE TABLE `tranship`
2023/10/16 09:10:29 [trace] [system.db.CDbCommand] Querying SQL: SELECT `trans`.`id` AS `t1_c0`, `trans`.`pid` AS `t1_c1`, `trans`.`org_id` AS `t1_c2`, `trans`.`man_id` AS `t1_c3`, `trans`.`connote` AS `t1_c4`, `trans`.`time` AS `t1_c5`, `trans`.`type` AS `t1_c6`, `trans`.`status` AS `t1_c7`, `trans`.`meta` AS `t1_c8`, `trans`.`cost` AS `t1_c9` FROM `tranship` `trans`  WHERE (`trans`.`pid`=:ypl0)
2023/10/16 09:10:30 [trace] [system.db.ar.CActiveRecord] OrgRate.findByPk()
2023/10/16 09:10:30 [trace] [system.db.CDbCommand] Querying SQL: SHOW FULL COLUMNS FROM `org_rate`
2023/10/16 09:10:30 [trace] [system.db.CDbCommand] Querying SQL: SHOW CREATE TABLE `org_rate`
2023/10/16 09:10:30 [trace] [system.db.CDbCommand] Querying SQL: SELECT * FROM `org_rate` `t` WHERE `t`.`id`='11364' LIMIT 1
2023/10/16 09:10:30 [trace] [system.db.ar.CActiveRecord] Addr.findByPk()
2023/10/16 09:10:30 [trace] [system.db.CDbCommand] Querying SQL: SHOW FULL COLUMNS FROM `addr`
2023/10/16 09:10:30 [trace] [system.db.CDbCommand] Querying SQL: SHOW CREATE TABLE `addr`
2023/10/16 09:10:30 [trace] [system.db.CDbCommand] Querying SQL: SELECT * FROM `addr` `t` WHERE `t`.`id`='142274923' LIMIT 1
2023/10/16 09:10:30 [trace] [system.db.ar.CActiveRecord] lazy loading ImParcel.cnee
2023/10/16 09:10:30 [trace] [system.db.CDbCommand] Querying SQL: SELECT `cnee`.`id` AS `t1_c0`, `cnee`.`owner_id` AS `t1_c1`, `cnee`.`cnid_id` AS `t1_c2`, `cnee`.`name` AS `t1_c3`, `cnee`.`company` AS `t1_c4`, `cnee`.`address` AS `t1_c5`, `cnee`.`suburb` AS `t1_c6`, `cnee`.`city` AS `t1_c7`, `cnee`.`state` AS `t1_c8`, `cnee`.`postcode` AS `t1_c9`, `cnee`.`country` AS `t1_c10`, `cnee`.`tel` AS `t1_c11`, `cnee`.`email` AS `t1_c12`, `cnee`.`acc` AS `t1_c13`, `cnee`.`cnid_no` AS `t1_c14` FROM `addr` `cnee`  WHERE (`cnee`.`id`=:ypl0)
2023/10/16 09:11:08 [trace] [system.db.CDbConnection] Opening DB connection
2023/10/16 09:11:08 [trace] [system.db.CDbCommand] Querying SQL: SHOW FULL COLUMNS FROM `shipment`
2023/10/16 09:11:08 [trace] [system.db.CDbCommand] Querying SQL: SHOW CREATE TABLE `shipment`
2023/10/16 09:11:08 [trace] [system.db.ar.CActiveRecord] ImParcel.findAll()
2023/10/16 09:11:08 [trace] [system.db.CDbCommand] Querying SQL: SELECT * FROM `shipment` `t` WHERE (`t`.`type`=10) AND (ref="3981016230187")
2023/10/16 09:11:08 [trace] [system.db.ar.CActiveRecord] lazy loading ImParcel.trans
2023/10/16 09:11:08 [trace] [system.db.CDbCommand] Querying SQL: SHOW FULL COLUMNS FROM `tranship`
2023/10/16 09:11:08 [trace] [system.db.CDbCommand] Querying SQL: SHOW CREATE TABLE `tranship`
2023/10/16 09:11:08 [trace] [system.db.CDbCommand] Querying SQL: SELECT `trans`.`id` AS `t1_c0`, `trans`.`pid` AS `t1_c1`, `trans`.`org_id` AS `t1_c2`, `trans`.`man_id` AS `t1_c3`, `trans`.`connote` AS `t1_c4`, `trans`.`time` AS `t1_c5`, `trans`.`type` AS `t1_c6`, `trans`.`status` AS `t1_c7`, `trans`.`meta` AS `t1_c8`, `trans`.`cost` AS `t1_c9` FROM `tranship` `trans`  WHERE (`trans`.`pid`=:ypl0)
2023/10/16 09:11:08 [trace] [system.db.ar.CActiveRecord] OrgRate.findByPk()
2023/10/16 09:11:08 [trace] [system.db.CDbCommand] Querying SQL: SHOW FULL COLUMNS FROM `org_rate`
2023/10/16 09:11:08 [trace] [system.db.CDbCommand] Querying SQL: SHOW CREATE TABLE `org_rate`
2023/10/16 09:11:08 [trace] [system.db.CDbCommand] Querying SQL: SELECT * FROM `org_rate` `t` WHERE `t`.`id`='11364' LIMIT 1
2023/10/16 09:11:08 [trace] [system.db.ar.CActiveRecord] Addr.findByPk()
2023/10/16 09:11:08 [trace] [system.db.CDbCommand] Querying SQL: SHOW FULL COLUMNS FROM `addr`
2023/10/16 09:11:08 [trace] [system.db.CDbCommand] Querying SQL: SHOW CREATE TABLE `addr`
2023/10/16 09:11:08 [trace] [system.db.CDbCommand] Querying SQL: SELECT * FROM `addr` `t` WHERE `t`.`id`='142274923' LIMIT 1
2023/10/16 09:11:08 [trace] [system.db.ar.CActiveRecord] lazy loading ImParcel.cnee
2023/10/16 09:11:08 [trace] [system.db.CDbCommand] Querying SQL: SELECT `cnee`.`id` AS `t1_c0`, `cnee`.`owner_id` AS `t1_c1`, `cnee`.`cnid_id` AS `t1_c2`, `cnee`.`name` AS `t1_c3`, `cnee`.`company` AS `t1_c4`, `cnee`.`address` AS `t1_c5`, `cnee`.`suburb` AS `t1_c6`, `cnee`.`city` AS `t1_c7`, `cnee`.`state` AS `t1_c8`, `cnee`.`postcode` AS `t1_c9`, `cnee`.`country` AS `t1_c10`, `cnee`.`tel` AS `t1_c11`, `cnee`.`email` AS `t1_c12`, `cnee`.`acc` AS `t1_c13`, `cnee`.`cnid_no` AS `t1_c14` FROM `addr` `cnee`  WHERE (`cnee`.`id`=:ypl0)
2023/10/16 09:14:50 [trace] [system.db.CDbConnection] Opening DB connection
2023/10/16 09:14:50 [trace] [system.db.CDbCommand] Querying SQL: SHOW FULL COLUMNS FROM `shipment`
2023/10/16 09:14:50 [trace] [system.db.CDbCommand] Querying SQL: SHOW CREATE TABLE `shipment`
2023/10/16 09:14:50 [trace] [system.db.ar.CActiveRecord] ImParcel.findAll()
2023/10/16 09:14:50 [trace] [system.db.CDbCommand] Querying SQL: SELECT * FROM `shipment` `t` WHERE (`t`.`type`=10) AND (ref="3981016230188")
2023/10/16 09:14:50 [trace] [system.db.ar.CActiveRecord] lazy loading ImParcel.trans
2023/10/16 09:14:50 [trace] [system.db.CDbCommand] Querying SQL: SHOW FULL COLUMNS FROM `tranship`
2023/10/16 09:14:50 [trace] [system.db.CDbCommand] Querying SQL: SHOW CREATE TABLE `tranship`
2023/10/16 09:14:50 [trace] [system.db.CDbCommand] Querying SQL: SELECT `trans`.`id` AS `t1_c0`, `trans`.`pid` AS `t1_c1`, `trans`.`org_id` AS `t1_c2`, `trans`.`man_id` AS `t1_c3`, `trans`.`connote` AS `t1_c4`, `trans`.`time` AS `t1_c5`, `trans`.`type` AS `t1_c6`, `trans`.`status` AS `t1_c7`, `trans`.`meta` AS `t1_c8`, `trans`.`cost` AS `t1_c9` FROM `tranship` `trans`  WHERE (`trans`.`pid`=:ypl0)
2023/10/16 09:14:50 [trace] [system.db.ar.CActiveRecord] OrgRate.findByPk()
2023/10/16 09:14:50 [trace] [system.db.CDbCommand] Querying SQL: SHOW FULL COLUMNS FROM `org_rate`
2023/10/16 09:14:50 [trace] [system.db.CDbCommand] Querying SQL: SHOW CREATE TABLE `org_rate`
2023/10/16 09:14:50 [trace] [system.db.CDbCommand] Querying SQL: SELECT * FROM `org_rate` `t` WHERE `t`.`id`='11364' LIMIT 1
2023/10/16 09:14:50 [trace] [system.db.ar.CActiveRecord] Addr.findByPk()
2023/10/16 09:14:50 [trace] [system.db.CDbCommand] Querying SQL: SHOW FULL COLUMNS FROM `addr`
2023/10/16 09:14:50 [trace] [system.db.CDbCommand] Querying SQL: SHOW CREATE TABLE `addr`
2023/10/16 09:14:50 [trace] [system.db.CDbCommand] Querying SQL: SELECT * FROM `addr` `t` WHERE `t`.`id`='142274923' LIMIT 1
2023/10/16 09:14:50 [trace] [system.db.ar.CActiveRecord] lazy loading ImParcel.cnee
2023/10/16 09:14:50 [trace] [system.db.CDbCommand] Querying SQL: SELECT `cnee`.`id` AS `t1_c0`, `cnee`.`owner_id` AS `t1_c1`, `cnee`.`cnid_id` AS `t1_c2`, `cnee`.`name` AS `t1_c3`, `cnee`.`company` AS `t1_c4`, `cnee`.`address` AS `t1_c5`, `cnee`.`suburb` AS `t1_c6`, `cnee`.`city` AS `t1_c7`, `cnee`.`state` AS `t1_c8`, `cnee`.`postcode` AS `t1_c9`, `cnee`.`country` AS `t1_c10`, `cnee`.`tel` AS `t1_c11`, `cnee`.`email` AS `t1_c12`, `cnee`.`acc` AS `t1_c13`, `cnee`.`cnid_no` AS `t1_c14` FROM `addr` `cnee`  WHERE (`cnee`.`id`=:ypl0)
2023/10/16 09:26:47 [trace] [system.db.CDbConnection] Opening DB connection
2023/10/16 09:26:47 [trace] [system.db.CDbCommand] Querying SQL: SHOW FULL COLUMNS FROM `shipment`
2023/10/16 09:26:47 [trace] [system.db.CDbCommand] Querying SQL: SHOW CREATE TABLE `shipment`
2023/10/16 09:26:47 [trace] [system.db.ar.CActiveRecord] ImParcel.findAll()
2023/10/16 09:26:47 [trace] [system.db.CDbCommand] Querying SQL: SELECT * FROM `shipment` `t` WHERE (`t`.`type`=10) AND (ref="3981016230189")
2023/10/16 09:26:47 [trace] [system.db.ar.CActiveRecord] lazy loading ImParcel.trans
2023/10/16 09:26:47 [trace] [system.db.CDbCommand] Querying SQL: SHOW FULL COLUMNS FROM `tranship`
2023/10/16 09:26:47 [trace] [system.db.CDbCommand] Querying SQL: SHOW CREATE TABLE `tranship`
2023/10/16 09:26:47 [trace] [system.db.CDbCommand] Querying SQL: SELECT `trans`.`id` AS `t1_c0`, `trans`.`pid` AS `t1_c1`, `trans`.`org_id` AS `t1_c2`, `trans`.`man_id` AS `t1_c3`, `trans`.`connote` AS `t1_c4`, `trans`.`time` AS `t1_c5`, `trans`.`type` AS `t1_c6`, `trans`.`status` AS `t1_c7`, `trans`.`meta` AS `t1_c8`, `trans`.`cost` AS `t1_c9` FROM `tranship` `trans`  WHERE (`trans`.`pid`=:ypl0)
2023/10/16 09:26:47 [trace] [system.db.ar.CActiveRecord] OrgRate.findByPk()
2023/10/16 09:26:47 [trace] [system.db.CDbCommand] Querying SQL: SHOW FULL COLUMNS FROM `org_rate`
2023/10/16 09:26:47 [trace] [system.db.CDbCommand] Querying SQL: SHOW CREATE TABLE `org_rate`
2023/10/16 09:26:47 [trace] [system.db.CDbCommand] Querying SQL: SELECT * FROM `org_rate` `t` WHERE `t`.`id`='11364' LIMIT 1
2023/10/16 09:26:47 [trace] [system.db.ar.CActiveRecord] Addr.findByPk()
2023/10/16 09:26:47 [trace] [system.db.CDbCommand] Querying SQL: SHOW FULL COLUMNS FROM `addr`
2023/10/16 09:26:47 [trace] [system.db.CDbCommand] Querying SQL: SHOW CREATE TABLE `addr`
2023/10/16 09:26:47 [trace] [system.db.CDbCommand] Querying SQL: SELECT * FROM `addr` `t` WHERE `t`.`id`='142274923' LIMIT 1
2023/10/16 09:26:47 [trace] [system.db.ar.CActiveRecord] lazy loading ImParcel.cnee
2023/10/16 09:26:47 [trace] [system.db.CDbCommand] Querying SQL: SELECT `cnee`.`id` AS `t1_c0`, `cnee`.`owner_id` AS `t1_c1`, `cnee`.`cnid_id` AS `t1_c2`, `cnee`.`name` AS `t1_c3`, `cnee`.`company` AS `t1_c4`, `cnee`.`address` AS `t1_c5`, `cnee`.`suburb` AS `t1_c6`, `cnee`.`city` AS `t1_c7`, `cnee`.`state` AS `t1_c8`, `cnee`.`postcode` AS `t1_c9`, `cnee`.`country` AS `t1_c10`, `cnee`.`tel` AS `t1_c11`, `cnee`.`email` AS `t1_c12`, `cnee`.`acc` AS `t1_c13`, `cnee`.`cnid_no` AS `t1_c14` FROM `addr` `cnee`  WHERE (`cnee`.`id`=:ypl0)
2023/10/16 09:28:15 [trace] [system.db.CDbConnection] Opening DB connection
2023/10/16 09:28:15 [trace] [system.db.CDbCommand] Querying SQL: SHOW FULL COLUMNS FROM `shipment`
2023/10/16 09:28:15 [trace] [system.db.CDbCommand] Querying SQL: SHOW CREATE TABLE `shipment`
2023/10/16 09:28:15 [trace] [system.db.ar.CActiveRecord] ImParcel.findAll()
2023/10/16 09:28:15 [trace] [system.db.CDbCommand] Querying SQL: SELECT * FROM `shipment` `t` WHERE (`t`.`type`=10) AND (ref="3981016230190")
2023/10/16 09:28:15 [trace] [system.db.ar.CActiveRecord] lazy loading ImParcel.trans
2023/10/16 09:28:15 [trace] [system.db.CDbCommand] Querying SQL: SHOW FULL COLUMNS FROM `tranship`
2023/10/16 09:28:15 [trace] [system.db.CDbCommand] Querying SQL: SHOW CREATE TABLE `tranship`
2023/10/16 09:28:15 [trace] [system.db.CDbCommand] Querying SQL: SELECT `trans`.`id` AS `t1_c0`, `trans`.`pid` AS `t1_c1`, `trans`.`org_id` AS `t1_c2`, `trans`.`man_id` AS `t1_c3`, `trans`.`connote` AS `t1_c4`, `trans`.`time` AS `t1_c5`, `trans`.`type` AS `t1_c6`, `trans`.`status` AS `t1_c7`, `trans`.`meta` AS `t1_c8`, `trans`.`cost` AS `t1_c9` FROM `tranship` `trans`  WHERE (`trans`.`pid`=:ypl0)
2023/10/16 09:28:15 [trace] [system.db.ar.CActiveRecord] OrgRate.findByPk()
2023/10/16 09:28:15 [trace] [system.db.CDbCommand] Querying SQL: SHOW FULL COLUMNS FROM `org_rate`
2023/10/16 09:28:15 [trace] [system.db.CDbCommand] Querying SQL: SHOW CREATE TABLE `org_rate`
2023/10/16 09:28:15 [trace] [system.db.CDbCommand] Querying SQL: SELECT * FROM `org_rate` `t` WHERE `t`.`id`='11364' LIMIT 1
2023/10/16 09:28:15 [trace] [system.db.ar.CActiveRecord] Addr.findByPk()
2023/10/16 09:28:15 [trace] [system.db.CDbCommand] Querying SQL: SHOW FULL COLUMNS FROM `addr`
2023/10/16 09:28:15 [trace] [system.db.CDbCommand] Querying SQL: SHOW CREATE TABLE `addr`
2023/10/16 09:28:15 [trace] [system.db.CDbCommand] Querying SQL: SELECT * FROM `addr` `t` WHERE `t`.`id`='142274923' LIMIT 1
2023/10/16 09:28:15 [trace] [system.db.ar.CActiveRecord] lazy loading ImParcel.cnee
2023/10/16 09:28:15 [trace] [system.db.CDbCommand] Querying SQL: SELECT `cnee`.`id` AS `t1_c0`, `cnee`.`owner_id` AS `t1_c1`, `cnee`.`cnid_id` AS `t1_c2`, `cnee`.`name` AS `t1_c3`, `cnee`.`company` AS `t1_c4`, `cnee`.`address` AS `t1_c5`, `cnee`.`suburb` AS `t1_c6`, `cnee`.`city` AS `t1_c7`, `cnee`.`state` AS `t1_c8`, `cnee`.`postcode` AS `t1_c9`, `cnee`.`country` AS `t1_c10`, `cnee`.`tel` AS `t1_c11`, `cnee`.`email` AS `t1_c12`, `cnee`.`acc` AS `t1_c13`, `cnee`.`cnid_no` AS `t1_c14` FROM `addr` `cnee`  WHERE (`cnee`.`id`=:ypl0)
2023/10/16 09:28:16 [trace] [system.db.ar.CActiveRecord] Tranship.update()
2023/10/16 09:28:16 [trace] [system.db.ar.CActiveRecord] Tranship.updateByPk()
2023/10/16 09:28:16 [trace] [system.db.CDbCommand] Executing SQL: UPDATE `tranship` SET `id`=:yp0, `pid`=:yp1, `org_id`=:yp2, `man_id`=:yp3, `connote`=:yp4, `time`=:yp5, `type`=:yp6, `status`=:yp7, `meta`=:yp8, `cost`=:yp9 WHERE `tranship`.`id`='27249966'
2023/10/16 09:28:16 [trace] [system.db.CDbCommand] Querying SQL: SHOW FULL COLUMNS FROM `manifest`
2023/10/16 09:28:16 [trace] [system.db.CDbCommand] Querying SQL: SHOW CREATE TABLE `manifest`
2023/10/16 09:28:16 [trace] [system.db.ar.CActiveRecord] Manifest.insert()
2023/10/16 09:28:16 [trace] [system.db.CDbCommand] Executing SQL: INSERT INTO `manifest` (`type`, `fwd_id`, `ref`, `created`, `status`) VALUES (:yp0, :yp1, :yp2, :yp3, :yp4)
2023/10/16 09:28:16 [trace] [system.db.CDbCommand] Querying SQL: SHOW FULL COLUMNS FROM `log`
2023/10/16 09:28:16 [trace] [system.db.CDbCommand] Querying SQL: SHOW CREATE TABLE `log`
2023/10/16 09:28:16 [trace] [system.db.ar.CActiveRecord] Log.insert()
2023/10/16 09:28:16 [trace] [system.db.CDbCommand] Executing SQL: INSERT INTO `log` (`type`, `model`, `lid`, `user_id`, `time`, `meta`) VALUES (:yp0, :yp1, :yp2, :yp3, :yp4, :yp5)
2023/10/16 09:42:01 [trace] [system.db.CDbConnection] Opening DB connection
2023/10/16 09:42:01 [trace] [system.db.CDbCommand] Querying SQL: SHOW FULL COLUMNS FROM `shipment`
2023/10/16 09:42:01 [trace] [system.db.CDbCommand] Querying SQL: SHOW CREATE TABLE `shipment`
2023/10/16 09:42:01 [trace] [system.db.ar.CActiveRecord] ImParcel.findAll()
2023/10/16 09:42:01 [trace] [system.db.CDbCommand] Querying SQL: SELECT * FROM `shipment` `t` WHERE (`t`.`type`=10) AND (ref="3981016230191")
2023/10/16 09:42:01 [trace] [system.db.ar.CActiveRecord] lazy loading ImParcel.trans
2023/10/16 09:42:01 [trace] [system.db.CDbCommand] Querying SQL: SHOW FULL COLUMNS FROM `tranship`
2023/10/16 09:42:01 [trace] [system.db.CDbCommand] Querying SQL: SHOW CREATE TABLE `tranship`
2023/10/16 09:42:01 [trace] [system.db.CDbCommand] Querying SQL: SELECT `trans`.`id` AS `t1_c0`, `trans`.`pid` AS `t1_c1`, `trans`.`org_id` AS `t1_c2`, `trans`.`man_id` AS `t1_c3`, `trans`.`connote` AS `t1_c4`, `trans`.`time` AS `t1_c5`, `trans`.`type` AS `t1_c6`, `trans`.`status` AS `t1_c7`, `trans`.`meta` AS `t1_c8`, `trans`.`cost` AS `t1_c9` FROM `tranship` `trans`  WHERE (`trans`.`pid`=:ypl0)
2023/10/16 09:42:01 [trace] [system.db.ar.CActiveRecord] OrgRate.findByPk()
2023/10/16 09:42:01 [trace] [system.db.CDbCommand] Querying SQL: SHOW FULL COLUMNS FROM `org_rate`
2023/10/16 09:42:01 [trace] [system.db.CDbCommand] Querying SQL: SHOW CREATE TABLE `org_rate`
2023/10/16 09:42:01 [trace] [system.db.CDbCommand] Querying SQL: SELECT * FROM `org_rate` `t` WHERE `t`.`id`='11364' LIMIT 1
2023/10/16 09:42:01 [trace] [system.db.ar.CActiveRecord] Addr.findByPk()
2023/10/16 09:42:01 [trace] [system.db.CDbCommand] Querying SQL: SHOW FULL COLUMNS FROM `addr`
2023/10/16 09:42:01 [trace] [system.db.CDbCommand] Querying SQL: SHOW CREATE TABLE `addr`
2023/10/16 09:42:01 [trace] [system.db.CDbCommand] Querying SQL: SELECT * FROM `addr` `t` WHERE `t`.`id`='142274923' LIMIT 1
2023/10/16 09:42:01 [trace] [system.db.ar.CActiveRecord] lazy loading ImParcel.cnee
2023/10/16 09:42:01 [trace] [system.db.CDbCommand] Querying SQL: SELECT `cnee`.`id` AS `t1_c0`, `cnee`.`owner_id` AS `t1_c1`, `cnee`.`cnid_id` AS `t1_c2`, `cnee`.`name` AS `t1_c3`, `cnee`.`company` AS `t1_c4`, `cnee`.`address` AS `t1_c5`, `cnee`.`suburb` AS `t1_c6`, `cnee`.`city` AS `t1_c7`, `cnee`.`state` AS `t1_c8`, `cnee`.`postcode` AS `t1_c9`, `cnee`.`country` AS `t1_c10`, `cnee`.`tel` AS `t1_c11`, `cnee`.`email` AS `t1_c12`, `cnee`.`acc` AS `t1_c13`, `cnee`.`cnid_no` AS `t1_c14` FROM `addr` `cnee`  WHERE (`cnee`.`id`=:ypl0)
2023/10/16 09:42:03 [trace] [system.db.ar.CActiveRecord] Tranship.update()
2023/10/16 09:42:03 [trace] [system.db.ar.CActiveRecord] Tranship.updateByPk()
2023/10/16 09:42:03 [trace] [system.db.CDbCommand] Executing SQL: UPDATE `tranship` SET `id`=:yp0, `pid`=:yp1, `org_id`=:yp2, `man_id`=:yp3, `connote`=:yp4, `time`=:yp5, `type`=:yp6, `status`=:yp7, `meta`=:yp8, `cost`=:yp9 WHERE `tranship`.`id`='27249966'
2023/10/16 09:42:03 [trace] [system.db.CDbCommand] Querying SQL: SHOW FULL COLUMNS FROM `manifest`
2023/10/16 09:42:03 [trace] [system.db.CDbCommand] Querying SQL: SHOW CREATE TABLE `manifest`
2023/10/16 09:42:03 [trace] [system.db.ar.CActiveRecord] Manifest.insert()
2023/10/16 09:42:03 [trace] [system.db.CDbCommand] Executing SQL: INSERT INTO `manifest` (`type`, `fwd_id`, `ref`, `created`, `status`) VALUES (:yp0, :yp1, :yp2, :yp3, :yp4)
2023/10/16 09:42:03 [trace] [system.db.CDbCommand] Querying SQL: SHOW FULL COLUMNS FROM `log`
2023/10/16 09:42:03 [trace] [system.db.CDbCommand] Querying SQL: SHOW CREATE TABLE `log`
2023/10/16 09:42:03 [trace] [system.db.ar.CActiveRecord] Log.insert()
2023/10/16 09:42:03 [trace] [system.db.CDbCommand] Executing SQL: INSERT INTO `log` (`type`, `model`, `lid`, `user_id`, `time`, `meta`) VALUES (:yp0, :yp1, :yp2, :yp3, :yp4, :yp5)
2023/10/23 03:22:55 [trace] [system.db.CDbConnection] Opening DB connection
2023/10/23 03:22:57 [trace] [system.db.CDbCommand] Querying SQL: SHOW FULL COLUMNS FROM `shipment`
2023/10/23 03:22:57 [trace] [system.db.CDbCommand] Querying SQL: SHOW CREATE TABLE `shipment`
2023/10/23 03:22:57 [trace] [system.db.ar.CActiveRecord] ImParcel.findByPk()
2023/10/23 03:22:57 [trace] [system.db.CDbCommand] Querying SQL: SELECT * FROM `shipment` `t` WHERE (`t`.`type`=10) AND (`t`.`id`='56382314') LIMIT 1
2023/10/23 03:22:57 [trace] [system.db.ar.CActiveRecord] OrgRate.find()
2023/10/23 03:22:57 [trace] [system.db.CDbCommand] Querying SQL: SHOW FULL COLUMNS FROM `org_rate`
2023/10/23 03:22:57 [trace] [system.db.CDbCommand] Querying SQL: SHOW CREATE TABLE `org_rate`
2023/10/23 03:22:57 [trace] [system.db.CDbCommand] Querying SQL: SELECT * FROM `org_rate` `t` WHERE id = :id LIMIT 1
2023/10/23 03:23:37 [trace] [system.db.CDbConnection] Opening DB connection
2023/10/23 03:23:39 [trace] [system.db.CDbCommand] Querying SQL: SHOW FULL COLUMNS FROM `shipment`
2023/10/23 03:23:39 [trace] [system.db.CDbCommand] Querying SQL: SHOW CREATE TABLE `shipment`
2023/10/23 03:23:39 [trace] [system.db.ar.CActiveRecord] ImParcel.findByPk()
2023/10/23 03:23:39 [trace] [system.db.CDbCommand] Querying SQL: SELECT * FROM `shipment` `t` WHERE (`t`.`type`=10) AND (`t`.`id`='56382314') LIMIT 1
2023/10/23 03:23:39 [trace] [system.db.ar.CActiveRecord] OrgRate.find()
2023/10/23 03:23:39 [trace] [system.db.CDbCommand] Querying SQL: SHOW FULL COLUMNS FROM `org_rate`
2023/10/23 03:23:39 [trace] [system.db.CDbCommand] Querying SQL: SHOW CREATE TABLE `org_rate`
2023/10/23 03:23:39 [trace] [system.db.CDbCommand] Querying SQL: SELECT * FROM `org_rate` `t` WHERE id = :id LIMIT 1
2023/10/23 03:23:39 [trace] [system.db.ar.CActiveRecord] Addr.findByPk()
2023/10/23 03:23:39 [trace] [system.db.CDbCommand] Querying SQL: SHOW FULL COLUMNS FROM `addr`
2023/10/23 03:23:39 [trace] [system.db.CDbCommand] Querying SQL: SHOW CREATE TABLE `addr`
2023/10/23 03:23:39 [trace] [system.db.CDbCommand] Querying SQL: SELECT * FROM `addr` `t` WHERE `t`.`id`='142274923' LIMIT 1
2023/10/23 03:23:39 [trace] [system.db.ar.CActiveRecord] lazy loading ImParcel.cnee
2023/10/23 03:23:39 [trace] [system.db.CDbCommand] Querying SQL: SELECT `cnee`.`id` AS `t1_c0`, `cnee`.`owner_id` AS `t1_c1`, `cnee`.`cnid_id` AS `t1_c2`, `cnee`.`name` AS `t1_c3`, `cnee`.`company` AS `t1_c4`, `cnee`.`address` AS `t1_c5`, `cnee`.`suburb` AS `t1_c6`, `cnee`.`city` AS `t1_c7`, `cnee`.`state` AS `t1_c8`, `cnee`.`postcode` AS `t1_c9`, `cnee`.`country` AS `t1_c10`, `cnee`.`tel` AS `t1_c11`, `cnee`.`email` AS `t1_c12`, `cnee`.`acc` AS `t1_c13`, `cnee`.`cnid_no` AS `t1_c14` FROM `addr` `cnee`  WHERE (`cnee`.`id`=:ypl0)
2023/10/23 03:25:51 [trace] [system.db.CDbConnection] Opening DB connection
2023/10/23 03:25:53 [trace] [system.db.CDbCommand] Querying SQL: SHOW FULL COLUMNS FROM `shipment`
2023/10/23 03:25:53 [trace] [system.db.CDbCommand] Querying SQL: SHOW CREATE TABLE `shipment`
2023/10/23 03:25:53 [trace] [system.db.ar.CActiveRecord] ImParcel.findByPk()
2023/10/23 03:25:53 [trace] [system.db.CDbCommand] Querying SQL: SELECT * FROM `shipment` `t` WHERE (`t`.`type`=10) AND (`t`.`id`='56382314') LIMIT 1
2023/10/23 03:25:53 [trace] [system.db.ar.CActiveRecord] OrgRate.find()
2023/10/23 03:25:53 [trace] [system.db.CDbCommand] Querying SQL: SHOW FULL COLUMNS FROM `org_rate`
2023/10/23 03:25:53 [trace] [system.db.CDbCommand] Querying SQL: SHOW CREATE TABLE `org_rate`
2023/10/23 03:25:53 [trace] [system.db.CDbCommand] Querying SQL: SELECT * FROM `org_rate` `t` WHERE id = :id LIMIT 1
2023/10/23 03:25:53 [trace] [system.db.ar.CActiveRecord] Addr.findByPk()
2023/10/23 03:25:53 [trace] [system.db.CDbCommand] Querying SQL: SHOW FULL COLUMNS FROM `addr`
2023/10/23 03:25:53 [trace] [system.db.CDbCommand] Querying SQL: SHOW CREATE TABLE `addr`
2023/10/23 03:25:53 [trace] [system.db.CDbCommand] Querying SQL: SELECT * FROM `addr` `t` WHERE `t`.`id`='142274923' LIMIT 1
2023/10/23 03:25:53 [trace] [system.db.ar.CActiveRecord] lazy loading ImParcel.cnee
2023/10/23 03:25:53 [trace] [system.db.CDbCommand] Querying SQL: SELECT `cnee`.`id` AS `t1_c0`, `cnee`.`owner_id` AS `t1_c1`, `cnee`.`cnid_id` AS `t1_c2`, `cnee`.`name` AS `t1_c3`, `cnee`.`company` AS `t1_c4`, `cnee`.`address` AS `t1_c5`, `cnee`.`suburb` AS `t1_c6`, `cnee`.`city` AS `t1_c7`, `cnee`.`state` AS `t1_c8`, `cnee`.`postcode` AS `t1_c9`, `cnee`.`country` AS `t1_c10`, `cnee`.`tel` AS `t1_c11`, `cnee`.`email` AS `t1_c12`, `cnee`.`acc` AS `t1_c13`, `cnee`.`cnid_no` AS `t1_c14` FROM `addr` `cnee`  WHERE (`cnee`.`id`=:ypl0)
2023/10/23 03:26:35 [trace] [system.db.CDbConnection] Opening DB connection
2023/10/23 03:26:37 [trace] [system.db.CDbCommand] Querying SQL: SHOW FULL COLUMNS FROM `shipment`
2023/10/23 03:26:37 [trace] [system.db.CDbCommand] Querying SQL: SHOW CREATE TABLE `shipment`
2023/10/23 03:26:37 [trace] [system.db.ar.CActiveRecord] ImParcel.findByPk()
2023/10/23 03:26:37 [trace] [system.db.CDbCommand] Querying SQL: SELECT * FROM `shipment` `t` WHERE (`t`.`type`=10) AND (`t`.`id`='56382314') LIMIT 1
2023/10/23 03:26:37 [trace] [system.db.ar.CActiveRecord] OrgRate.find()
2023/10/23 03:26:37 [trace] [system.db.CDbCommand] Querying SQL: SHOW FULL COLUMNS FROM `org_rate`
2023/10/23 03:26:37 [trace] [system.db.CDbCommand] Querying SQL: SHOW CREATE TABLE `org_rate`
2023/10/23 03:26:37 [trace] [system.db.CDbCommand] Querying SQL: SELECT * FROM `org_rate` `t` WHERE id = :id LIMIT 1
2023/10/23 03:26:37 [trace] [system.db.ar.CActiveRecord] Addr.findByPk()
2023/10/23 03:26:37 [trace] [system.db.CDbCommand] Querying SQL: SHOW FULL COLUMNS FROM `addr`
2023/10/23 03:26:37 [trace] [system.db.CDbCommand] Querying SQL: SHOW CREATE TABLE `addr`
2023/10/23 03:26:37 [trace] [system.db.CDbCommand] Querying SQL: SELECT * FROM `addr` `t` WHERE `t`.`id`='142274923' LIMIT 1
2023/10/23 03:26:37 [trace] [system.db.ar.CActiveRecord] lazy loading ImParcel.cnee
2023/10/23 03:26:37 [trace] [system.db.CDbCommand] Querying SQL: SELECT `cnee`.`id` AS `t1_c0`, `cnee`.`owner_id` AS `t1_c1`, `cnee`.`cnid_id` AS `t1_c2`, `cnee`.`name` AS `t1_c3`, `cnee`.`company` AS `t1_c4`, `cnee`.`address` AS `t1_c5`, `cnee`.`suburb` AS `t1_c6`, `cnee`.`city` AS `t1_c7`, `cnee`.`state` AS `t1_c8`, `cnee`.`postcode` AS `t1_c9`, `cnee`.`country` AS `t1_c10`, `cnee`.`tel` AS `t1_c11`, `cnee`.`email` AS `t1_c12`, `cnee`.`acc` AS `t1_c13`, `cnee`.`cnid_no` AS `t1_c14` FROM `addr` `cnee`  WHERE (`cnee`.`id`=:ypl0)
2023/10/23 03:30:44 [trace] [system.db.CDbConnection] Opening DB connection
2023/10/23 03:30:46 [trace] [system.db.CDbCommand] Querying SQL: SHOW FULL COLUMNS FROM `shipment`
2023/10/23 03:30:46 [trace] [system.db.CDbCommand] Querying SQL: SHOW CREATE TABLE `shipment`
2023/10/23 03:30:46 [trace] [system.db.ar.CActiveRecord] ImParcel.findByPk()
2023/10/23 03:30:46 [trace] [system.db.CDbCommand] Querying SQL: SELECT * FROM `shipment` `t` WHERE (`t`.`type`=10) AND (`t`.`id`='56382314') LIMIT 1
2023/10/23 03:30:46 [trace] [system.db.ar.CActiveRecord] OrgRate.find()
2023/10/23 03:30:46 [trace] [system.db.CDbCommand] Querying SQL: SHOW FULL COLUMNS FROM `org_rate`
2023/10/23 03:30:46 [trace] [system.db.CDbCommand] Querying SQL: SHOW CREATE TABLE `org_rate`
2023/10/23 03:30:46 [trace] [system.db.CDbCommand] Querying SQL: SELECT * FROM `org_rate` `t` WHERE id = :id LIMIT 1
2023/10/23 03:30:46 [trace] [system.db.ar.CActiveRecord] Addr.findByPk()
2023/10/23 03:30:46 [trace] [system.db.CDbCommand] Querying SQL: SHOW FULL COLUMNS FROM `addr`
2023/10/23 03:30:46 [trace] [system.db.CDbCommand] Querying SQL: SHOW CREATE TABLE `addr`
2023/10/23 03:30:46 [trace] [system.db.CDbCommand] Querying SQL: SELECT * FROM `addr` `t` WHERE `t`.`id`='142274923' LIMIT 1
2023/10/23 03:30:46 [trace] [system.db.ar.CActiveRecord] lazy loading ImParcel.cnee
2023/10/23 03:30:46 [trace] [system.db.CDbCommand] Querying SQL: SELECT `cnee`.`id` AS `t1_c0`, `cnee`.`owner_id` AS `t1_c1`, `cnee`.`cnid_id` AS `t1_c2`, `cnee`.`name` AS `t1_c3`, `cnee`.`company` AS `t1_c4`, `cnee`.`address` AS `t1_c5`, `cnee`.`suburb` AS `t1_c6`, `cnee`.`city` AS `t1_c7`, `cnee`.`state` AS `t1_c8`, `cnee`.`postcode` AS `t1_c9`, `cnee`.`country` AS `t1_c10`, `cnee`.`tel` AS `t1_c11`, `cnee`.`email` AS `t1_c12`, `cnee`.`acc` AS `t1_c13`, `cnee`.`cnid_no` AS `t1_c14` FROM `addr` `cnee`  WHERE (`cnee`.`id`=:ypl0)
2023/10/23 03:36:10 [trace] [system.db.CDbConnection] Opening DB connection
2023/10/23 03:36:12 [trace] [system.db.CDbCommand] Querying SQL: SHOW FULL COLUMNS FROM `shipment`
2023/10/23 03:36:12 [trace] [system.db.CDbCommand] Querying SQL: SHOW CREATE TABLE `shipment`
2023/10/23 03:36:12 [trace] [system.db.ar.CActiveRecord] ImParcel.findByPk()
2023/10/23 03:36:12 [trace] [system.db.CDbCommand] Querying SQL: SELECT * FROM `shipment` `t` WHERE (`t`.`type`=10) AND (`t`.`id`='56382314') LIMIT 1
2023/10/23 03:36:12 [trace] [system.db.ar.CActiveRecord] OrgRate.find()
2023/10/23 03:36:12 [trace] [system.db.CDbCommand] Querying SQL: SHOW FULL COLUMNS FROM `org_rate`
2023/10/23 03:36:12 [trace] [system.db.CDbCommand] Querying SQL: SHOW CREATE TABLE `org_rate`
2023/10/23 03:36:12 [trace] [system.db.CDbCommand] Querying SQL: SELECT * FROM `org_rate` `t` WHERE id = :id LIMIT 1
2023/10/23 03:36:12 [trace] [system.db.ar.CActiveRecord] Addr.findByPk()
2023/10/23 03:36:12 [trace] [system.db.CDbCommand] Querying SQL: SHOW FULL COLUMNS FROM `addr`
2023/10/23 03:36:12 [trace] [system.db.CDbCommand] Querying SQL: SHOW CREATE TABLE `addr`
2023/10/23 03:36:12 [trace] [system.db.CDbCommand] Querying SQL: SELECT * FROM `addr` `t` WHERE `t`.`id`='142274923' LIMIT 1
2023/10/23 03:36:12 [trace] [system.db.ar.CActiveRecord] lazy loading ImParcel.cnee
2023/10/23 03:36:12 [trace] [system.db.CDbCommand] Querying SQL: SELECT `cnee`.`id` AS `t1_c0`, `cnee`.`owner_id` AS `t1_c1`, `cnee`.`cnid_id` AS `t1_c2`, `cnee`.`name` AS `t1_c3`, `cnee`.`company` AS `t1_c4`, `cnee`.`address` AS `t1_c5`, `cnee`.`suburb` AS `t1_c6`, `cnee`.`city` AS `t1_c7`, `cnee`.`state` AS `t1_c8`, `cnee`.`postcode` AS `t1_c9`, `cnee`.`country` AS `t1_c10`, `cnee`.`tel` AS `t1_c11`, `cnee`.`email` AS `t1_c12`, `cnee`.`acc` AS `t1_c13`, `cnee`.`cnid_no` AS `t1_c14` FROM `addr` `cnee`  WHERE (`cnee`.`id`=:ypl0)
2023/10/23 03:37:05 [trace] [system.db.CDbConnection] Opening DB connection
2023/10/23 03:37:07 [trace] [system.db.CDbCommand] Querying SQL: SHOW FULL COLUMNS FROM `shipment`
2023/10/23 03:37:07 [trace] [system.db.CDbCommand] Querying SQL: SHOW CREATE TABLE `shipment`
2023/10/23 03:37:07 [trace] [system.db.ar.CActiveRecord] ImParcel.findByPk()
2023/10/23 03:37:07 [trace] [system.db.CDbCommand] Querying SQL: SELECT * FROM `shipment` `t` WHERE (`t`.`type`=10) AND (`t`.`id`='56382314') LIMIT 1
2023/10/23 03:37:07 [trace] [system.db.ar.CActiveRecord] OrgRate.find()
2023/10/23 03:37:07 [trace] [system.db.CDbCommand] Querying SQL: SHOW FULL COLUMNS FROM `org_rate`
2023/10/23 03:37:07 [trace] [system.db.CDbCommand] Querying SQL: SHOW CREATE TABLE `org_rate`
2023/10/23 03:37:07 [trace] [system.db.CDbCommand] Querying SQL: SELECT * FROM `org_rate` `t` WHERE id = :id LIMIT 1
2023/10/23 03:37:07 [trace] [system.db.ar.CActiveRecord] Addr.findByPk()
2023/10/23 03:37:07 [trace] [system.db.CDbCommand] Querying SQL: SHOW FULL COLUMNS FROM `addr`
2023/10/23 03:37:07 [trace] [system.db.CDbCommand] Querying SQL: SHOW CREATE TABLE `addr`
2023/10/23 03:37:07 [trace] [system.db.CDbCommand] Querying SQL: SELECT * FROM `addr` `t` WHERE `t`.`id`='142274923' LIMIT 1
2023/10/23 03:37:07 [trace] [system.db.ar.CActiveRecord] lazy loading ImParcel.cnee
2023/10/23 03:37:07 [trace] [system.db.CDbCommand] Querying SQL: SELECT `cnee`.`id` AS `t1_c0`, `cnee`.`owner_id` AS `t1_c1`, `cnee`.`cnid_id` AS `t1_c2`, `cnee`.`name` AS `t1_c3`, `cnee`.`company` AS `t1_c4`, `cnee`.`address` AS `t1_c5`, `cnee`.`suburb` AS `t1_c6`, `cnee`.`city` AS `t1_c7`, `cnee`.`state` AS `t1_c8`, `cnee`.`postcode` AS `t1_c9`, `cnee`.`country` AS `t1_c10`, `cnee`.`tel` AS `t1_c11`, `cnee`.`email` AS `t1_c12`, `cnee`.`acc` AS `t1_c13`, `cnee`.`cnid_no` AS `t1_c14` FROM `addr` `cnee`  WHERE (`cnee`.`id`=:ypl0)
2023/10/23 03:40:00 [trace] [system.db.CDbConnection] Opening DB connection
2023/10/23 03:40:02 [trace] [system.db.CDbCommand] Querying SQL: SHOW FULL COLUMNS FROM `shipment`
2023/10/23 03:40:02 [trace] [system.db.CDbCommand] Querying SQL: SHOW CREATE TABLE `shipment`
2023/10/23 03:40:02 [trace] [system.db.ar.CActiveRecord] ImParcel.findByPk()
2023/10/23 03:40:02 [trace] [system.db.CDbCommand] Querying SQL: SELECT * FROM `shipment` `t` WHERE (`t`.`type`=10) AND (`t`.`id`='56382314') LIMIT 1
2023/10/23 03:40:02 [trace] [system.db.ar.CActiveRecord] OrgRate.find()
2023/10/23 03:40:02 [trace] [system.db.CDbCommand] Querying SQL: SHOW FULL COLUMNS FROM `org_rate`
2023/10/23 03:40:03 [trace] [system.db.CDbCommand] Querying SQL: SHOW CREATE TABLE `org_rate`
2023/10/23 03:40:03 [trace] [system.db.CDbCommand] Querying SQL: SELECT * FROM `org_rate` `t` WHERE id = :id LIMIT 1
2023/10/23 03:40:03 [trace] [system.db.ar.CActiveRecord] Addr.findByPk()
2023/10/23 03:40:03 [trace] [system.db.CDbCommand] Querying SQL: SHOW FULL COLUMNS FROM `addr`
2023/10/23 03:40:03 [trace] [system.db.CDbCommand] Querying SQL: SHOW CREATE TABLE `addr`
2023/10/23 03:40:03 [trace] [system.db.CDbCommand] Querying SQL: SELECT * FROM `addr` `t` WHERE `t`.`id`='142274923' LIMIT 1
2023/10/23 03:40:03 [trace] [system.db.ar.CActiveRecord] lazy loading ImParcel.cnee
2023/10/23 03:40:03 [trace] [system.db.CDbCommand] Querying SQL: SELECT `cnee`.`id` AS `t1_c0`, `cnee`.`owner_id` AS `t1_c1`, `cnee`.`cnid_id` AS `t1_c2`, `cnee`.`name` AS `t1_c3`, `cnee`.`company` AS `t1_c4`, `cnee`.`address` AS `t1_c5`, `cnee`.`suburb` AS `t1_c6`, `cnee`.`city` AS `t1_c7`, `cnee`.`state` AS `t1_c8`, `cnee`.`postcode` AS `t1_c9`, `cnee`.`country` AS `t1_c10`, `cnee`.`tel` AS `t1_c11`, `cnee`.`email` AS `t1_c12`, `cnee`.`acc` AS `t1_c13`, `cnee`.`cnid_no` AS `t1_c14` FROM `addr` `cnee`  WHERE (`cnee`.`id`=:ypl0)
2023/10/23 03:40:55 [trace] [system.db.CDbConnection] Opening DB connection
2023/10/23 03:40:57 [trace] [system.db.CDbCommand] Querying SQL: SHOW FULL COLUMNS FROM `shipment`
2023/10/23 03:40:57 [trace] [system.db.CDbCommand] Querying SQL: SHOW CREATE TABLE `shipment`
2023/10/23 03:40:57 [trace] [system.db.ar.CActiveRecord] ImParcel.findByPk()
2023/10/23 03:40:57 [trace] [system.db.CDbCommand] Querying SQL: SELECT * FROM `shipment` `t` WHERE (`t`.`type`=10) AND (`t`.`id`='56382314') LIMIT 1
2023/10/23 03:40:57 [trace] [system.db.ar.CActiveRecord] OrgRate.find()
2023/10/23 03:40:57 [trace] [system.db.CDbCommand] Querying SQL: SHOW FULL COLUMNS FROM `org_rate`
2023/10/23 03:40:57 [trace] [system.db.CDbCommand] Querying SQL: SHOW CREATE TABLE `org_rate`
2023/10/23 03:40:57 [trace] [system.db.CDbCommand] Querying SQL: SELECT * FROM `org_rate` `t` WHERE id = :id LIMIT 1
2023/10/23 03:40:57 [trace] [system.db.ar.CActiveRecord] Addr.findByPk()
2023/10/23 03:40:57 [trace] [system.db.CDbCommand] Querying SQL: SHOW FULL COLUMNS FROM `addr`
2023/10/23 03:40:57 [trace] [system.db.CDbCommand] Querying SQL: SHOW CREATE TABLE `addr`
2023/10/23 03:40:57 [trace] [system.db.CDbCommand] Querying SQL: SELECT * FROM `addr` `t` WHERE `t`.`id`='142274923' LIMIT 1
2023/10/23 03:40:57 [trace] [system.db.ar.CActiveRecord] lazy loading ImParcel.cnee
2023/10/23 03:40:57 [trace] [system.db.CDbCommand] Querying SQL: SELECT `cnee`.`id` AS `t1_c0`, `cnee`.`owner_id` AS `t1_c1`, `cnee`.`cnid_id` AS `t1_c2`, `cnee`.`name` AS `t1_c3`, `cnee`.`company` AS `t1_c4`, `cnee`.`address` AS `t1_c5`, `cnee`.`suburb` AS `t1_c6`, `cnee`.`city` AS `t1_c7`, `cnee`.`state` AS `t1_c8`, `cnee`.`postcode` AS `t1_c9`, `cnee`.`country` AS `t1_c10`, `cnee`.`tel` AS `t1_c11`, `cnee`.`email` AS `t1_c12`, `cnee`.`acc` AS `t1_c13`, `cnee`.`cnid_no` AS `t1_c14` FROM `addr` `cnee`  WHERE (`cnee`.`id`=:ypl0)
2023/10/23 03:41:29 [trace] [system.db.CDbConnection] Opening DB connection
2023/10/23 03:41:31 [trace] [system.db.CDbCommand] Querying SQL: SHOW FULL COLUMNS FROM `shipment`
2023/10/23 03:41:31 [trace] [system.db.CDbCommand] Querying SQL: SHOW CREATE TABLE `shipment`
2023/10/23 03:41:31 [trace] [system.db.ar.CActiveRecord] ImParcel.findByPk()
2023/10/23 03:41:31 [trace] [system.db.CDbCommand] Querying SQL: SELECT * FROM `shipment` `t` WHERE (`t`.`type`=10) AND (`t`.`id`='56382314') LIMIT 1
2023/10/23 03:41:31 [trace] [system.db.ar.CActiveRecord] OrgRate.find()
2023/10/23 03:41:31 [trace] [system.db.CDbCommand] Querying SQL: SHOW FULL COLUMNS FROM `org_rate`
2023/10/23 03:41:31 [trace] [system.db.CDbCommand] Querying SQL: SHOW CREATE TABLE `org_rate`
2023/10/23 03:41:31 [trace] [system.db.CDbCommand] Querying SQL: SELECT * FROM `org_rate` `t` WHERE id = :id LIMIT 1
2023/10/23 03:41:31 [trace] [system.db.ar.CActiveRecord] Addr.findByPk()
2023/10/23 03:41:31 [trace] [system.db.CDbCommand] Querying SQL: SHOW FULL COLUMNS FROM `addr`
2023/10/23 03:41:31 [trace] [system.db.CDbCommand] Querying SQL: SHOW CREATE TABLE `addr`
2023/10/23 03:41:31 [trace] [system.db.CDbCommand] Querying SQL: SELECT * FROM `addr` `t` WHERE `t`.`id`='142274923' LIMIT 1
2023/10/23 03:41:31 [trace] [system.db.ar.CActiveRecord] lazy loading ImParcel.cnee
2023/10/23 03:41:31 [trace] [system.db.CDbCommand] Querying SQL: SELECT `cnee`.`id` AS `t1_c0`, `cnee`.`owner_id` AS `t1_c1`, `cnee`.`cnid_id` AS `t1_c2`, `cnee`.`name` AS `t1_c3`, `cnee`.`company` AS `t1_c4`, `cnee`.`address` AS `t1_c5`, `cnee`.`suburb` AS `t1_c6`, `cnee`.`city` AS `t1_c7`, `cnee`.`state` AS `t1_c8`, `cnee`.`postcode` AS `t1_c9`, `cnee`.`country` AS `t1_c10`, `cnee`.`tel` AS `t1_c11`, `cnee`.`email` AS `t1_c12`, `cnee`.`acc` AS `t1_c13`, `cnee`.`cnid_no` AS `t1_c14` FROM `addr` `cnee`  WHERE (`cnee`.`id`=:ypl0)
2023/10/23 03:41:51 [trace] [system.db.CDbConnection] Opening DB connection
2023/10/23 03:41:53 [trace] [system.db.CDbCommand] Querying SQL: SHOW FULL COLUMNS FROM `shipment`
2023/10/23 03:41:53 [trace] [system.db.CDbCommand] Querying SQL: SHOW CREATE TABLE `shipment`
2023/10/23 03:41:53 [trace] [system.db.ar.CActiveRecord] ImParcel.findByPk()
2023/10/23 03:41:53 [trace] [system.db.CDbCommand] Querying SQL: SELECT * FROM `shipment` `t` WHERE (`t`.`type`=10) AND (`t`.`id`='56382314') LIMIT 1
2023/10/23 03:41:53 [trace] [system.db.ar.CActiveRecord] OrgRate.find()
2023/10/23 03:41:53 [trace] [system.db.CDbCommand] Querying SQL: SHOW FULL COLUMNS FROM `org_rate`
2023/10/23 03:41:53 [trace] [system.db.CDbCommand] Querying SQL: SHOW CREATE TABLE `org_rate`
2023/10/23 03:41:53 [trace] [system.db.CDbCommand] Querying SQL: SELECT * FROM `org_rate` `t` WHERE id = :id LIMIT 1
2023/10/23 03:41:53 [trace] [system.db.ar.CActiveRecord] Addr.findByPk()
2023/10/23 03:41:53 [trace] [system.db.CDbCommand] Querying SQL: SHOW FULL COLUMNS FROM `addr`
2023/10/23 03:41:53 [trace] [system.db.CDbCommand] Querying SQL: SHOW CREATE TABLE `addr`
2023/10/23 03:41:53 [trace] [system.db.CDbCommand] Querying SQL: SELECT * FROM `addr` `t` WHERE `t`.`id`='142274923' LIMIT 1
2023/10/23 03:41:53 [trace] [system.db.ar.CActiveRecord] lazy loading ImParcel.cnee
2023/10/23 03:41:53 [trace] [system.db.CDbCommand] Querying SQL: SELECT `cnee`.`id` AS `t1_c0`, `cnee`.`owner_id` AS `t1_c1`, `cnee`.`cnid_id` AS `t1_c2`, `cnee`.`name` AS `t1_c3`, `cnee`.`company` AS `t1_c4`, `cnee`.`address` AS `t1_c5`, `cnee`.`suburb` AS `t1_c6`, `cnee`.`city` AS `t1_c7`, `cnee`.`state` AS `t1_c8`, `cnee`.`postcode` AS `t1_c9`, `cnee`.`country` AS `t1_c10`, `cnee`.`tel` AS `t1_c11`, `cnee`.`email` AS `t1_c12`, `cnee`.`acc` AS `t1_c13`, `cnee`.`cnid_no` AS `t1_c14` FROM `addr` `cnee`  WHERE (`cnee`.`id`=:ypl0)
2023/10/23 03:42:02 [trace] [system.db.CDbConnection] Opening DB connection
2023/10/23 03:42:04 [trace] [system.db.CDbCommand] Querying SQL: SHOW FULL COLUMNS FROM `shipment`
2023/10/23 03:42:04 [trace] [system.db.CDbCommand] Querying SQL: SHOW CREATE TABLE `shipment`
2023/10/23 03:42:04 [trace] [system.db.ar.CActiveRecord] ImParcel.findByPk()
2023/10/23 03:42:04 [trace] [system.db.CDbCommand] Querying SQL: SELECT * FROM `shipment` `t` WHERE (`t`.`type`=10) AND (`t`.`id`='56382314') LIMIT 1
2023/10/23 03:42:04 [trace] [system.db.ar.CActiveRecord] OrgRate.find()
2023/10/23 03:42:04 [trace] [system.db.CDbCommand] Querying SQL: SHOW FULL COLUMNS FROM `org_rate`
2023/10/23 03:42:04 [trace] [system.db.CDbCommand] Querying SQL: SHOW CREATE TABLE `org_rate`
2023/10/23 03:42:04 [trace] [system.db.CDbCommand] Querying SQL: SELECT * FROM `org_rate` `t` WHERE id = :id LIMIT 1
2023/10/23 03:42:04 [trace] [system.db.ar.CActiveRecord] Addr.findByPk()
2023/10/23 03:42:04 [trace] [system.db.CDbCommand] Querying SQL: SHOW FULL COLUMNS FROM `addr`
2023/10/23 03:42:04 [trace] [system.db.CDbCommand] Querying SQL: SHOW CREATE TABLE `addr`
2023/10/23 03:42:04 [trace] [system.db.CDbCommand] Querying SQL: SELECT * FROM `addr` `t` WHERE `t`.`id`='142274923' LIMIT 1
2023/10/23 03:42:04 [trace] [system.db.ar.CActiveRecord] lazy loading ImParcel.cnee
2023/10/23 03:42:04 [trace] [system.db.CDbCommand] Querying SQL: SELECT `cnee`.`id` AS `t1_c0`, `cnee`.`owner_id` AS `t1_c1`, `cnee`.`cnid_id` AS `t1_c2`, `cnee`.`name` AS `t1_c3`, `cnee`.`company` AS `t1_c4`, `cnee`.`address` AS `t1_c5`, `cnee`.`suburb` AS `t1_c6`, `cnee`.`city` AS `t1_c7`, `cnee`.`state` AS `t1_c8`, `cnee`.`postcode` AS `t1_c9`, `cnee`.`country` AS `t1_c10`, `cnee`.`tel` AS `t1_c11`, `cnee`.`email` AS `t1_c12`, `cnee`.`acc` AS `t1_c13`, `cnee`.`cnid_no` AS `t1_c14` FROM `addr` `cnee`  WHERE (`cnee`.`id`=:ypl0)
2023/10/23 03:44:45 [trace] [system.db.CDbConnection] Opening DB connection
2023/10/23 03:44:47 [trace] [system.db.CDbCommand] Querying SQL: SHOW FULL COLUMNS FROM `shipment`
2023/10/23 03:44:47 [trace] [system.db.CDbCommand] Querying SQL: SHOW CREATE TABLE `shipment`
2023/10/23 03:44:47 [trace] [system.db.ar.CActiveRecord] ImParcel.findByPk()
2023/10/23 03:44:47 [trace] [system.db.CDbCommand] Querying SQL: SELECT * FROM `shipment` `t` WHERE (`t`.`type`=10) AND (`t`.`id`='56382314') LIMIT 1
2023/10/23 03:44:47 [trace] [system.db.ar.CActiveRecord] OrgRate.find()
2023/10/23 03:44:47 [trace] [system.db.CDbCommand] Querying SQL: SHOW FULL COLUMNS FROM `org_rate`
2023/10/23 03:44:47 [trace] [system.db.CDbCommand] Querying SQL: SHOW CREATE TABLE `org_rate`
2023/10/23 03:44:47 [trace] [system.db.CDbCommand] Querying SQL: SELECT * FROM `org_rate` `t` WHERE id = :id LIMIT 1
2023/10/23 03:44:47 [trace] [system.db.ar.CActiveRecord] Addr.findByPk()
2023/10/23 03:44:47 [trace] [system.db.CDbCommand] Querying SQL: SHOW FULL COLUMNS FROM `addr`
2023/10/23 03:44:47 [trace] [system.db.CDbCommand] Querying SQL: SHOW CREATE TABLE `addr`
2023/10/23 03:44:47 [trace] [system.db.CDbCommand] Querying SQL: SELECT * FROM `addr` `t` WHERE `t`.`id`='142274923' LIMIT 1
2023/10/23 03:44:47 [trace] [system.db.ar.CActiveRecord] lazy loading ImParcel.cnee
2023/10/23 03:44:47 [trace] [system.db.CDbCommand] Querying SQL: SELECT `cnee`.`id` AS `t1_c0`, `cnee`.`owner_id` AS `t1_c1`, `cnee`.`cnid_id` AS `t1_c2`, `cnee`.`name` AS `t1_c3`, `cnee`.`company` AS `t1_c4`, `cnee`.`address` AS `t1_c5`, `cnee`.`suburb` AS `t1_c6`, `cnee`.`city` AS `t1_c7`, `cnee`.`state` AS `t1_c8`, `cnee`.`postcode` AS `t1_c9`, `cnee`.`country` AS `t1_c10`, `cnee`.`tel` AS `t1_c11`, `cnee`.`email` AS `t1_c12`, `cnee`.`acc` AS `t1_c13`, `cnee`.`cnid_no` AS `t1_c14` FROM `addr` `cnee`  WHERE (`cnee`.`id`=:ypl0)
2023/10/23 03:47:05 [trace] [system.db.CDbConnection] Opening DB connection
2023/10/23 03:47:07 [trace] [system.db.CDbCommand] Querying SQL: SHOW FULL COLUMNS FROM `shipment`
2023/10/23 03:47:07 [trace] [system.db.CDbCommand] Querying SQL: SHOW CREATE TABLE `shipment`
2023/10/23 03:47:07 [trace] [system.db.ar.CActiveRecord] ImParcel.findByPk()
2023/10/23 03:47:07 [trace] [system.db.CDbCommand] Querying SQL: SELECT * FROM `shipment` `t` WHERE (`t`.`type`=10) AND (`t`.`id`='56382314') LIMIT 1
2023/10/23 03:47:07 [trace] [system.db.ar.CActiveRecord] OrgRate.find()
2023/10/23 03:47:07 [trace] [system.db.CDbCommand] Querying SQL: SHOW FULL COLUMNS FROM `org_rate`
2023/10/23 03:47:07 [trace] [system.db.CDbCommand] Querying SQL: SHOW CREATE TABLE `org_rate`
2023/10/23 03:47:07 [trace] [system.db.CDbCommand] Querying SQL: SELECT * FROM `org_rate` `t` WHERE id = :id LIMIT 1
2023/10/23 03:47:07 [trace] [system.db.ar.CActiveRecord] Addr.findByPk()
2023/10/23 03:47:07 [trace] [system.db.CDbCommand] Querying SQL: SHOW FULL COLUMNS FROM `addr`
2023/10/23 03:47:07 [trace] [system.db.CDbCommand] Querying SQL: SHOW CREATE TABLE `addr`
2023/10/23 03:47:07 [trace] [system.db.CDbCommand] Querying SQL: SELECT * FROM `addr` `t` WHERE `t`.`id`='142274923' LIMIT 1
2023/10/23 03:47:07 [trace] [system.db.ar.CActiveRecord] lazy loading ImParcel.cnee
2023/10/23 03:47:07 [trace] [system.db.CDbCommand] Querying SQL: SELECT `cnee`.`id` AS `t1_c0`, `cnee`.`owner_id` AS `t1_c1`, `cnee`.`cnid_id` AS `t1_c2`, `cnee`.`name` AS `t1_c3`, `cnee`.`company` AS `t1_c4`, `cnee`.`address` AS `t1_c5`, `cnee`.`suburb` AS `t1_c6`, `cnee`.`city` AS `t1_c7`, `cnee`.`state` AS `t1_c8`, `cnee`.`postcode` AS `t1_c9`, `cnee`.`country` AS `t1_c10`, `cnee`.`tel` AS `t1_c11`, `cnee`.`email` AS `t1_c12`, `cnee`.`acc` AS `t1_c13`, `cnee`.`cnid_no` AS `t1_c14` FROM `addr` `cnee`  WHERE (`cnee`.`id`=:ypl0)
2023/10/23 03:51:12 [trace] [system.db.CDbConnection] Opening DB connection
2023/10/23 03:51:14 [trace] [system.db.CDbCommand] Querying SQL: SHOW FULL COLUMNS FROM `shipment`
2023/10/23 03:51:14 [trace] [system.db.CDbCommand] Querying SQL: SHOW CREATE TABLE `shipment`
2023/10/23 03:51:14 [trace] [system.db.ar.CActiveRecord] ImParcel.findByPk()
2023/10/23 03:51:14 [trace] [system.db.CDbCommand] Querying SQL: SELECT * FROM `shipment` `t` WHERE (`t`.`type`=10) AND (`t`.`id`='56382314') LIMIT 1
2023/10/23 03:51:14 [trace] [system.db.ar.CActiveRecord] OrgRate.find()
2023/10/23 03:51:14 [trace] [system.db.CDbCommand] Querying SQL: SHOW FULL COLUMNS FROM `org_rate`
2023/10/23 03:51:14 [trace] [system.db.CDbCommand] Querying SQL: SHOW CREATE TABLE `org_rate`
2023/10/23 03:51:14 [trace] [system.db.CDbCommand] Querying SQL: SELECT * FROM `org_rate` `t` WHERE id = :id LIMIT 1
2023/10/23 03:51:14 [trace] [system.db.ar.CActiveRecord] Addr.findByPk()
2023/10/23 03:51:14 [trace] [system.db.CDbCommand] Querying SQL: SHOW FULL COLUMNS FROM `addr`
2023/10/23 03:51:14 [trace] [system.db.CDbCommand] Querying SQL: SHOW CREATE TABLE `addr`
2023/10/23 03:51:14 [trace] [system.db.CDbCommand] Querying SQL: SELECT * FROM `addr` `t` WHERE `t`.`id`='142274923' LIMIT 1
2023/10/23 03:51:14 [trace] [system.db.ar.CActiveRecord] lazy loading ImParcel.cnee
2023/10/23 03:51:14 [trace] [system.db.CDbCommand] Querying SQL: SELECT `cnee`.`id` AS `t1_c0`, `cnee`.`owner_id` AS `t1_c1`, `cnee`.`cnid_id` AS `t1_c2`, `cnee`.`name` AS `t1_c3`, `cnee`.`company` AS `t1_c4`, `cnee`.`address` AS `t1_c5`, `cnee`.`suburb` AS `t1_c6`, `cnee`.`city` AS `t1_c7`, `cnee`.`state` AS `t1_c8`, `cnee`.`postcode` AS `t1_c9`, `cnee`.`country` AS `t1_c10`, `cnee`.`tel` AS `t1_c11`, `cnee`.`email` AS `t1_c12`, `cnee`.`acc` AS `t1_c13`, `cnee`.`cnid_no` AS `t1_c14` FROM `addr` `cnee`  WHERE (`cnee`.`id`=:ypl0)
2023/10/23 03:51:22 [trace] [system.db.CDbConnection] Opening DB connection
2023/10/23 03:51:24 [trace] [system.db.CDbCommand] Querying SQL: SHOW FULL COLUMNS FROM `shipment`
2023/10/23 03:51:24 [trace] [system.db.CDbCommand] Querying SQL: SHOW CREATE TABLE `shipment`
2023/10/23 03:51:24 [trace] [system.db.ar.CActiveRecord] ImParcel.findByPk()
2023/10/23 03:51:24 [trace] [system.db.CDbCommand] Querying SQL: SELECT * FROM `shipment` `t` WHERE (`t`.`type`=10) AND (`t`.`id`='56382314') LIMIT 1
2023/10/23 03:51:24 [trace] [system.db.ar.CActiveRecord] OrgRate.find()
2023/10/23 03:51:24 [trace] [system.db.CDbCommand] Querying SQL: SHOW FULL COLUMNS FROM `org_rate`
2023/10/23 03:51:24 [trace] [system.db.CDbCommand] Querying SQL: SHOW CREATE TABLE `org_rate`
2023/10/23 03:51:24 [trace] [system.db.CDbCommand] Querying SQL: SELECT * FROM `org_rate` `t` WHERE id = :id LIMIT 1
2023/10/23 03:51:24 [trace] [system.db.ar.CActiveRecord] Addr.findByPk()
2023/10/23 03:51:24 [trace] [system.db.CDbCommand] Querying SQL: SHOW FULL COLUMNS FROM `addr`
2023/10/23 03:51:24 [trace] [system.db.CDbCommand] Querying SQL: SHOW CREATE TABLE `addr`
2023/10/23 03:51:24 [trace] [system.db.CDbCommand] Querying SQL: SELECT * FROM `addr` `t` WHERE `t`.`id`='142274923' LIMIT 1
2023/10/23 03:51:24 [trace] [system.db.ar.CActiveRecord] lazy loading ImParcel.cnee
2023/10/23 03:51:24 [trace] [system.db.CDbCommand] Querying SQL: SELECT `cnee`.`id` AS `t1_c0`, `cnee`.`owner_id` AS `t1_c1`, `cnee`.`cnid_id` AS `t1_c2`, `cnee`.`name` AS `t1_c3`, `cnee`.`company` AS `t1_c4`, `cnee`.`address` AS `t1_c5`, `cnee`.`suburb` AS `t1_c6`, `cnee`.`city` AS `t1_c7`, `cnee`.`state` AS `t1_c8`, `cnee`.`postcode` AS `t1_c9`, `cnee`.`country` AS `t1_c10`, `cnee`.`tel` AS `t1_c11`, `cnee`.`email` AS `t1_c12`, `cnee`.`acc` AS `t1_c13`, `cnee`.`cnid_no` AS `t1_c14` FROM `addr` `cnee`  WHERE (`cnee`.`id`=:ypl0)
2023/10/23 03:51:59 [trace] [system.db.CDbConnection] Opening DB connection
2023/10/23 03:52:01 [trace] [system.db.CDbCommand] Querying SQL: SHOW FULL COLUMNS FROM `shipment`
2023/10/23 03:52:01 [trace] [system.db.CDbCommand] Querying SQL: SHOW CREATE TABLE `shipment`
2023/10/23 03:52:01 [trace] [system.db.ar.CActiveRecord] ImParcel.findByPk()
2023/10/23 03:52:01 [trace] [system.db.CDbCommand] Querying SQL: SELECT * FROM `shipment` `t` WHERE (`t`.`type`=10) AND (`t`.`id`='56382314') LIMIT 1
2023/10/23 03:52:01 [trace] [system.db.ar.CActiveRecord] OrgRate.find()
2023/10/23 03:52:01 [trace] [system.db.CDbCommand] Querying SQL: SHOW FULL COLUMNS FROM `org_rate`
2023/10/23 03:52:01 [trace] [system.db.CDbCommand] Querying SQL: SHOW CREATE TABLE `org_rate`
2023/10/23 03:52:01 [trace] [system.db.CDbCommand] Querying SQL: SELECT * FROM `org_rate` `t` WHERE id = :id LIMIT 1
2023/10/23 03:52:01 [trace] [system.db.ar.CActiveRecord] Addr.findByPk()
2023/10/23 03:52:01 [trace] [system.db.CDbCommand] Querying SQL: SHOW FULL COLUMNS FROM `addr`
2023/10/23 03:52:01 [trace] [system.db.CDbCommand] Querying SQL: SHOW CREATE TABLE `addr`
2023/10/23 03:52:01 [trace] [system.db.CDbCommand] Querying SQL: SELECT * FROM `addr` `t` WHERE `t`.`id`='142274923' LIMIT 1
2023/10/23 03:52:01 [trace] [system.db.ar.CActiveRecord] lazy loading ImParcel.cnee
2023/10/23 03:52:01 [trace] [system.db.CDbCommand] Querying SQL: SELECT `cnee`.`id` AS `t1_c0`, `cnee`.`owner_id` AS `t1_c1`, `cnee`.`cnid_id` AS `t1_c2`, `cnee`.`name` AS `t1_c3`, `cnee`.`company` AS `t1_c4`, `cnee`.`address` AS `t1_c5`, `cnee`.`suburb` AS `t1_c6`, `cnee`.`city` AS `t1_c7`, `cnee`.`state` AS `t1_c8`, `cnee`.`postcode` AS `t1_c9`, `cnee`.`country` AS `t1_c10`, `cnee`.`tel` AS `t1_c11`, `cnee`.`email` AS `t1_c12`, `cnee`.`acc` AS `t1_c13`, `cnee`.`cnid_no` AS `t1_c14` FROM `addr` `cnee`  WHERE (`cnee`.`id`=:ypl0)
2023/10/23 03:55:14 [trace] [system.db.CDbConnection] Opening DB connection
2023/10/23 03:55:17 [trace] [system.db.CDbCommand] Querying SQL: SHOW FULL COLUMNS FROM `shipment`
2023/10/23 03:55:17 [trace] [system.db.CDbCommand] Querying SQL: SHOW CREATE TABLE `shipment`
2023/10/23 03:55:17 [trace] [system.db.ar.CActiveRecord] ImParcel.findByPk()
2023/10/23 03:55:17 [trace] [system.db.CDbCommand] Querying SQL: SELECT * FROM `shipment` `t` WHERE (`t`.`type`=10) AND (`t`.`id`='56382314') LIMIT 1
2023/10/23 03:55:17 [trace] [system.db.ar.CActiveRecord] OrgRate.find()
2023/10/23 03:55:17 [trace] [system.db.CDbCommand] Querying SQL: SHOW FULL COLUMNS FROM `org_rate`
2023/10/23 03:55:17 [trace] [system.db.CDbCommand] Querying SQL: SHOW CREATE TABLE `org_rate`
2023/10/23 03:55:17 [trace] [system.db.CDbCommand] Querying SQL: SELECT * FROM `org_rate` `t` WHERE id = :id LIMIT 1
2023/10/23 03:55:17 [trace] [system.db.ar.CActiveRecord] Addr.findByPk()
2023/10/23 03:55:17 [trace] [system.db.CDbCommand] Querying SQL: SHOW FULL COLUMNS FROM `addr`
2023/10/23 03:55:17 [trace] [system.db.CDbCommand] Querying SQL: SHOW CREATE TABLE `addr`
2023/10/23 03:55:17 [trace] [system.db.CDbCommand] Querying SQL: SELECT * FROM `addr` `t` WHERE `t`.`id`='142274923' LIMIT 1
2023/10/23 03:55:17 [trace] [system.db.ar.CActiveRecord] lazy loading ImParcel.cnee
2023/10/23 03:55:17 [trace] [system.db.CDbCommand] Querying SQL: SELECT `cnee`.`id` AS `t1_c0`, `cnee`.`owner_id` AS `t1_c1`, `cnee`.`cnid_id` AS `t1_c2`, `cnee`.`name` AS `t1_c3`, `cnee`.`company` AS `t1_c4`, `cnee`.`address` AS `t1_c5`, `cnee`.`suburb` AS `t1_c6`, `cnee`.`city` AS `t1_c7`, `cnee`.`state` AS `t1_c8`, `cnee`.`postcode` AS `t1_c9`, `cnee`.`country` AS `t1_c10`, `cnee`.`tel` AS `t1_c11`, `cnee`.`email` AS `t1_c12`, `cnee`.`acc` AS `t1_c13`, `cnee`.`cnid_no` AS `t1_c14` FROM `addr` `cnee`  WHERE (`cnee`.`id`=:ypl0)
2023/10/23 03:58:00 [trace] [system.db.CDbConnection] Opening DB connection
2023/10/23 03:58:02 [trace] [system.db.CDbCommand] Querying SQL: SHOW FULL COLUMNS FROM `shipment`
2023/10/23 03:58:02 [trace] [system.db.CDbCommand] Querying SQL: SHOW CREATE TABLE `shipment`
2023/10/23 03:58:02 [trace] [system.db.ar.CActiveRecord] ImParcel.findByPk()
2023/10/23 03:58:02 [trace] [system.db.CDbCommand] Querying SQL: SELECT * FROM `shipment` `t` WHERE (`t`.`type`=10) AND (`t`.`id`='56382314') LIMIT 1
2023/10/23 03:58:02 [trace] [system.db.ar.CActiveRecord] OrgRate.find()
2023/10/23 03:58:02 [trace] [system.db.CDbCommand] Querying SQL: SHOW FULL COLUMNS FROM `org_rate`
2023/10/23 03:58:02 [trace] [system.db.CDbCommand] Querying SQL: SHOW CREATE TABLE `org_rate`
2023/10/23 03:58:02 [trace] [system.db.CDbCommand] Querying SQL: SELECT * FROM `org_rate` `t` WHERE id = :id LIMIT 1
2023/10/23 03:58:02 [trace] [system.db.ar.CActiveRecord] Addr.findByPk()
2023/10/23 03:58:02 [trace] [system.db.CDbCommand] Querying SQL: SHOW FULL COLUMNS FROM `addr`
2023/10/23 03:58:02 [trace] [system.db.CDbCommand] Querying SQL: SHOW CREATE TABLE `addr`
2023/10/23 03:58:02 [trace] [system.db.CDbCommand] Querying SQL: SELECT * FROM `addr` `t` WHERE `t`.`id`='142274923' LIMIT 1
2023/10/23 03:58:02 [trace] [system.db.ar.CActiveRecord] lazy loading ImParcel.cnee
2023/10/23 03:58:02 [trace] [system.db.CDbCommand] Querying SQL: SELECT `cnee`.`id` AS `t1_c0`, `cnee`.`owner_id` AS `t1_c1`, `cnee`.`cnid_id` AS `t1_c2`, `cnee`.`name` AS `t1_c3`, `cnee`.`company` AS `t1_c4`, `cnee`.`address` AS `t1_c5`, `cnee`.`suburb` AS `t1_c6`, `cnee`.`city` AS `t1_c7`, `cnee`.`state` AS `t1_c8`, `cnee`.`postcode` AS `t1_c9`, `cnee`.`country` AS `t1_c10`, `cnee`.`tel` AS `t1_c11`, `cnee`.`email` AS `t1_c12`, `cnee`.`acc` AS `t1_c13`, `cnee`.`cnid_no` AS `t1_c14` FROM `addr` `cnee`  WHERE (`cnee`.`id`=:ypl0)
2023/10/23 03:58:20 [trace] [system.db.CDbConnection] Opening DB connection
2023/10/23 03:58:22 [trace] [system.db.CDbCommand] Querying SQL: SHOW FULL COLUMNS FROM `shipment`
2023/10/23 03:58:22 [trace] [system.db.CDbCommand] Querying SQL: SHOW CREATE TABLE `shipment`
2023/10/23 03:58:22 [trace] [system.db.ar.CActiveRecord] ImParcel.findByPk()
2023/10/23 03:58:22 [trace] [system.db.CDbCommand] Querying SQL: SELECT * FROM `shipment` `t` WHERE (`t`.`type`=10) AND (`t`.`id`='56382314') LIMIT 1
2023/10/23 03:58:22 [trace] [system.db.ar.CActiveRecord] OrgRate.find()
2023/10/23 03:58:22 [trace] [system.db.CDbCommand] Querying SQL: SHOW FULL COLUMNS FROM `org_rate`
2023/10/23 03:58:22 [trace] [system.db.CDbCommand] Querying SQL: SHOW CREATE TABLE `org_rate`
2023/10/23 03:58:22 [trace] [system.db.CDbCommand] Querying SQL: SELECT * FROM `org_rate` `t` WHERE id = :id LIMIT 1
2023/10/23 03:58:22 [trace] [system.db.ar.CActiveRecord] Addr.findByPk()
2023/10/23 03:58:22 [trace] [system.db.CDbCommand] Querying SQL: SHOW FULL COLUMNS FROM `addr`
2023/10/23 03:58:22 [trace] [system.db.CDbCommand] Querying SQL: SHOW CREATE TABLE `addr`
2023/10/23 03:58:22 [trace] [system.db.CDbCommand] Querying SQL: SELECT * FROM `addr` `t` WHERE `t`.`id`='142274923' LIMIT 1
2023/10/23 03:58:22 [trace] [system.db.ar.CActiveRecord] lazy loading ImParcel.cnee
2023/10/23 03:58:22 [trace] [system.db.CDbCommand] Querying SQL: SELECT `cnee`.`id` AS `t1_c0`, `cnee`.`owner_id` AS `t1_c1`, `cnee`.`cnid_id` AS `t1_c2`, `cnee`.`name` AS `t1_c3`, `cnee`.`company` AS `t1_c4`, `cnee`.`address` AS `t1_c5`, `cnee`.`suburb` AS `t1_c6`, `cnee`.`city` AS `t1_c7`, `cnee`.`state` AS `t1_c8`, `cnee`.`postcode` AS `t1_c9`, `cnee`.`country` AS `t1_c10`, `cnee`.`tel` AS `t1_c11`, `cnee`.`email` AS `t1_c12`, `cnee`.`acc` AS `t1_c13`, `cnee`.`cnid_no` AS `t1_c14` FROM `addr` `cnee`  WHERE (`cnee`.`id`=:ypl0)
2023/10/23 03:59:14 [trace] [system.db.CDbConnection] Opening DB connection
2023/10/23 03:59:16 [trace] [system.db.CDbCommand] Querying SQL: SHOW FULL COLUMNS FROM `shipment`
2023/10/23 03:59:16 [trace] [system.db.CDbCommand] Querying SQL: SHOW CREATE TABLE `shipment`
2023/10/23 03:59:16 [trace] [system.db.ar.CActiveRecord] ImParcel.findByPk()
2023/10/23 03:59:16 [trace] [system.db.CDbCommand] Querying SQL: SELECT * FROM `shipment` `t` WHERE (`t`.`type`=10) AND (`t`.`id`='56382314') LIMIT 1
2023/10/23 03:59:16 [trace] [system.db.ar.CActiveRecord] OrgRate.find()
2023/10/23 03:59:16 [trace] [system.db.CDbCommand] Querying SQL: SHOW FULL COLUMNS FROM `org_rate`
2023/10/23 03:59:16 [trace] [system.db.CDbCommand] Querying SQL: SHOW CREATE TABLE `org_rate`
2023/10/23 03:59:16 [trace] [system.db.CDbCommand] Querying SQL: SELECT * FROM `org_rate` `t` WHERE id = :id LIMIT 1
2023/10/23 03:59:16 [trace] [system.db.ar.CActiveRecord] Addr.findByPk()
2023/10/23 03:59:16 [trace] [system.db.CDbCommand] Querying SQL: SHOW FULL COLUMNS FROM `addr`
2023/10/23 03:59:16 [trace] [system.db.CDbCommand] Querying SQL: SHOW CREATE TABLE `addr`
2023/10/23 03:59:16 [trace] [system.db.CDbCommand] Querying SQL: SELECT * FROM `addr` `t` WHERE `t`.`id`='142274923' LIMIT 1
2023/10/23 03:59:16 [trace] [system.db.ar.CActiveRecord] lazy loading ImParcel.cnee
2023/10/23 03:59:16 [trace] [system.db.CDbCommand] Querying SQL: SELECT `cnee`.`id` AS `t1_c0`, `cnee`.`owner_id` AS `t1_c1`, `cnee`.`cnid_id` AS `t1_c2`, `cnee`.`name` AS `t1_c3`, `cnee`.`company` AS `t1_c4`, `cnee`.`address` AS `t1_c5`, `cnee`.`suburb` AS `t1_c6`, `cnee`.`city` AS `t1_c7`, `cnee`.`state` AS `t1_c8`, `cnee`.`postcode` AS `t1_c9`, `cnee`.`country` AS `t1_c10`, `cnee`.`tel` AS `t1_c11`, `cnee`.`email` AS `t1_c12`, `cnee`.`acc` AS `t1_c13`, `cnee`.`cnid_no` AS `t1_c14` FROM `addr` `cnee`  WHERE (`cnee`.`id`=:ypl0)
2023/10/23 04:01:26 [trace] [system.db.CDbConnection] Opening DB connection
2023/10/23 04:01:28 [trace] [system.db.CDbCommand] Querying SQL: SHOW FULL COLUMNS FROM `shipment`
2023/10/23 04:01:28 [trace] [system.db.CDbCommand] Querying SQL: SHOW CREATE TABLE `shipment`
2023/10/23 04:01:28 [trace] [system.db.ar.CActiveRecord] ImParcel.findByPk()
2023/10/23 04:01:28 [trace] [system.db.CDbCommand] Querying SQL: SELECT * FROM `shipment` `t` WHERE (`t`.`type`=10) AND (`t`.`id`='56382314') LIMIT 1
2023/10/23 04:01:28 [trace] [system.db.ar.CActiveRecord] OrgRate.find()
2023/10/23 04:01:28 [trace] [system.db.CDbCommand] Querying SQL: SHOW FULL COLUMNS FROM `org_rate`
2023/10/23 04:01:28 [trace] [system.db.CDbCommand] Querying SQL: SHOW CREATE TABLE `org_rate`
2023/10/23 04:01:28 [trace] [system.db.CDbCommand] Querying SQL: SELECT * FROM `org_rate` `t` WHERE id = :id LIMIT 1
2023/10/23 04:01:28 [trace] [system.db.ar.CActiveRecord] Addr.findByPk()
2023/10/23 04:01:28 [trace] [system.db.CDbCommand] Querying SQL: SHOW FULL COLUMNS FROM `addr`
2023/10/23 04:01:28 [trace] [system.db.CDbCommand] Querying SQL: SHOW CREATE TABLE `addr`
2023/10/23 04:01:28 [trace] [system.db.CDbCommand] Querying SQL: SELECT * FROM `addr` `t` WHERE `t`.`id`='142274923' LIMIT 1
2023/10/23 04:01:28 [trace] [system.db.ar.CActiveRecord] lazy loading ImParcel.cnee
2023/10/23 04:01:28 [trace] [system.db.CDbCommand] Querying SQL: SELECT `cnee`.`id` AS `t1_c0`, `cnee`.`owner_id` AS `t1_c1`, `cnee`.`cnid_id` AS `t1_c2`, `cnee`.`name` AS `t1_c3`, `cnee`.`company` AS `t1_c4`, `cnee`.`address` AS `t1_c5`, `cnee`.`suburb` AS `t1_c6`, `cnee`.`city` AS `t1_c7`, `cnee`.`state` AS `t1_c8`, `cnee`.`postcode` AS `t1_c9`, `cnee`.`country` AS `t1_c10`, `cnee`.`tel` AS `t1_c11`, `cnee`.`email` AS `t1_c12`, `cnee`.`acc` AS `t1_c13`, `cnee`.`cnid_no` AS `t1_c14` FROM `addr` `cnee`  WHERE (`cnee`.`id`=:ypl0)
2023/10/23 04:04:39 [trace] [system.db.CDbConnection] Opening DB connection
2023/10/23 04:04:41 [trace] [system.db.CDbCommand] Querying SQL: SHOW FULL COLUMNS FROM `shipment`
2023/10/23 04:04:41 [trace] [system.db.CDbCommand] Querying SQL: SHOW CREATE TABLE `shipment`
2023/10/23 04:04:41 [trace] [system.db.ar.CActiveRecord] ImParcel.findByPk()
2023/10/23 04:04:41 [trace] [system.db.CDbCommand] Querying SQL: SELECT * FROM `shipment` `t` WHERE (`t`.`type`=10) AND (`t`.`id`='56382314') LIMIT 1
2023/10/23 04:04:41 [trace] [system.db.ar.CActiveRecord] OrgRate.find()
2023/10/23 04:04:41 [trace] [system.db.CDbCommand] Querying SQL: SHOW FULL COLUMNS FROM `org_rate`
2023/10/23 04:04:41 [trace] [system.db.CDbCommand] Querying SQL: SHOW CREATE TABLE `org_rate`
2023/10/23 04:04:41 [trace] [system.db.CDbCommand] Querying SQL: SELECT * FROM `org_rate` `t` WHERE id = :id LIMIT 1
2023/10/23 04:04:41 [trace] [system.db.ar.CActiveRecord] Addr.findByPk()
2023/10/23 04:04:41 [trace] [system.db.CDbCommand] Querying SQL: SHOW FULL COLUMNS FROM `addr`
2023/10/23 04:04:41 [trace] [system.db.CDbCommand] Querying SQL: SHOW CREATE TABLE `addr`
2023/10/23 04:04:41 [trace] [system.db.CDbCommand] Querying SQL: SELECT * FROM `addr` `t` WHERE `t`.`id`='142274923' LIMIT 1
2023/10/23 04:04:41 [trace] [system.db.ar.CActiveRecord] lazy loading ImParcel.cnee
2023/10/23 04:04:41 [trace] [system.db.CDbCommand] Querying SQL: SELECT `cnee`.`id` AS `t1_c0`, `cnee`.`owner_id` AS `t1_c1`, `cnee`.`cnid_id` AS `t1_c2`, `cnee`.`name` AS `t1_c3`, `cnee`.`company` AS `t1_c4`, `cnee`.`address` AS `t1_c5`, `cnee`.`suburb` AS `t1_c6`, `cnee`.`city` AS `t1_c7`, `cnee`.`state` AS `t1_c8`, `cnee`.`postcode` AS `t1_c9`, `cnee`.`country` AS `t1_c10`, `cnee`.`tel` AS `t1_c11`, `cnee`.`email` AS `t1_c12`, `cnee`.`acc` AS `t1_c13`, `cnee`.`cnid_no` AS `t1_c14` FROM `addr` `cnee`  WHERE (`cnee`.`id`=:ypl0)
2023/10/23 04:05:49 [trace] [system.db.CDbConnection] Opening DB connection
2023/10/23 04:05:51 [trace] [system.db.CDbCommand] Querying SQL: SHOW FULL COLUMNS FROM `shipment`
2023/10/23 04:05:51 [trace] [system.db.CDbCommand] Querying SQL: SHOW CREATE TABLE `shipment`
2023/10/23 04:05:51 [trace] [system.db.ar.CActiveRecord] ImParcel.findByPk()
2023/10/23 04:05:51 [trace] [system.db.CDbCommand] Querying SQL: SELECT * FROM `shipment` `t` WHERE (`t`.`type`=10) AND (`t`.`id`='56382314') LIMIT 1
2023/10/23 04:05:51 [trace] [system.db.ar.CActiveRecord] OrgRate.find()
2023/10/23 04:05:51 [trace] [system.db.CDbCommand] Querying SQL: SHOW FULL COLUMNS FROM `org_rate`
2023/10/23 04:05:51 [trace] [system.db.CDbCommand] Querying SQL: SHOW CREATE TABLE `org_rate`
2023/10/23 04:05:51 [trace] [system.db.CDbCommand] Querying SQL: SELECT * FROM `org_rate` `t` WHERE id = :id LIMIT 1
2023/10/23 04:05:51 [trace] [system.db.ar.CActiveRecord] Addr.findByPk()
2023/10/23 04:05:51 [trace] [system.db.CDbCommand] Querying SQL: SHOW FULL COLUMNS FROM `addr`
2023/10/23 04:05:51 [trace] [system.db.CDbCommand] Querying SQL: SHOW CREATE TABLE `addr`
2023/10/23 04:05:51 [trace] [system.db.CDbCommand] Querying SQL: SELECT * FROM `addr` `t` WHERE `t`.`id`='142274923' LIMIT 1
2023/10/23 04:05:51 [trace] [system.db.ar.CActiveRecord] lazy loading ImParcel.cnee
2023/10/23 04:05:51 [trace] [system.db.CDbCommand] Querying SQL: SELECT `cnee`.`id` AS `t1_c0`, `cnee`.`owner_id` AS `t1_c1`, `cnee`.`cnid_id` AS `t1_c2`, `cnee`.`name` AS `t1_c3`, `cnee`.`company` AS `t1_c4`, `cnee`.`address` AS `t1_c5`, `cnee`.`suburb` AS `t1_c6`, `cnee`.`city` AS `t1_c7`, `cnee`.`state` AS `t1_c8`, `cnee`.`postcode` AS `t1_c9`, `cnee`.`country` AS `t1_c10`, `cnee`.`tel` AS `t1_c11`, `cnee`.`email` AS `t1_c12`, `cnee`.`acc` AS `t1_c13`, `cnee`.`cnid_no` AS `t1_c14` FROM `addr` `cnee`  WHERE (`cnee`.`id`=:ypl0)
2023/10/23 04:07:36 [trace] [system.db.CDbConnection] Opening DB connection
2023/10/23 04:07:38 [trace] [system.db.CDbCommand] Querying SQL: SHOW FULL COLUMNS FROM `shipment`
2023/10/23 04:07:38 [trace] [system.db.CDbCommand] Querying SQL: SHOW CREATE TABLE `shipment`
2023/10/23 04:07:38 [trace] [system.db.ar.CActiveRecord] ImParcel.findByPk()
2023/10/23 04:07:38 [trace] [system.db.CDbCommand] Querying SQL: SELECT * FROM `shipment` `t` WHERE (`t`.`type`=10) AND (`t`.`id`='56382314') LIMIT 1
2023/10/23 04:07:38 [trace] [system.db.ar.CActiveRecord] OrgRate.find()
2023/10/23 04:07:38 [trace] [system.db.CDbCommand] Querying SQL: SHOW FULL COLUMNS FROM `org_rate`
2023/10/23 04:07:38 [trace] [system.db.CDbCommand] Querying SQL: SHOW CREATE TABLE `org_rate`
2023/10/23 04:07:38 [trace] [system.db.CDbCommand] Querying SQL: SELECT * FROM `org_rate` `t` WHERE id = :id LIMIT 1
2023/10/23 04:07:38 [trace] [system.db.ar.CActiveRecord] Addr.findByPk()
2023/10/23 04:07:38 [trace] [system.db.CDbCommand] Querying SQL: SHOW FULL COLUMNS FROM `addr`
2023/10/23 04:07:38 [trace] [system.db.CDbCommand] Querying SQL: SHOW CREATE TABLE `addr`
2023/10/23 04:07:38 [trace] [system.db.CDbCommand] Querying SQL: SELECT * FROM `addr` `t` WHERE `t`.`id`='142274923' LIMIT 1
2023/10/23 04:07:38 [trace] [system.db.ar.CActiveRecord] lazy loading ImParcel.cnee
2023/10/23 04:07:38 [trace] [system.db.CDbCommand] Querying SQL: SELECT `cnee`.`id` AS `t1_c0`, `cnee`.`owner_id` AS `t1_c1`, `cnee`.`cnid_id` AS `t1_c2`, `cnee`.`name` AS `t1_c3`, `cnee`.`company` AS `t1_c4`, `cnee`.`address` AS `t1_c5`, `cnee`.`suburb` AS `t1_c6`, `cnee`.`city` AS `t1_c7`, `cnee`.`state` AS `t1_c8`, `cnee`.`postcode` AS `t1_c9`, `cnee`.`country` AS `t1_c10`, `cnee`.`tel` AS `t1_c11`, `cnee`.`email` AS `t1_c12`, `cnee`.`acc` AS `t1_c13`, `cnee`.`cnid_no` AS `t1_c14` FROM `addr` `cnee`  WHERE (`cnee`.`id`=:ypl0)
2023/10/23 04:08:07 [trace] [system.db.CDbConnection] Opening DB connection
2023/10/23 04:08:09 [trace] [system.db.CDbCommand] Querying SQL: SHOW FULL COLUMNS FROM `shipment`
2023/10/23 04:08:09 [trace] [system.db.CDbCommand] Querying SQL: SHOW CREATE TABLE `shipment`
2023/10/23 04:08:09 [trace] [system.db.ar.CActiveRecord] ImParcel.findByPk()
2023/10/23 04:08:09 [trace] [system.db.CDbCommand] Querying SQL: SELECT * FROM `shipment` `t` WHERE (`t`.`type`=10) AND (`t`.`id`='56382314') LIMIT 1
2023/10/23 04:08:10 [trace] [system.db.ar.CActiveRecord] OrgRate.find()
2023/10/23 04:08:10 [trace] [system.db.CDbCommand] Querying SQL: SHOW FULL COLUMNS FROM `org_rate`
2023/10/23 04:08:10 [trace] [system.db.CDbCommand] Querying SQL: SHOW CREATE TABLE `org_rate`
2023/10/23 04:08:10 [trace] [system.db.CDbCommand] Querying SQL: SELECT * FROM `org_rate` `t` WHERE id = :id LIMIT 1
2023/10/23 04:08:10 [trace] [system.db.ar.CActiveRecord] Addr.findByPk()
2023/10/23 04:08:10 [trace] [system.db.CDbCommand] Querying SQL: SHOW FULL COLUMNS FROM `addr`
2023/10/23 04:08:10 [trace] [system.db.CDbCommand] Querying SQL: SHOW CREATE TABLE `addr`
2023/10/23 04:08:10 [trace] [system.db.CDbCommand] Querying SQL: SELECT * FROM `addr` `t` WHERE `t`.`id`='142274923' LIMIT 1
2023/10/23 04:08:10 [trace] [system.db.ar.CActiveRecord] lazy loading ImParcel.cnee
2023/10/23 04:08:10 [trace] [system.db.CDbCommand] Querying SQL: SELECT `cnee`.`id` AS `t1_c0`, `cnee`.`owner_id` AS `t1_c1`, `cnee`.`cnid_id` AS `t1_c2`, `cnee`.`name` AS `t1_c3`, `cnee`.`company` AS `t1_c4`, `cnee`.`address` AS `t1_c5`, `cnee`.`suburb` AS `t1_c6`, `cnee`.`city` AS `t1_c7`, `cnee`.`state` AS `t1_c8`, `cnee`.`postcode` AS `t1_c9`, `cnee`.`country` AS `t1_c10`, `cnee`.`tel` AS `t1_c11`, `cnee`.`email` AS `t1_c12`, `cnee`.`acc` AS `t1_c13`, `cnee`.`cnid_no` AS `t1_c14` FROM `addr` `cnee`  WHERE (`cnee`.`id`=:ypl0)
2023/10/23 04:19:02 [trace] [system.db.CDbConnection] Opening DB connection
2023/10/23 04:19:04 [trace] [system.db.CDbCommand] Querying SQL: SHOW FULL COLUMNS FROM `shipment`
2023/10/23 04:19:04 [trace] [system.db.CDbCommand] Querying SQL: SHOW CREATE TABLE `shipment`
2023/10/23 04:19:04 [trace] [system.db.ar.CActiveRecord] ImParcel.findByPk()
2023/10/23 04:19:04 [trace] [system.db.CDbCommand] Querying SQL: SELECT * FROM `shipment` `t` WHERE (`t`.`type`=10) AND (`t`.`id`='56382314') LIMIT 1
2023/10/23 04:19:04 [trace] [system.db.ar.CActiveRecord] OrgRate.find()
2023/10/23 04:19:04 [trace] [system.db.CDbCommand] Querying SQL: SHOW FULL COLUMNS FROM `org_rate`
2023/10/23 04:19:04 [trace] [system.db.CDbCommand] Querying SQL: SHOW CREATE TABLE `org_rate`
2023/10/23 04:19:04 [trace] [system.db.CDbCommand] Querying SQL: SELECT * FROM `org_rate` `t` WHERE id = :id LIMIT 1
2023/10/23 04:19:04 [trace] [system.db.ar.CActiveRecord] Addr.findByPk()
2023/10/23 04:19:04 [trace] [system.db.CDbCommand] Querying SQL: SHOW FULL COLUMNS FROM `addr`
2023/10/23 04:19:04 [trace] [system.db.CDbCommand] Querying SQL: SHOW CREATE TABLE `addr`
2023/10/23 04:19:04 [trace] [system.db.CDbCommand] Querying SQL: SELECT * FROM `addr` `t` WHERE `t`.`id`='142274923' LIMIT 1
2023/10/23 04:19:04 [trace] [system.db.ar.CActiveRecord] lazy loading ImParcel.cnee
2023/10/23 04:19:04 [trace] [system.db.CDbCommand] Querying SQL: SELECT `cnee`.`id` AS `t1_c0`, `cnee`.`owner_id` AS `t1_c1`, `cnee`.`cnid_id` AS `t1_c2`, `cnee`.`name` AS `t1_c3`, `cnee`.`company` AS `t1_c4`, `cnee`.`address` AS `t1_c5`, `cnee`.`suburb` AS `t1_c6`, `cnee`.`city` AS `t1_c7`, `cnee`.`state` AS `t1_c8`, `cnee`.`postcode` AS `t1_c9`, `cnee`.`country` AS `t1_c10`, `cnee`.`tel` AS `t1_c11`, `cnee`.`email` AS `t1_c12`, `cnee`.`acc` AS `t1_c13`, `cnee`.`cnid_no` AS `t1_c14` FROM `addr` `cnee`  WHERE (`cnee`.`id`=:ypl0)
2023/10/23 04:45:11 [trace] [system.db.CDbConnection] Opening DB connection
2023/10/23 04:45:13 [trace] [system.db.CDbCommand] Querying SQL: SHOW FULL COLUMNS FROM `shipment`
2023/10/23 04:45:13 [trace] [system.db.CDbCommand] Querying SQL: SHOW CREATE TABLE `shipment`
2023/10/23 04:45:13 [trace] [system.db.ar.CActiveRecord] ImParcel.findByPk()
2023/10/23 04:45:13 [trace] [system.db.CDbCommand] Querying SQL: SELECT * FROM `shipment` `t` WHERE (`t`.`type`=10) AND (`t`.`id`='56382311') LIMIT 1
2023/10/23 04:45:13 [trace] [system.db.ar.CActiveRecord] OrgRate.find()
2023/10/23 04:45:13 [trace] [system.db.CDbCommand] Querying SQL: SHOW FULL COLUMNS FROM `org_rate`
2023/10/23 04:45:13 [trace] [system.db.CDbCommand] Querying SQL: SHOW CREATE TABLE `org_rate`
2023/10/23 04:45:13 [trace] [system.db.CDbCommand] Querying SQL: SELECT * FROM `org_rate` `t` WHERE id = :id LIMIT 1
2023/10/23 04:45:13 [trace] [system.db.ar.CActiveRecord] Addr.findByPk()
2023/10/23 04:45:13 [trace] [system.db.CDbCommand] Querying SQL: SHOW FULL COLUMNS FROM `addr`
2023/10/23 04:45:13 [trace] [system.db.CDbCommand] Querying SQL: SHOW CREATE TABLE `addr`
2023/10/23 04:45:13 [trace] [system.db.CDbCommand] Querying SQL: SELECT * FROM `addr` `t` WHERE `t`.`id`='142274894' LIMIT 1
2023/10/23 04:45:13 [trace] [system.db.ar.CActiveRecord] lazy loading ImParcel.cnee
2023/10/23 04:45:13 [trace] [system.db.CDbCommand] Querying SQL: SELECT `cnee`.`id` AS `t1_c0`, `cnee`.`owner_id` AS `t1_c1`, `cnee`.`cnid_id` AS `t1_c2`, `cnee`.`name` AS `t1_c3`, `cnee`.`company` AS `t1_c4`, `cnee`.`address` AS `t1_c5`, `cnee`.`suburb` AS `t1_c6`, `cnee`.`city` AS `t1_c7`, `cnee`.`state` AS `t1_c8`, `cnee`.`postcode` AS `t1_c9`, `cnee`.`country` AS `t1_c10`, `cnee`.`tel` AS `t1_c11`, `cnee`.`email` AS `t1_c12`, `cnee`.`acc` AS `t1_c13`, `cnee`.`cnid_no` AS `t1_c14` FROM `addr` `cnee`  WHERE (`cnee`.`id`=:ypl0)
2023/10/23 05:26:13 [trace] [system.db.CDbConnection] Opening DB connection
2023/10/23 05:26:15 [trace] [system.db.CDbCommand] Querying SQL: SHOW FULL COLUMNS FROM `shipment`
2023/10/23 05:26:15 [trace] [system.db.CDbCommand] Querying SQL: SHOW CREATE TABLE `shipment`
2023/10/23 05:26:15 [trace] [system.db.ar.CActiveRecord] ImParcel.findByPk()
2023/10/23 05:26:15 [trace] [system.db.CDbCommand] Querying SQL: SELECT * FROM `shipment` `t` WHERE (`t`.`type`=10) AND (`t`.`id`='56382311') LIMIT 1
2023/10/23 05:26:15 [trace] [system.db.ar.CActiveRecord] OrgRate.find()
2023/10/23 05:26:15 [trace] [system.db.CDbCommand] Querying SQL: SHOW FULL COLUMNS FROM `org_rate`
2023/10/23 05:26:15 [trace] [system.db.CDbCommand] Querying SQL: SHOW CREATE TABLE `org_rate`
2023/10/23 05:26:15 [trace] [system.db.CDbCommand] Querying SQL: SELECT * FROM `org_rate` `t` WHERE id = :id LIMIT 1
2023/10/23 05:26:15 [trace] [system.db.ar.CActiveRecord] Addr.findByPk()
2023/10/23 05:26:15 [trace] [system.db.CDbCommand] Querying SQL: SHOW FULL COLUMNS FROM `addr`
2023/10/23 05:26:15 [trace] [system.db.CDbCommand] Querying SQL: SHOW CREATE TABLE `addr`
2023/10/23 05:26:15 [trace] [system.db.CDbCommand] Querying SQL: SELECT * FROM `addr` `t` WHERE `t`.`id`='142274894' LIMIT 1
2023/10/23 05:26:15 [trace] [system.db.ar.CActiveRecord] lazy loading ImParcel.cnee
2023/10/23 05:26:15 [trace] [system.db.CDbCommand] Querying SQL: SELECT `cnee`.`id` AS `t1_c0`, `cnee`.`owner_id` AS `t1_c1`, `cnee`.`cnid_id` AS `t1_c2`, `cnee`.`name` AS `t1_c3`, `cnee`.`company` AS `t1_c4`, `cnee`.`address` AS `t1_c5`, `cnee`.`suburb` AS `t1_c6`, `cnee`.`city` AS `t1_c7`, `cnee`.`state` AS `t1_c8`, `cnee`.`postcode` AS `t1_c9`, `cnee`.`country` AS `t1_c10`, `cnee`.`tel` AS `t1_c11`, `cnee`.`email` AS `t1_c12`, `cnee`.`acc` AS `t1_c13`, `cnee`.`cnid_no` AS `t1_c14` FROM `addr` `cnee`  WHERE (`cnee`.`id`=:ypl0)
2023/10/23 05:28:34 [trace] [system.db.CDbConnection] Opening DB connection
2023/10/23 05:28:36 [trace] [system.db.CDbCommand] Querying SQL: SHOW FULL COLUMNS FROM `shipment`
2023/10/23 05:28:36 [trace] [system.db.CDbCommand] Querying SQL: SHOW CREATE TABLE `shipment`
2023/10/23 05:28:36 [trace] [system.db.ar.CActiveRecord] ImParcel.findByPk()
2023/10/23 05:28:36 [trace] [system.db.CDbCommand] Querying SQL: SELECT * FROM `shipment` `t` WHERE (`t`.`type`=10) AND (`t`.`id`='56382311') LIMIT 1
2023/10/23 05:28:36 [trace] [system.db.ar.CActiveRecord] OrgRate.find()
2023/10/23 05:28:36 [trace] [system.db.CDbCommand] Querying SQL: SHOW FULL COLUMNS FROM `org_rate`
2023/10/23 05:28:36 [trace] [system.db.CDbCommand] Querying SQL: SHOW CREATE TABLE `org_rate`
2023/10/23 05:28:36 [trace] [system.db.CDbCommand] Querying SQL: SELECT * FROM `org_rate` `t` WHERE id = :id LIMIT 1
2023/10/23 05:28:36 [trace] [system.db.ar.CActiveRecord] Addr.findByPk()
2023/10/23 05:28:36 [trace] [system.db.CDbCommand] Querying SQL: SHOW FULL COLUMNS FROM `addr`
2023/10/23 05:28:36 [trace] [system.db.CDbCommand] Querying SQL: SHOW CREATE TABLE `addr`
2023/10/23 05:28:36 [trace] [system.db.CDbCommand] Querying SQL: SELECT * FROM `addr` `t` WHERE `t`.`id`='142274894' LIMIT 1
2023/10/23 05:28:36 [trace] [system.db.ar.CActiveRecord] lazy loading ImParcel.cnee
2023/10/23 05:28:36 [trace] [system.db.CDbCommand] Querying SQL: SELECT `cnee`.`id` AS `t1_c0`, `cnee`.`owner_id` AS `t1_c1`, `cnee`.`cnid_id` AS `t1_c2`, `cnee`.`name` AS `t1_c3`, `cnee`.`company` AS `t1_c4`, `cnee`.`address` AS `t1_c5`, `cnee`.`suburb` AS `t1_c6`, `cnee`.`city` AS `t1_c7`, `cnee`.`state` AS `t1_c8`, `cnee`.`postcode` AS `t1_c9`, `cnee`.`country` AS `t1_c10`, `cnee`.`tel` AS `t1_c11`, `cnee`.`email` AS `t1_c12`, `cnee`.`acc` AS `t1_c13`, `cnee`.`cnid_no` AS `t1_c14` FROM `addr` `cnee`  WHERE (`cnee`.`id`=:ypl0)
2023/10/23 05:32:04 [trace] [system.db.CDbConnection] Opening DB connection
2023/10/23 05:32:07 [trace] [system.db.CDbCommand] Querying SQL: SHOW FULL COLUMNS FROM `shipment`
2023/10/23 05:32:07 [trace] [system.db.CDbCommand] Querying SQL: SHOW CREATE TABLE `shipment`
2023/10/23 05:32:07 [trace] [system.db.ar.CActiveRecord] ImParcel.findByPk()
2023/10/23 05:32:07 [trace] [system.db.CDbCommand] Querying SQL: SELECT * FROM `shipment` `t` WHERE (`t`.`type`=10) AND (`t`.`id`='56382311') LIMIT 1
2023/10/23 05:32:07 [trace] [system.db.ar.CActiveRecord] OrgRate.find()
2023/10/23 05:32:07 [trace] [system.db.CDbCommand] Querying SQL: SHOW FULL COLUMNS FROM `org_rate`
2023/10/23 05:32:07 [trace] [system.db.CDbCommand] Querying SQL: SHOW CREATE TABLE `org_rate`
2023/10/23 05:32:07 [trace] [system.db.CDbCommand] Querying SQL: SELECT * FROM `org_rate` `t` WHERE id = :id LIMIT 1
2023/10/23 05:32:07 [trace] [system.db.ar.CActiveRecord] Addr.findByPk()
2023/10/23 05:32:07 [trace] [system.db.CDbCommand] Querying SQL: SHOW FULL COLUMNS FROM `addr`
2023/10/23 05:32:07 [trace] [system.db.CDbCommand] Querying SQL: SHOW CREATE TABLE `addr`
2023/10/23 05:32:07 [trace] [system.db.CDbCommand] Querying SQL: SELECT * FROM `addr` `t` WHERE `t`.`id`='142274894' LIMIT 1
2023/10/23 05:32:07 [trace] [system.db.ar.CActiveRecord] lazy loading ImParcel.cnee
2023/10/23 05:32:07 [trace] [system.db.CDbCommand] Querying SQL: SELECT `cnee`.`id` AS `t1_c0`, `cnee`.`owner_id` AS `t1_c1`, `cnee`.`cnid_id` AS `t1_c2`, `cnee`.`name` AS `t1_c3`, `cnee`.`company` AS `t1_c4`, `cnee`.`address` AS `t1_c5`, `cnee`.`suburb` AS `t1_c6`, `cnee`.`city` AS `t1_c7`, `cnee`.`state` AS `t1_c8`, `cnee`.`postcode` AS `t1_c9`, `cnee`.`country` AS `t1_c10`, `cnee`.`tel` AS `t1_c11`, `cnee`.`email` AS `t1_c12`, `cnee`.`acc` AS `t1_c13`, `cnee`.`cnid_no` AS `t1_c14` FROM `addr` `cnee`  WHERE (`cnee`.`id`=:ypl0)
2023/10/23 05:41:04 [trace] [system.db.CDbConnection] Opening DB connection
2023/10/23 05:41:06 [trace] [system.db.CDbCommand] Querying SQL: SHOW FULL COLUMNS FROM `shipment`
2023/10/23 05:41:06 [trace] [system.db.CDbCommand] Querying SQL: SHOW CREATE TABLE `shipment`
2023/10/23 05:41:06 [trace] [system.db.ar.CActiveRecord] ImParcel.findByPk()
2023/10/23 05:41:06 [trace] [system.db.CDbCommand] Querying SQL: SELECT * FROM `shipment` `t` WHERE (`t`.`type`=10) AND (`t`.`id`='56382311') LIMIT 1
2023/10/23 05:41:06 [trace] [system.db.ar.CActiveRecord] OrgRate.find()
2023/10/23 05:41:06 [trace] [system.db.CDbCommand] Querying SQL: SHOW FULL COLUMNS FROM `org_rate`
2023/10/23 05:41:06 [trace] [system.db.CDbCommand] Querying SQL: SHOW CREATE TABLE `org_rate`
2023/10/23 05:41:06 [trace] [system.db.CDbCommand] Querying SQL: SELECT * FROM `org_rate` `t` WHERE id = :id LIMIT 1
2023/10/23 05:41:06 [trace] [system.db.ar.CActiveRecord] Addr.findByPk()
2023/10/23 05:41:06 [trace] [system.db.CDbCommand] Querying SQL: SHOW FULL COLUMNS FROM `addr`
2023/10/23 05:41:06 [trace] [system.db.CDbCommand] Querying SQL: SHOW CREATE TABLE `addr`
2023/10/23 05:41:06 [trace] [system.db.CDbCommand] Querying SQL: SELECT * FROM `addr` `t` WHERE `t`.`id`='142274894' LIMIT 1
2023/10/23 05:41:06 [trace] [system.db.ar.CActiveRecord] lazy loading ImParcel.cnee
2023/10/23 05:41:06 [trace] [system.db.CDbCommand] Querying SQL: SELECT `cnee`.`id` AS `t1_c0`, `cnee`.`owner_id` AS `t1_c1`, `cnee`.`cnid_id` AS `t1_c2`, `cnee`.`name` AS `t1_c3`, `cnee`.`company` AS `t1_c4`, `cnee`.`address` AS `t1_c5`, `cnee`.`suburb` AS `t1_c6`, `cnee`.`city` AS `t1_c7`, `cnee`.`state` AS `t1_c8`, `cnee`.`postcode` AS `t1_c9`, `cnee`.`country` AS `t1_c10`, `cnee`.`tel` AS `t1_c11`, `cnee`.`email` AS `t1_c12`, `cnee`.`acc` AS `t1_c13`, `cnee`.`cnid_no` AS `t1_c14` FROM `addr` `cnee`  WHERE (`cnee`.`id`=:ypl0)
2023/10/23 07:19:52 [trace] [system.db.CDbConnection] Opening DB connection
2023/10/23 07:19:55 [trace] [system.db.CDbCommand] Querying SQL: SHOW FULL COLUMNS FROM `shipment`
2023/10/23 07:19:55 [trace] [system.db.CDbCommand] Querying SQL: SHOW CREATE TABLE `shipment`
2023/10/23 07:19:55 [trace] [system.db.ar.CActiveRecord] ImParcel.findByPk()
2023/10/23 07:19:55 [trace] [system.db.CDbCommand] Querying SQL: SELECT * FROM `shipment` `t` WHERE (`t`.`type`=10) AND (`t`.`id`='56382311') LIMIT 1
2023/10/23 07:19:55 [trace] [system.db.ar.CActiveRecord] OrgRate.find()
2023/10/23 07:19:55 [trace] [system.db.CDbCommand] Querying SQL: SHOW FULL COLUMNS FROM `org_rate`
2023/10/23 07:19:55 [trace] [system.db.CDbCommand] Querying SQL: SHOW CREATE TABLE `org_rate`
2023/10/23 07:19:55 [trace] [system.db.CDbCommand] Querying SQL: SELECT * FROM `org_rate` `t` WHERE id = :id LIMIT 1
2023/10/23 07:19:55 [trace] [system.db.ar.CActiveRecord] Addr.findByPk()
2023/10/23 07:19:55 [trace] [system.db.CDbCommand] Querying SQL: SHOW FULL COLUMNS FROM `addr`
2023/10/23 07:19:55 [trace] [system.db.CDbCommand] Querying SQL: SHOW CREATE TABLE `addr`
2023/10/23 07:19:55 [trace] [system.db.CDbCommand] Querying SQL: SELECT * FROM `addr` `t` WHERE `t`.`id`='142274894' LIMIT 1
2023/10/23 07:19:55 [trace] [system.db.ar.CActiveRecord] lazy loading ImParcel.cnee
2023/10/23 07:19:55 [trace] [system.db.CDbCommand] Querying SQL: SELECT `cnee`.`id` AS `t1_c0`, `cnee`.`owner_id` AS `t1_c1`, `cnee`.`cnid_id` AS `t1_c2`, `cnee`.`name` AS `t1_c3`, `cnee`.`company` AS `t1_c4`, `cnee`.`address` AS `t1_c5`, `cnee`.`suburb` AS `t1_c6`, `cnee`.`city` AS `t1_c7`, `cnee`.`state` AS `t1_c8`, `cnee`.`postcode` AS `t1_c9`, `cnee`.`country` AS `t1_c10`, `cnee`.`tel` AS `t1_c11`, `cnee`.`email` AS `t1_c12`, `cnee`.`acc` AS `t1_c13`, `cnee`.`cnid_no` AS `t1_c14` FROM `addr` `cnee`  WHERE (`cnee`.`id`=:ypl0)
2023/10/23 07:23:22 [trace] [system.db.CDbConnection] Opening DB connection
2023/10/23 07:23:24 [trace] [system.db.CDbCommand] Querying SQL: SHOW FULL COLUMNS FROM `shipment`
2023/10/23 07:23:24 [trace] [system.db.CDbCommand] Querying SQL: SHOW CREATE TABLE `shipment`
2023/10/23 07:23:24 [trace] [system.db.ar.CActiveRecord] ImParcel.findByPk()
2023/10/23 07:23:24 [trace] [system.db.CDbCommand] Querying SQL: SELECT * FROM `shipment` `t` WHERE (`t`.`type`=10) AND (`t`.`id`='56382311') LIMIT 1
2023/10/23 07:23:24 [trace] [system.db.ar.CActiveRecord] OrgRate.find()
2023/10/23 07:23:24 [trace] [system.db.CDbCommand] Querying SQL: SHOW FULL COLUMNS FROM `org_rate`
2023/10/23 07:23:24 [trace] [system.db.CDbCommand] Querying SQL: SHOW CREATE TABLE `org_rate`
2023/10/23 07:23:24 [trace] [system.db.CDbCommand] Querying SQL: SELECT * FROM `org_rate` `t` WHERE id = :id LIMIT 1
2023/10/23 07:23:24 [trace] [system.db.ar.CActiveRecord] Addr.findByPk()
2023/10/23 07:23:24 [trace] [system.db.CDbCommand] Querying SQL: SHOW FULL COLUMNS FROM `addr`
2023/10/23 07:23:24 [trace] [system.db.CDbCommand] Querying SQL: SHOW CREATE TABLE `addr`
2023/10/23 07:23:24 [trace] [system.db.CDbCommand] Querying SQL: SELECT * FROM `addr` `t` WHERE `t`.`id`='142274894' LIMIT 1
2023/10/23 07:23:24 [trace] [system.db.ar.CActiveRecord] lazy loading ImParcel.cnee
2023/10/23 07:23:24 [trace] [system.db.CDbCommand] Querying SQL: SELECT `cnee`.`id` AS `t1_c0`, `cnee`.`owner_id` AS `t1_c1`, `cnee`.`cnid_id` AS `t1_c2`, `cnee`.`name` AS `t1_c3`, `cnee`.`company` AS `t1_c4`, `cnee`.`address` AS `t1_c5`, `cnee`.`suburb` AS `t1_c6`, `cnee`.`city` AS `t1_c7`, `cnee`.`state` AS `t1_c8`, `cnee`.`postcode` AS `t1_c9`, `cnee`.`country` AS `t1_c10`, `cnee`.`tel` AS `t1_c11`, `cnee`.`email` AS `t1_c12`, `cnee`.`acc` AS `t1_c13`, `cnee`.`cnid_no` AS `t1_c14` FROM `addr` `cnee`  WHERE (`cnee`.`id`=:ypl0)
2023/10/23 08:33:10 [trace] [system.db.CDbConnection] Opening DB connection
2023/10/23 08:33:12 [trace] [system.db.CDbCommand] Querying SQL: SHOW FULL COLUMNS FROM `shipment`
2023/10/23 08:33:12 [trace] [system.db.CDbCommand] Querying SQL: SHOW CREATE TABLE `shipment`
2023/10/23 08:33:12 [trace] [system.db.ar.CActiveRecord] ImParcel.findByPk()
2023/10/23 08:33:12 [trace] [system.db.CDbCommand] Querying SQL: SELECT * FROM `shipment` `t` WHERE (`t`.`type`=10) AND (`t`.`id`='56382311') LIMIT 1
2023/10/23 08:33:12 [trace] [system.db.ar.CActiveRecord] OrgRate.find()
2023/10/23 08:33:12 [trace] [system.db.CDbCommand] Querying SQL: SHOW FULL COLUMNS FROM `org_rate`
2023/10/23 08:33:12 [trace] [system.db.CDbCommand] Querying SQL: SHOW CREATE TABLE `org_rate`
2023/10/23 08:33:12 [trace] [system.db.CDbCommand] Querying SQL: SELECT * FROM `org_rate` `t` WHERE id = :id LIMIT 1
2023/10/23 08:33:12 [trace] [system.db.ar.CActiveRecord] Addr.findByPk()
2023/10/23 08:33:12 [trace] [system.db.CDbCommand] Querying SQL: SHOW FULL COLUMNS FROM `addr`
2023/10/23 08:33:12 [trace] [system.db.CDbCommand] Querying SQL: SHOW CREATE TABLE `addr`
2023/10/23 08:33:12 [trace] [system.db.CDbCommand] Querying SQL: SELECT * FROM `addr` `t` WHERE `t`.`id`='142274894' LIMIT 1
2023/10/23 08:33:12 [trace] [system.db.ar.CActiveRecord] lazy loading ImParcel.cnee
2023/10/23 08:33:12 [trace] [system.db.CDbCommand] Querying SQL: SELECT `cnee`.`id` AS `t1_c0`, `cnee`.`owner_id` AS `t1_c1`, `cnee`.`cnid_id` AS `t1_c2`, `cnee`.`name` AS `t1_c3`, `cnee`.`company` AS `t1_c4`, `cnee`.`address` AS `t1_c5`, `cnee`.`suburb` AS `t1_c6`, `cnee`.`city` AS `t1_c7`, `cnee`.`state` AS `t1_c8`, `cnee`.`postcode` AS `t1_c9`, `cnee`.`country` AS `t1_c10`, `cnee`.`tel` AS `t1_c11`, `cnee`.`email` AS `t1_c12`, `cnee`.`acc` AS `t1_c13`, `cnee`.`cnid_no` AS `t1_c14` FROM `addr` `cnee`  WHERE (`cnee`.`id`=:ypl0)
2023/10/23 08:33:15 [trace] [system.db.ar.CActiveRecord] ImParcel.findByPk()
2023/10/23 08:33:15 [trace] [system.db.CDbCommand] Querying SQL: SELECT * FROM `shipment` `t` WHERE (`t`.`type`=10) AND (`t`.`id`='56382311') LIMIT 1
2023/10/23 08:33:15 [trace] [system.db.ar.CActiveRecord] ImParcel.update()
2023/10/23 08:33:15 [trace] [system.db.ar.CActiveRecord] ImParcel.updateByPk()
2023/10/23 08:33:15 [trace] [system.db.CDbCommand] Executing SQL: UPDATE `shipment` SET `type`=:yp0, `id`=:yp1, `owner_id`=:yp2, `agent_id`=:yp3, `consol_id`=:yp4, `man_id`=:yp5, `rec_id`=:yp6, `odpt_id`=:yp7, `ddpt_id`=:yp8, `cnor_id`=:yp9, `cnee_id`=:yp10, `receiver_id`=:yp11, `notify_id`=:yp12, `zr_id`=:yp13, `ot_id`=:yp14, `status`=:yp15, `pickup`=:yp16, `hbn`=:yp17, `ref`=:yp18, `cref`=:yp19, `pkg`=:yp20, `packages`=:yp21, `items`=:yp22, `state`=:yp23, `postcode`=:yp24, `value`=:yp25, `dvalue`=:yp26, `tariff`=:yp27, `insurance`=:yp28, `currency`=:yp29, `weight`=:yp30, `wtck`=:yp31, `cbm`=:yp32, `sac`=:yp33, `exm`=:yp34, `can`=:yp35, `bwf`=:yp36, `cbwf`=:yp37, `meta`=:yp38, `scan`=:yp39, `scan_no`=:yp40, `note`=:yp41, `created`=:yp42, `styp`=:yp43 WHERE `shipment`.`id`='56382311'
2023/10/23 08:33:15 [trace] [system.db.ar.CActiveRecord] Tracking.count()
2023/10/23 08:33:15 [trace] [system.db.CDbCommand] Querying SQL: SHOW FULL COLUMNS FROM `tracking`
2023/10/23 08:33:15 [trace] [system.db.CDbCommand] Querying SQL: SHOW CREATE TABLE `tracking`
2023/10/23 08:33:15 [trace] [system.db.CDbCommand] Querying SQL: SELECT COUNT(*) FROM `tracking` `t` WHERE pid = :pid AND type = :t
2023/10/23 08:33:15 [trace] [system.db.ar.CActiveRecord] lazy loading ImParcel.agent
2023/10/23 08:33:15 [trace] [system.db.CDbCommand] Querying SQL: SHOW FULL COLUMNS FROM `org`
2023/10/23 08:33:15 [trace] [system.db.CDbCommand] Querying SQL: SHOW CREATE TABLE `org`
2023/10/23 08:33:15 [trace] [system.db.CDbCommand] Querying SQL: SELECT `agent`.`id` AS `t1_c0`, `agent`.`pid` AS `t1_c1`, `agent`.`type` AS `t1_c2`, `agent`.`name` AS `t1_c3`, `agent`.`code` AS `t1_c4`, `agent`.`accode` AS `t1_c5`, `agent`.`abn` AS `t1_c6`, `agent`.`address` AS `t1_c7`, `agent`.`suburb` AS `t1_c8`, `agent`.`state` AS `t1_c9`, `agent`.`postcode` AS `t1_c10`, `agent`.`country` AS `t1_c11`, `agent`.`email` AS `t1_c12`, `agent`.`phone` AS `t1_c13`, `agent`.`fax` AS `t1_c14`, `agent`.`desc` AS `t1_c15`, `agent`.`status` AS `t1_c16`, `agent`.`meta` AS `t1_c17`, `agent`.`by` AS `t1_c18`, `agent`.`manager` AS `t1_c19`, `agent`.`nln` AS `t1_c20`, `agent`.`cargo_driver_type` AS `t1_c21`, `agent`.`hash` AS `t1_c22`, `agent`.`lat` AS `t1_c23`, `agent`.`lng` AS `t1_c24` FROM `org` `agent`  WHERE (`agent`.`id`=:ypl0)
2023/10/23 08:33:15 [trace] [system.db.ar.CActiveRecord] ImParcel.refresh()
2023/10/23 08:33:15 [trace] [system.db.ar.CActiveRecord] ImParcel.findByPk()
2023/10/23 08:33:15 [trace] [system.db.CDbCommand] Querying SQL: SELECT * FROM `shipment` `t` WHERE (`t`.`type`=10) AND (`t`.`id`='56382311') LIMIT 1
2023/10/23 08:33:15 [trace] [system.db.ar.CActiveRecord] lazy loading ImParcel.cargo_process
2023/10/23 08:33:15 [trace] [system.db.CDbCommand] Querying SQL: SHOW FULL COLUMNS FROM `cargo_process`
2023/10/23 08:33:15 [trace] [system.db.CDbCommand] Querying SQL: SHOW CREATE TABLE `cargo_process`
2023/10/23 08:33:15 [trace] [system.db.CDbCommand] Querying SQL: SELECT `cargo_process`.`id` AS `t1_c0`, `cargo_process`.`shipment_id` AS `t1_c1`, `cargo_process`.`status` AS `t1_c2`, `cargo_process`.`started` AS `t1_c3`, `cargo_process`.`date` AS `t1_c4`, `cargo_process`.`note` AS `t1_c5`, `cargo_process`.`driver_id` AS `t1_c6`, `cargo_process`.`cargo_receipt` AS `t1_c7`, `cargo_process`.`gate_pass_id` AS `t1_c8`, `cargo_process`.`agg_pod_id` AS `t1_c9`, `cargo_process`.`meta` AS `t1_c10`, `cargo_process`.`type` AS `t1_c11`, `cargo_process`.`caref` AS `t1_c12`, `cargo_process`.`sub_type` AS `t1_c13`, `cargo_process`.`dpt_id` AS `t1_c14`, `cargo_process`.`was_interstate` AS `t1_c15` FROM `cargo_process` `cargo_process`  WHERE (`cargo_process`.`shipment_id`=:ypl0) ORDER BY cargo_process.id desc
2023/10/23 08:33:15 [trace] [system.db.ar.CActiveRecord] lazy loading ImParcel.trans
2023/10/23 08:33:15 [trace] [system.db.CDbCommand] Querying SQL: SHOW FULL COLUMNS FROM `tranship`
2023/10/23 08:33:15 [trace] [system.db.CDbCommand] Querying SQL: SHOW CREATE TABLE `tranship`
2023/10/23 08:33:15 [trace] [system.db.CDbCommand] Querying SQL: SELECT `trans`.`id` AS `t1_c0`, `trans`.`pid` AS `t1_c1`, `trans`.`org_id` AS `t1_c2`, `trans`.`man_id` AS `t1_c3`, `trans`.`connote` AS `t1_c4`, `trans`.`time` AS `t1_c5`, `trans`.`type` AS `t1_c6`, `trans`.`status` AS `t1_c7`, `trans`.`meta` AS `t1_c8`, `trans`.`cost` AS `t1_c9` FROM `tranship` `trans`  WHERE (`trans`.`pid`=:ypl0)
2023/10/23 08:33:15 [trace] [system.db.CDbCommand] Querying SQL: SHOW FULL COLUMNS FROM `log`
2023/10/23 08:33:15 [trace] [system.db.CDbCommand] Querying SQL: SHOW CREATE TABLE `log`
2023/10/23 08:33:15 [trace] [system.db.ar.CActiveRecord] Log.insert()
2023/10/23 08:33:15 [trace] [system.db.CDbCommand] Executing SQL: INSERT INTO `log` (`type`, `model`, `lid`, `user_id`, `time`, `meta`) VALUES (:yp0, :yp1, :yp2, :yp3, :yp4, :yp5)
2023/10/23 08:33:15 [trace] [system.db.ar.CActiveRecord] ImParcel.findByPk()
2023/10/23 08:33:15 [trace] [system.db.CDbCommand] Querying SQL: SELECT * FROM `shipment` `t` WHERE (`t`.`type`=10) AND (`t`.`id`='56382314') LIMIT 1
2023/10/23 08:33:15 [trace] [system.db.ar.CActiveRecord] OrgRate.find()
2023/10/23 08:33:15 [trace] [system.db.CDbCommand] Querying SQL: SELECT * FROM `org_rate` `t` WHERE id = :id LIMIT 1
2023/10/23 08:33:15 [trace] [system.db.ar.CActiveRecord] Addr.findByPk()
2023/10/23 08:33:15 [trace] [system.db.CDbCommand] Querying SQL: SELECT * FROM `addr` `t` WHERE `t`.`id`='142274923' LIMIT 1
2023/10/23 08:33:15 [trace] [system.db.ar.CActiveRecord] lazy loading ImParcel.cnee
2023/10/23 08:33:15 [trace] [system.db.CDbCommand] Querying SQL: SELECT `cnee`.`id` AS `t1_c0`, `cnee`.`owner_id` AS `t1_c1`, `cnee`.`cnid_id` AS `t1_c2`, `cnee`.`name` AS `t1_c3`, `cnee`.`company` AS `t1_c4`, `cnee`.`address` AS `t1_c5`, `cnee`.`suburb` AS `t1_c6`, `cnee`.`city` AS `t1_c7`, `cnee`.`state` AS `t1_c8`, `cnee`.`postcode` AS `t1_c9`, `cnee`.`country` AS `t1_c10`, `cnee`.`tel` AS `t1_c11`, `cnee`.`email` AS `t1_c12`, `cnee`.`acc` AS `t1_c13`, `cnee`.`cnid_no` AS `t1_c14` FROM `addr` `cnee`  WHERE (`cnee`.`id`=:ypl0)
2023/10/23 08:33:17 [trace] [system.db.ar.CActiveRecord] ImParcel.findByPk()
2023/10/23 08:33:17 [trace] [system.db.CDbCommand] Querying SQL: SELECT * FROM `shipment` `t` WHERE (`t`.`type`=10) AND (`t`.`id`='56382314') LIMIT 1
2023/10/23 08:33:17 [trace] [system.db.ar.CActiveRecord] ImParcel.update()
2023/10/23 08:33:17 [trace] [system.db.ar.CActiveRecord] ImParcel.updateByPk()
2023/10/23 08:33:17 [trace] [system.db.CDbCommand] Executing SQL: UPDATE `shipment` SET `type`=:yp0, `id`=:yp1, `owner_id`=:yp2, `agent_id`=:yp3, `consol_id`=:yp4, `man_id`=:yp5, `rec_id`=:yp6, `odpt_id`=:yp7, `ddpt_id`=:yp8, `cnor_id`=:yp9, `cnee_id`=:yp10, `receiver_id`=:yp11, `notify_id`=:yp12, `zr_id`=:yp13, `ot_id`=:yp14, `status`=:yp15, `pickup`=:yp16, `hbn`=:yp17, `ref`=:yp18, `cref`=:yp19, `pkg`=:yp20, `packages`=:yp21, `items`=:yp22, `state`=:yp23, `postcode`=:yp24, `value`=:yp25, `dvalue`=:yp26, `tariff`=:yp27, `insurance`=:yp28, `currency`=:yp29, `weight`=:yp30, `wtck`=:yp31, `cbm`=:yp32, `sac`=:yp33, `exm`=:yp34, `can`=:yp35, `bwf`=:yp36, `cbwf`=:yp37, `meta`=:yp38, `scan`=:yp39, `scan_no`=:yp40, `note`=:yp41, `created`=:yp42, `styp`=:yp43 WHERE `shipment`.`id`='56382314'
2023/10/23 08:33:17 [trace] [system.db.ar.CActiveRecord] Tracking.count()
2023/10/23 08:33:17 [trace] [system.db.CDbCommand] Querying SQL: SELECT COUNT(*) FROM `tracking` `t` WHERE pid = :pid AND type = :t
2023/10/23 08:33:17 [trace] [system.db.ar.CActiveRecord] lazy loading ImParcel.agent
2023/10/23 08:33:17 [trace] [system.db.CDbCommand] Querying SQL: SELECT `agent`.`id` AS `t1_c0`, `agent`.`pid` AS `t1_c1`, `agent`.`type` AS `t1_c2`, `agent`.`name` AS `t1_c3`, `agent`.`code` AS `t1_c4`, `agent`.`accode` AS `t1_c5`, `agent`.`abn` AS `t1_c6`, `agent`.`address` AS `t1_c7`, `agent`.`suburb` AS `t1_c8`, `agent`.`state` AS `t1_c9`, `agent`.`postcode` AS `t1_c10`, `agent`.`country` AS `t1_c11`, `agent`.`email` AS `t1_c12`, `agent`.`phone` AS `t1_c13`, `agent`.`fax` AS `t1_c14`, `agent`.`desc` AS `t1_c15`, `agent`.`status` AS `t1_c16`, `agent`.`meta` AS `t1_c17`, `agent`.`by` AS `t1_c18`, `agent`.`manager` AS `t1_c19`, `agent`.`nln` AS `t1_c20`, `agent`.`cargo_driver_type` AS `t1_c21`, `agent`.`hash` AS `t1_c22`, `agent`.`lat` AS `t1_c23`, `agent`.`lng` AS `t1_c24` FROM `org` `agent`  WHERE (`agent`.`id`=:ypl0)
2023/10/23 08:33:17 [trace] [system.db.ar.CActiveRecord] ImParcel.refresh()
2023/10/23 08:33:17 [trace] [system.db.ar.CActiveRecord] ImParcel.findByPk()
2023/10/23 08:33:17 [trace] [system.db.CDbCommand] Querying SQL: SELECT * FROM `shipment` `t` WHERE (`t`.`type`=10) AND (`t`.`id`='56382314') LIMIT 1
2023/10/23 08:33:17 [trace] [system.db.ar.CActiveRecord] lazy loading ImParcel.cargo_process
2023/10/23 08:33:17 [trace] [system.db.CDbCommand] Querying SQL: SELECT `cargo_process`.`id` AS `t1_c0`, `cargo_process`.`shipment_id` AS `t1_c1`, `cargo_process`.`status` AS `t1_c2`, `cargo_process`.`started` AS `t1_c3`, `cargo_process`.`date` AS `t1_c4`, `cargo_process`.`note` AS `t1_c5`, `cargo_process`.`driver_id` AS `t1_c6`, `cargo_process`.`cargo_receipt` AS `t1_c7`, `cargo_process`.`gate_pass_id` AS `t1_c8`, `cargo_process`.`agg_pod_id` AS `t1_c9`, `cargo_process`.`meta` AS `t1_c10`, `cargo_process`.`type` AS `t1_c11`, `cargo_process`.`caref` AS `t1_c12`, `cargo_process`.`sub_type` AS `t1_c13`, `cargo_process`.`dpt_id` AS `t1_c14`, `cargo_process`.`was_interstate` AS `t1_c15` FROM `cargo_process` `cargo_process`  WHERE (`cargo_process`.`shipment_id`=:ypl0) ORDER BY cargo_process.id desc
2023/10/23 08:33:17 [trace] [system.db.ar.CActiveRecord] lazy loading ImParcel.trans
2023/10/23 08:33:17 [trace] [system.db.CDbCommand] Querying SQL: SELECT `trans`.`id` AS `t1_c0`, `trans`.`pid` AS `t1_c1`, `trans`.`org_id` AS `t1_c2`, `trans`.`man_id` AS `t1_c3`, `trans`.`connote` AS `t1_c4`, `trans`.`time` AS `t1_c5`, `trans`.`type` AS `t1_c6`, `trans`.`status` AS `t1_c7`, `trans`.`meta` AS `t1_c8`, `trans`.`cost` AS `t1_c9` FROM `tranship` `trans`  WHERE (`trans`.`pid`=:ypl0)
2023/10/23 08:33:17 [trace] [system.db.ar.CActiveRecord] Log.insert()
2023/10/23 08:33:17 [trace] [system.db.CDbCommand] Executing SQL: INSERT INTO `log` (`type`, `model`, `lid`, `user_id`, `time`, `meta`) VALUES (:yp0, :yp1, :yp2, :yp3, :yp4, :yp5)
2023/10/23 08:33:17 [trace] [system.db.ar.CActiveRecord] ImParcel.findByPk()
2023/10/23 08:33:17 [trace] [system.db.CDbCommand] Querying SQL: SELECT * FROM `shipment` `t` WHERE (`t`.`type`=10) AND (`t`.`id`='56382315') LIMIT 1
2023/10/23 08:33:17 [trace] [system.db.ar.CActiveRecord] OrgRate.find()
2023/10/23 08:33:17 [trace] [system.db.CDbCommand] Querying SQL: SELECT * FROM `org_rate` `t` WHERE id = :id LIMIT 1
2023/10/23 08:33:17 [trace] [system.db.ar.CActiveRecord] Addr.findByPk()
2023/10/23 08:33:17 [trace] [system.db.CDbCommand] Querying SQL: SELECT * FROM `addr` `t` WHERE `t`.`id`='142274923' LIMIT 1
2023/10/23 08:33:17 [trace] [system.db.ar.CActiveRecord] lazy loading ImParcel.cnee
2023/10/23 08:33:17 [trace] [system.db.CDbCommand] Querying SQL: SELECT `cnee`.`id` AS `t1_c0`, `cnee`.`owner_id` AS `t1_c1`, `cnee`.`cnid_id` AS `t1_c2`, `cnee`.`name` AS `t1_c3`, `cnee`.`company` AS `t1_c4`, `cnee`.`address` AS `t1_c5`, `cnee`.`suburb` AS `t1_c6`, `cnee`.`city` AS `t1_c7`, `cnee`.`state` AS `t1_c8`, `cnee`.`postcode` AS `t1_c9`, `cnee`.`country` AS `t1_c10`, `cnee`.`tel` AS `t1_c11`, `cnee`.`email` AS `t1_c12`, `cnee`.`acc` AS `t1_c13`, `cnee`.`cnid_no` AS `t1_c14` FROM `addr` `cnee`  WHERE (`cnee`.`id`=:ypl0)
2023/10/23 08:33:18 [trace] [system.db.ar.CActiveRecord] ImParcel.findByPk()
2023/10/23 08:33:18 [trace] [system.db.CDbCommand] Querying SQL: SELECT * FROM `shipment` `t` WHERE (`t`.`type`=10) AND (`t`.`id`='56382315') LIMIT 1
2023/10/23 08:33:18 [trace] [system.db.ar.CActiveRecord] ImParcel.update()
2023/10/23 08:33:18 [trace] [system.db.ar.CActiveRecord] ImParcel.updateByPk()
2023/10/23 08:33:18 [trace] [system.db.CDbCommand] Executing SQL: UPDATE `shipment` SET `type`=:yp0, `id`=:yp1, `owner_id`=:yp2, `agent_id`=:yp3, `consol_id`=:yp4, `man_id`=:yp5, `rec_id`=:yp6, `odpt_id`=:yp7, `ddpt_id`=:yp8, `cnor_id`=:yp9, `cnee_id`=:yp10, `receiver_id`=:yp11, `notify_id`=:yp12, `zr_id`=:yp13, `ot_id`=:yp14, `status`=:yp15, `pickup`=:yp16, `hbn`=:yp17, `ref`=:yp18, `cref`=:yp19, `pkg`=:yp20, `packages`=:yp21, `items`=:yp22, `state`=:yp23, `postcode`=:yp24, `value`=:yp25, `dvalue`=:yp26, `tariff`=:yp27, `insurance`=:yp28, `currency`=:yp29, `weight`=:yp30, `wtck`=:yp31, `cbm`=:yp32, `sac`=:yp33, `exm`=:yp34, `can`=:yp35, `bwf`=:yp36, `cbwf`=:yp37, `meta`=:yp38, `scan`=:yp39, `scan_no`=:yp40, `note`=:yp41, `created`=:yp42, `styp`=:yp43 WHERE `shipment`.`id`='56382315'
2023/10/23 08:33:18 [trace] [system.db.ar.CActiveRecord] Tracking.count()
2023/10/23 08:33:18 [trace] [system.db.CDbCommand] Querying SQL: SELECT COUNT(*) FROM `tracking` `t` WHERE pid = :pid AND type = :t
2023/10/23 08:33:18 [trace] [system.db.ar.CActiveRecord] lazy loading ImParcel.agent
2023/10/23 08:33:18 [trace] [system.db.CDbCommand] Querying SQL: SELECT `agent`.`id` AS `t1_c0`, `agent`.`pid` AS `t1_c1`, `agent`.`type` AS `t1_c2`, `agent`.`name` AS `t1_c3`, `agent`.`code` AS `t1_c4`, `agent`.`accode` AS `t1_c5`, `agent`.`abn` AS `t1_c6`, `agent`.`address` AS `t1_c7`, `agent`.`suburb` AS `t1_c8`, `agent`.`state` AS `t1_c9`, `agent`.`postcode` AS `t1_c10`, `agent`.`country` AS `t1_c11`, `agent`.`email` AS `t1_c12`, `agent`.`phone` AS `t1_c13`, `agent`.`fax` AS `t1_c14`, `agent`.`desc` AS `t1_c15`, `agent`.`status` AS `t1_c16`, `agent`.`meta` AS `t1_c17`, `agent`.`by` AS `t1_c18`, `agent`.`manager` AS `t1_c19`, `agent`.`nln` AS `t1_c20`, `agent`.`cargo_driver_type` AS `t1_c21`, `agent`.`hash` AS `t1_c22`, `agent`.`lat` AS `t1_c23`, `agent`.`lng` AS `t1_c24` FROM `org` `agent`  WHERE (`agent`.`id`=:ypl0)
2023/10/23 08:33:18 [trace] [system.db.ar.CActiveRecord] ImParcel.refresh()
2023/10/23 08:33:18 [trace] [system.db.ar.CActiveRecord] ImParcel.findByPk()
2023/10/23 08:33:18 [trace] [system.db.CDbCommand] Querying SQL: SELECT * FROM `shipment` `t` WHERE (`t`.`type`=10) AND (`t`.`id`='56382315') LIMIT 1
2023/10/23 08:33:18 [trace] [system.db.ar.CActiveRecord] lazy loading ImParcel.cargo_process
2023/10/23 08:33:18 [trace] [system.db.CDbCommand] Querying SQL: SELECT `cargo_process`.`id` AS `t1_c0`, `cargo_process`.`shipment_id` AS `t1_c1`, `cargo_process`.`status` AS `t1_c2`, `cargo_process`.`started` AS `t1_c3`, `cargo_process`.`date` AS `t1_c4`, `cargo_process`.`note` AS `t1_c5`, `cargo_process`.`driver_id` AS `t1_c6`, `cargo_process`.`cargo_receipt` AS `t1_c7`, `cargo_process`.`gate_pass_id` AS `t1_c8`, `cargo_process`.`agg_pod_id` AS `t1_c9`, `cargo_process`.`meta` AS `t1_c10`, `cargo_process`.`type` AS `t1_c11`, `cargo_process`.`caref` AS `t1_c12`, `cargo_process`.`sub_type` AS `t1_c13`, `cargo_process`.`dpt_id` AS `t1_c14`, `cargo_process`.`was_interstate` AS `t1_c15` FROM `cargo_process` `cargo_process`  WHERE (`cargo_process`.`shipment_id`=:ypl0) ORDER BY cargo_process.id desc
2023/10/23 08:33:18 [trace] [system.db.ar.CActiveRecord] lazy loading ImParcel.trans
2023/10/23 08:33:18 [trace] [system.db.CDbCommand] Querying SQL: SELECT `trans`.`id` AS `t1_c0`, `trans`.`pid` AS `t1_c1`, `trans`.`org_id` AS `t1_c2`, `trans`.`man_id` AS `t1_c3`, `trans`.`connote` AS `t1_c4`, `trans`.`time` AS `t1_c5`, `trans`.`type` AS `t1_c6`, `trans`.`status` AS `t1_c7`, `trans`.`meta` AS `t1_c8`, `trans`.`cost` AS `t1_c9` FROM `tranship` `trans`  WHERE (`trans`.`pid`=:ypl0)
2023/10/23 08:33:18 [trace] [system.db.ar.CActiveRecord] Log.insert()
2023/10/23 08:33:18 [trace] [system.db.CDbCommand] Executing SQL: INSERT INTO `log` (`type`, `model`, `lid`, `user_id`, `time`, `meta`) VALUES (:yp0, :yp1, :yp2, :yp3, :yp4, :yp5)
2023/10/23 08:40:07 [trace] [system.db.CDbConnection] Opening DB connection
2023/10/23 08:40:09 [trace] [system.db.CDbCommand] Querying SQL: SHOW FULL COLUMNS FROM `shipment`
2023/10/23 08:40:09 [trace] [system.db.CDbCommand] Querying SQL: SHOW CREATE TABLE `shipment`
2023/10/23 08:40:09 [trace] [system.db.ar.CActiveRecord] ImParcel.findByPk()
2023/10/23 08:40:09 [trace] [system.db.CDbCommand] Querying SQL: SELECT * FROM `shipment` `t` WHERE (`t`.`type`=10) AND (`t`.`id`='56382311') LIMIT 1
2023/10/23 08:40:09 [trace] [system.db.ar.CActiveRecord] OrgRate.find()
2023/10/23 08:40:09 [trace] [system.db.CDbCommand] Querying SQL: SHOW FULL COLUMNS FROM `org_rate`
2023/10/23 08:40:09 [trace] [system.db.CDbCommand] Querying SQL: SHOW CREATE TABLE `org_rate`
2023/10/23 08:40:09 [trace] [system.db.CDbCommand] Querying SQL: SELECT * FROM `org_rate` `t` WHERE id = :id LIMIT 1
2023/10/23 08:40:09 [trace] [system.db.ar.CActiveRecord] Addr.findByPk()
2023/10/23 08:40:09 [trace] [system.db.CDbCommand] Querying SQL: SHOW FULL COLUMNS FROM `addr`
2023/10/23 08:40:09 [trace] [system.db.CDbCommand] Querying SQL: SHOW CREATE TABLE `addr`
2023/10/23 08:40:09 [trace] [system.db.CDbCommand] Querying SQL: SELECT * FROM `addr` `t` WHERE `t`.`id`='142274894' LIMIT 1
2023/10/23 08:40:09 [trace] [system.db.ar.CActiveRecord] lazy loading ImParcel.cnee
2023/10/23 08:40:09 [trace] [system.db.CDbCommand] Querying SQL: SELECT `cnee`.`id` AS `t1_c0`, `cnee`.`owner_id` AS `t1_c1`, `cnee`.`cnid_id` AS `t1_c2`, `cnee`.`name` AS `t1_c3`, `cnee`.`company` AS `t1_c4`, `cnee`.`address` AS `t1_c5`, `cnee`.`suburb` AS `t1_c6`, `cnee`.`city` AS `t1_c7`, `cnee`.`state` AS `t1_c8`, `cnee`.`postcode` AS `t1_c9`, `cnee`.`country` AS `t1_c10`, `cnee`.`tel` AS `t1_c11`, `cnee`.`email` AS `t1_c12`, `cnee`.`acc` AS `t1_c13`, `cnee`.`cnid_no` AS `t1_c14` FROM `addr` `cnee`  WHERE (`cnee`.`id`=:ypl0)
2023/10/23 08:40:11 [trace] [system.db.ar.CActiveRecord] ImParcel.findByPk()
2023/10/23 08:40:11 [trace] [system.db.CDbCommand] Querying SQL: SELECT * FROM `shipment` `t` WHERE (`t`.`type`=10) AND (`t`.`id`='56382311') LIMIT 1
2023/10/23 08:40:11 [trace] [system.db.ar.CActiveRecord] ImParcel.update()
2023/10/23 08:40:11 [trace] [system.db.ar.CActiveRecord] ImParcel.updateByPk()
2023/10/23 08:40:11 [trace] [system.db.CDbCommand] Executing SQL: UPDATE `shipment` SET `type`=:yp0, `id`=:yp1, `owner_id`=:yp2, `agent_id`=:yp3, `consol_id`=:yp4, `man_id`=:yp5, `rec_id`=:yp6, `odpt_id`=:yp7, `ddpt_id`=:yp8, `cnor_id`=:yp9, `cnee_id`=:yp10, `receiver_id`=:yp11, `notify_id`=:yp12, `zr_id`=:yp13, `ot_id`=:yp14, `status`=:yp15, `pickup`=:yp16, `hbn`=:yp17, `ref`=:yp18, `cref`=:yp19, `pkg`=:yp20, `packages`=:yp21, `items`=:yp22, `state`=:yp23, `postcode`=:yp24, `value`=:yp25, `dvalue`=:yp26, `tariff`=:yp27, `insurance`=:yp28, `currency`=:yp29, `weight`=:yp30, `wtck`=:yp31, `cbm`=:yp32, `sac`=:yp33, `exm`=:yp34, `can`=:yp35, `bwf`=:yp36, `cbwf`=:yp37, `meta`=:yp38, `scan`=:yp39, `scan_no`=:yp40, `note`=:yp41, `created`=:yp42, `styp`=:yp43 WHERE `shipment`.`id`='56382311'
2023/10/23 08:40:11 [trace] [system.db.ar.CActiveRecord] Tracking.count()
2023/10/23 08:40:11 [trace] [system.db.CDbCommand] Querying SQL: SHOW FULL COLUMNS FROM `tracking`
2023/10/23 08:40:11 [trace] [system.db.CDbCommand] Querying SQL: SHOW CREATE TABLE `tracking`
2023/10/23 08:40:11 [trace] [system.db.CDbCommand] Querying SQL: SELECT COUNT(*) FROM `tracking` `t` WHERE pid = :pid AND type = :t
2023/10/23 08:40:11 [trace] [system.db.ar.CActiveRecord] lazy loading ImParcel.agent
2023/10/23 08:40:11 [trace] [system.db.CDbCommand] Querying SQL: SHOW FULL COLUMNS FROM `org`
2023/10/23 08:40:11 [trace] [system.db.CDbCommand] Querying SQL: SHOW CREATE TABLE `org`
2023/10/23 08:40:11 [trace] [system.db.CDbCommand] Querying SQL: SELECT `agent`.`id` AS `t1_c0`, `agent`.`pid` AS `t1_c1`, `agent`.`type` AS `t1_c2`, `agent`.`name` AS `t1_c3`, `agent`.`code` AS `t1_c4`, `agent`.`accode` AS `t1_c5`, `agent`.`abn` AS `t1_c6`, `agent`.`address` AS `t1_c7`, `agent`.`suburb` AS `t1_c8`, `agent`.`state` AS `t1_c9`, `agent`.`postcode` AS `t1_c10`, `agent`.`country` AS `t1_c11`, `agent`.`email` AS `t1_c12`, `agent`.`phone` AS `t1_c13`, `agent`.`fax` AS `t1_c14`, `agent`.`desc` AS `t1_c15`, `agent`.`status` AS `t1_c16`, `agent`.`meta` AS `t1_c17`, `agent`.`by` AS `t1_c18`, `agent`.`manager` AS `t1_c19`, `agent`.`nln` AS `t1_c20`, `agent`.`cargo_driver_type` AS `t1_c21`, `agent`.`hash` AS `t1_c22`, `agent`.`lat` AS `t1_c23`, `agent`.`lng` AS `t1_c24` FROM `org` `agent`  WHERE (`agent`.`id`=:ypl0)
2023/10/23 08:40:11 [trace] [system.db.ar.CActiveRecord] ImParcel.refresh()
2023/10/23 08:40:11 [trace] [system.db.ar.CActiveRecord] ImParcel.findByPk()
2023/10/23 08:40:11 [trace] [system.db.CDbCommand] Querying SQL: SELECT * FROM `shipment` `t` WHERE (`t`.`type`=10) AND (`t`.`id`='56382311') LIMIT 1
2023/10/23 08:40:11 [trace] [system.db.ar.CActiveRecord] lazy loading ImParcel.cargo_process
2023/10/23 08:40:11 [trace] [system.db.CDbCommand] Querying SQL: SHOW FULL COLUMNS FROM `cargo_process`
2023/10/23 08:40:11 [trace] [system.db.CDbCommand] Querying SQL: SHOW CREATE TABLE `cargo_process`
2023/10/23 08:40:11 [trace] [system.db.CDbCommand] Querying SQL: SELECT `cargo_process`.`id` AS `t1_c0`, `cargo_process`.`shipment_id` AS `t1_c1`, `cargo_process`.`status` AS `t1_c2`, `cargo_process`.`started` AS `t1_c3`, `cargo_process`.`date` AS `t1_c4`, `cargo_process`.`note` AS `t1_c5`, `cargo_process`.`driver_id` AS `t1_c6`, `cargo_process`.`cargo_receipt` AS `t1_c7`, `cargo_process`.`gate_pass_id` AS `t1_c8`, `cargo_process`.`agg_pod_id` AS `t1_c9`, `cargo_process`.`meta` AS `t1_c10`, `cargo_process`.`type` AS `t1_c11`, `cargo_process`.`caref` AS `t1_c12`, `cargo_process`.`sub_type` AS `t1_c13`, `cargo_process`.`dpt_id` AS `t1_c14`, `cargo_process`.`was_interstate` AS `t1_c15` FROM `cargo_process` `cargo_process`  WHERE (`cargo_process`.`shipment_id`=:ypl0) ORDER BY cargo_process.id desc
2023/10/23 08:40:11 [trace] [system.db.ar.CActiveRecord] lazy loading ImParcel.trans
2023/10/23 08:40:11 [trace] [system.db.CDbCommand] Querying SQL: SHOW FULL COLUMNS FROM `tranship`
2023/10/23 08:40:11 [trace] [system.db.CDbCommand] Querying SQL: SHOW CREATE TABLE `tranship`
2023/10/23 08:40:11 [trace] [system.db.CDbCommand] Querying SQL: SELECT `trans`.`id` AS `t1_c0`, `trans`.`pid` AS `t1_c1`, `trans`.`org_id` AS `t1_c2`, `trans`.`man_id` AS `t1_c3`, `trans`.`connote` AS `t1_c4`, `trans`.`time` AS `t1_c5`, `trans`.`type` AS `t1_c6`, `trans`.`status` AS `t1_c7`, `trans`.`meta` AS `t1_c8`, `trans`.`cost` AS `t1_c9` FROM `tranship` `trans`  WHERE (`trans`.`pid`=:ypl0)
2023/10/23 08:40:11 [trace] [system.db.CDbCommand] Querying SQL: SHOW FULL COLUMNS FROM `log`
2023/10/23 08:40:11 [trace] [system.db.CDbCommand] Querying SQL: SHOW CREATE TABLE `log`
2023/10/23 08:40:11 [trace] [system.db.ar.CActiveRecord] Log.insert()
2023/10/23 08:40:11 [trace] [system.db.CDbCommand] Executing SQL: INSERT INTO `log` (`type`, `model`, `lid`, `user_id`, `time`, `meta`) VALUES (:yp0, :yp1, :yp2, :yp3, :yp4, :yp5)
2023/10/23 08:40:11 [trace] [system.db.ar.CActiveRecord] ImParcel.findByPk()
2023/10/23 08:40:11 [trace] [system.db.CDbCommand] Querying SQL: SELECT * FROM `shipment` `t` WHERE (`t`.`type`=10) AND (`t`.`id`='56382314') LIMIT 1
2023/10/23 08:40:11 [trace] [system.db.ar.CActiveRecord] OrgRate.find()
2023/10/23 08:40:11 [trace] [system.db.CDbCommand] Querying SQL: SELECT * FROM `org_rate` `t` WHERE id = :id LIMIT 1
2023/10/23 08:40:11 [trace] [system.db.ar.CActiveRecord] Addr.findByPk()
2023/10/23 08:40:11 [trace] [system.db.CDbCommand] Querying SQL: SELECT * FROM `addr` `t` WHERE `t`.`id`='142274923' LIMIT 1
2023/10/23 08:40:11 [trace] [system.db.ar.CActiveRecord] lazy loading ImParcel.cnee
2023/10/23 08:40:11 [trace] [system.db.CDbCommand] Querying SQL: SELECT `cnee`.`id` AS `t1_c0`, `cnee`.`owner_id` AS `t1_c1`, `cnee`.`cnid_id` AS `t1_c2`, `cnee`.`name` AS `t1_c3`, `cnee`.`company` AS `t1_c4`, `cnee`.`address` AS `t1_c5`, `cnee`.`suburb` AS `t1_c6`, `cnee`.`city` AS `t1_c7`, `cnee`.`state` AS `t1_c8`, `cnee`.`postcode` AS `t1_c9`, `cnee`.`country` AS `t1_c10`, `cnee`.`tel` AS `t1_c11`, `cnee`.`email` AS `t1_c12`, `cnee`.`acc` AS `t1_c13`, `cnee`.`cnid_no` AS `t1_c14` FROM `addr` `cnee`  WHERE (`cnee`.`id`=:ypl0)
2023/10/23 08:40:11 [trace] [system.db.ar.CActiveRecord] ImParcel.findByPk()
2023/10/23 08:40:11 [trace] [system.db.CDbCommand] Querying SQL: SELECT * FROM `shipment` `t` WHERE (`t`.`type`=10) AND (`t`.`id`='56382314') LIMIT 1
2023/10/23 08:40:11 [trace] [system.db.ar.CActiveRecord] ImParcel.update()
2023/10/23 08:40:11 [trace] [system.db.ar.CActiveRecord] ImParcel.updateByPk()
2023/10/23 08:40:11 [trace] [system.db.CDbCommand] Executing SQL: UPDATE `shipment` SET `type`=:yp0, `id`=:yp1, `owner_id`=:yp2, `agent_id`=:yp3, `consol_id`=:yp4, `man_id`=:yp5, `rec_id`=:yp6, `odpt_id`=:yp7, `ddpt_id`=:yp8, `cnor_id`=:yp9, `cnee_id`=:yp10, `receiver_id`=:yp11, `notify_id`=:yp12, `zr_id`=:yp13, `ot_id`=:yp14, `status`=:yp15, `pickup`=:yp16, `hbn`=:yp17, `ref`=:yp18, `cref`=:yp19, `pkg`=:yp20, `packages`=:yp21, `items`=:yp22, `state`=:yp23, `postcode`=:yp24, `value`=:yp25, `dvalue`=:yp26, `tariff`=:yp27, `insurance`=:yp28, `currency`=:yp29, `weight`=:yp30, `wtck`=:yp31, `cbm`=:yp32, `sac`=:yp33, `exm`=:yp34, `can`=:yp35, `bwf`=:yp36, `cbwf`=:yp37, `meta`=:yp38, `scan`=:yp39, `scan_no`=:yp40, `note`=:yp41, `created`=:yp42, `styp`=:yp43 WHERE `shipment`.`id`='56382314'
2023/10/23 08:40:11 [trace] [system.db.ar.CActiveRecord] Tracking.count()
2023/10/23 08:40:11 [trace] [system.db.CDbCommand] Querying SQL: SELECT COUNT(*) FROM `tracking` `t` WHERE pid = :pid AND type = :t
2023/10/23 08:40:11 [trace] [system.db.ar.CActiveRecord] lazy loading ImParcel.agent
2023/10/23 08:40:11 [trace] [system.db.CDbCommand] Querying SQL: SELECT `agent`.`id` AS `t1_c0`, `agent`.`pid` AS `t1_c1`, `agent`.`type` AS `t1_c2`, `agent`.`name` AS `t1_c3`, `agent`.`code` AS `t1_c4`, `agent`.`accode` AS `t1_c5`, `agent`.`abn` AS `t1_c6`, `agent`.`address` AS `t1_c7`, `agent`.`suburb` AS `t1_c8`, `agent`.`state` AS `t1_c9`, `agent`.`postcode` AS `t1_c10`, `agent`.`country` AS `t1_c11`, `agent`.`email` AS `t1_c12`, `agent`.`phone` AS `t1_c13`, `agent`.`fax` AS `t1_c14`, `agent`.`desc` AS `t1_c15`, `agent`.`status` AS `t1_c16`, `agent`.`meta` AS `t1_c17`, `agent`.`by` AS `t1_c18`, `agent`.`manager` AS `t1_c19`, `agent`.`nln` AS `t1_c20`, `agent`.`cargo_driver_type` AS `t1_c21`, `agent`.`hash` AS `t1_c22`, `agent`.`lat` AS `t1_c23`, `agent`.`lng` AS `t1_c24` FROM `org` `agent`  WHERE (`agent`.`id`=:ypl0)
2023/10/23 08:40:11 [trace] [system.db.ar.CActiveRecord] ImParcel.refresh()
2023/10/23 08:40:11 [trace] [system.db.ar.CActiveRecord] ImParcel.findByPk()
2023/10/23 08:40:11 [trace] [system.db.CDbCommand] Querying SQL: SELECT * FROM `shipment` `t` WHERE (`t`.`type`=10) AND (`t`.`id`='56382314') LIMIT 1
2023/10/23 08:40:11 [trace] [system.db.ar.CActiveRecord] lazy loading ImParcel.cargo_process
2023/10/23 08:40:11 [trace] [system.db.CDbCommand] Querying SQL: SELECT `cargo_process`.`id` AS `t1_c0`, `cargo_process`.`shipment_id` AS `t1_c1`, `cargo_process`.`status` AS `t1_c2`, `cargo_process`.`started` AS `t1_c3`, `cargo_process`.`date` AS `t1_c4`, `cargo_process`.`note` AS `t1_c5`, `cargo_process`.`driver_id` AS `t1_c6`, `cargo_process`.`cargo_receipt` AS `t1_c7`, `cargo_process`.`gate_pass_id` AS `t1_c8`, `cargo_process`.`agg_pod_id` AS `t1_c9`, `cargo_process`.`meta` AS `t1_c10`, `cargo_process`.`type` AS `t1_c11`, `cargo_process`.`caref` AS `t1_c12`, `cargo_process`.`sub_type` AS `t1_c13`, `cargo_process`.`dpt_id` AS `t1_c14`, `cargo_process`.`was_interstate` AS `t1_c15` FROM `cargo_process` `cargo_process`  WHERE (`cargo_process`.`shipment_id`=:ypl0) ORDER BY cargo_process.id desc
2023/10/23 08:40:11 [trace] [system.db.ar.CActiveRecord] lazy loading ImParcel.trans
2023/10/23 08:40:11 [trace] [system.db.CDbCommand] Querying SQL: SELECT `trans`.`id` AS `t1_c0`, `trans`.`pid` AS `t1_c1`, `trans`.`org_id` AS `t1_c2`, `trans`.`man_id` AS `t1_c3`, `trans`.`connote` AS `t1_c4`, `trans`.`time` AS `t1_c5`, `trans`.`type` AS `t1_c6`, `trans`.`status` AS `t1_c7`, `trans`.`meta` AS `t1_c8`, `trans`.`cost` AS `t1_c9` FROM `tranship` `trans`  WHERE (`trans`.`pid`=:ypl0)
2023/10/23 08:40:11 [trace] [system.db.ar.CActiveRecord] Log.insert()
2023/10/23 08:40:11 [trace] [system.db.CDbCommand] Executing SQL: INSERT INTO `log` (`type`, `model`, `lid`, `user_id`, `time`, `meta`) VALUES (:yp0, :yp1, :yp2, :yp3, :yp4, :yp5)
2023/10/23 08:40:11 [trace] [system.db.ar.CActiveRecord] ImParcel.findByPk()
2023/10/23 08:40:11 [trace] [system.db.CDbCommand] Querying SQL: SELECT * FROM `shipment` `t` WHERE (`t`.`type`=10) AND (`t`.`id`='56382315') LIMIT 1
2023/10/23 08:40:11 [trace] [system.db.ar.CActiveRecord] OrgRate.find()
2023/10/23 08:40:11 [trace] [system.db.CDbCommand] Querying SQL: SELECT * FROM `org_rate` `t` WHERE id = :id LIMIT 1
2023/10/23 08:40:11 [trace] [system.db.ar.CActiveRecord] Addr.findByPk()
2023/10/23 08:40:11 [trace] [system.db.CDbCommand] Querying SQL: SELECT * FROM `addr` `t` WHERE `t`.`id`='142274923' LIMIT 1
2023/10/23 08:40:11 [trace] [system.db.ar.CActiveRecord] lazy loading ImParcel.cnee
2023/10/23 08:40:11 [trace] [system.db.CDbCommand] Querying SQL: SELECT `cnee`.`id` AS `t1_c0`, `cnee`.`owner_id` AS `t1_c1`, `cnee`.`cnid_id` AS `t1_c2`, `cnee`.`name` AS `t1_c3`, `cnee`.`company` AS `t1_c4`, `cnee`.`address` AS `t1_c5`, `cnee`.`suburb` AS `t1_c6`, `cnee`.`city` AS `t1_c7`, `cnee`.`state` AS `t1_c8`, `cnee`.`postcode` AS `t1_c9`, `cnee`.`country` AS `t1_c10`, `cnee`.`tel` AS `t1_c11`, `cnee`.`email` AS `t1_c12`, `cnee`.`acc` AS `t1_c13`, `cnee`.`cnid_no` AS `t1_c14` FROM `addr` `cnee`  WHERE (`cnee`.`id`=:ypl0)
2023/10/23 08:40:12 [trace] [system.db.ar.CActiveRecord] ImParcel.findByPk()
2023/10/23 08:40:12 [trace] [system.db.CDbCommand] Querying SQL: SELECT * FROM `shipment` `t` WHERE (`t`.`type`=10) AND (`t`.`id`='56382315') LIMIT 1
2023/10/23 08:40:12 [trace] [system.db.ar.CActiveRecord] ImParcel.update()
2023/10/23 08:40:12 [trace] [system.db.ar.CActiveRecord] ImParcel.updateByPk()
2023/10/23 08:40:12 [trace] [system.db.CDbCommand] Executing SQL: UPDATE `shipment` SET `type`=:yp0, `id`=:yp1, `owner_id`=:yp2, `agent_id`=:yp3, `consol_id`=:yp4, `man_id`=:yp5, `rec_id`=:yp6, `odpt_id`=:yp7, `ddpt_id`=:yp8, `cnor_id`=:yp9, `cnee_id`=:yp10, `receiver_id`=:yp11, `notify_id`=:yp12, `zr_id`=:yp13, `ot_id`=:yp14, `status`=:yp15, `pickup`=:yp16, `hbn`=:yp17, `ref`=:yp18, `cref`=:yp19, `pkg`=:yp20, `packages`=:yp21, `items`=:yp22, `state`=:yp23, `postcode`=:yp24, `value`=:yp25, `dvalue`=:yp26, `tariff`=:yp27, `insurance`=:yp28, `currency`=:yp29, `weight`=:yp30, `wtck`=:yp31, `cbm`=:yp32, `sac`=:yp33, `exm`=:yp34, `can`=:yp35, `bwf`=:yp36, `cbwf`=:yp37, `meta`=:yp38, `scan`=:yp39, `scan_no`=:yp40, `note`=:yp41, `created`=:yp42, `styp`=:yp43 WHERE `shipment`.`id`='56382315'
2023/10/23 08:40:12 [trace] [system.db.ar.CActiveRecord] Tracking.count()
2023/10/23 08:40:12 [trace] [system.db.CDbCommand] Querying SQL: SELECT COUNT(*) FROM `tracking` `t` WHERE pid = :pid AND type = :t
2023/10/23 08:40:12 [trace] [system.db.ar.CActiveRecord] lazy loading ImParcel.agent
2023/10/23 08:40:12 [trace] [system.db.CDbCommand] Querying SQL: SELECT `agent`.`id` AS `t1_c0`, `agent`.`pid` AS `t1_c1`, `agent`.`type` AS `t1_c2`, `agent`.`name` AS `t1_c3`, `agent`.`code` AS `t1_c4`, `agent`.`accode` AS `t1_c5`, `agent`.`abn` AS `t1_c6`, `agent`.`address` AS `t1_c7`, `agent`.`suburb` AS `t1_c8`, `agent`.`state` AS `t1_c9`, `agent`.`postcode` AS `t1_c10`, `agent`.`country` AS `t1_c11`, `agent`.`email` AS `t1_c12`, `agent`.`phone` AS `t1_c13`, `agent`.`fax` AS `t1_c14`, `agent`.`desc` AS `t1_c15`, `agent`.`status` AS `t1_c16`, `agent`.`meta` AS `t1_c17`, `agent`.`by` AS `t1_c18`, `agent`.`manager` AS `t1_c19`, `agent`.`nln` AS `t1_c20`, `agent`.`cargo_driver_type` AS `t1_c21`, `agent`.`hash` AS `t1_c22`, `agent`.`lat` AS `t1_c23`, `agent`.`lng` AS `t1_c24` FROM `org` `agent`  WHERE (`agent`.`id`=:ypl0)
2023/10/23 08:40:12 [trace] [system.db.ar.CActiveRecord] ImParcel.refresh()
2023/10/23 08:40:12 [trace] [system.db.ar.CActiveRecord] ImParcel.findByPk()
2023/10/23 08:40:12 [trace] [system.db.CDbCommand] Querying SQL: SELECT * FROM `shipment` `t` WHERE (`t`.`type`=10) AND (`t`.`id`='56382315') LIMIT 1
2023/10/23 08:40:12 [trace] [system.db.ar.CActiveRecord] lazy loading ImParcel.cargo_process
2023/10/23 08:40:12 [trace] [system.db.CDbCommand] Querying SQL: SELECT `cargo_process`.`id` AS `t1_c0`, `cargo_process`.`shipment_id` AS `t1_c1`, `cargo_process`.`status` AS `t1_c2`, `cargo_process`.`started` AS `t1_c3`, `cargo_process`.`date` AS `t1_c4`, `cargo_process`.`note` AS `t1_c5`, `cargo_process`.`driver_id` AS `t1_c6`, `cargo_process`.`cargo_receipt` AS `t1_c7`, `cargo_process`.`gate_pass_id` AS `t1_c8`, `cargo_process`.`agg_pod_id` AS `t1_c9`, `cargo_process`.`meta` AS `t1_c10`, `cargo_process`.`type` AS `t1_c11`, `cargo_process`.`caref` AS `t1_c12`, `cargo_process`.`sub_type` AS `t1_c13`, `cargo_process`.`dpt_id` AS `t1_c14`, `cargo_process`.`was_interstate` AS `t1_c15` FROM `cargo_process` `cargo_process`  WHERE (`cargo_process`.`shipment_id`=:ypl0) ORDER BY cargo_process.id desc
2023/10/23 08:40:12 [trace] [system.db.ar.CActiveRecord] lazy loading ImParcel.trans
2023/10/23 08:40:12 [trace] [system.db.CDbCommand] Querying SQL: SELECT `trans`.`id` AS `t1_c0`, `trans`.`pid` AS `t1_c1`, `trans`.`org_id` AS `t1_c2`, `trans`.`man_id` AS `t1_c3`, `trans`.`connote` AS `t1_c4`, `trans`.`time` AS `t1_c5`, `trans`.`type` AS `t1_c6`, `trans`.`status` AS `t1_c7`, `trans`.`meta` AS `t1_c8`, `trans`.`cost` AS `t1_c9` FROM `tranship` `trans`  WHERE (`trans`.`pid`=:ypl0)
2023/10/23 08:40:12 [trace] [system.db.ar.CActiveRecord] Log.insert()
2023/10/23 08:40:12 [trace] [system.db.CDbCommand] Executing SQL: INSERT INTO `log` (`type`, `model`, `lid`, `user_id`, `time`, `meta`) VALUES (:yp0, :yp1, :yp2, :yp3, :yp4, :yp5)
2023/10/23 08:42:40 [trace] [system.db.CDbConnection] Opening DB connection
2023/10/23 08:42:42 [trace] [system.db.CDbCommand] Querying SQL: SHOW FULL COLUMNS FROM `shipment`
2023/10/23 08:42:42 [trace] [system.db.CDbCommand] Querying SQL: SHOW CREATE TABLE `shipment`
2023/10/23 08:42:42 [trace] [system.db.ar.CActiveRecord] ImParcel.findByPk()
2023/10/23 08:42:42 [trace] [system.db.CDbCommand] Querying SQL: SELECT * FROM `shipment` `t` WHERE (`t`.`type`=10) AND (`t`.`id`='56382311') LIMIT 1
2023/10/23 08:42:42 [trace] [system.db.ar.CActiveRecord] OrgRate.find()
2023/10/23 08:42:42 [trace] [system.db.CDbCommand] Querying SQL: SHOW FULL COLUMNS FROM `org_rate`
2023/10/23 08:42:42 [trace] [system.db.CDbCommand] Querying SQL: SHOW CREATE TABLE `org_rate`
2023/10/23 08:42:42 [trace] [system.db.CDbCommand] Querying SQL: SELECT * FROM `org_rate` `t` WHERE id = :id LIMIT 1
2023/10/23 08:42:42 [trace] [system.db.ar.CActiveRecord] Addr.findByPk()
2023/10/23 08:42:42 [trace] [system.db.CDbCommand] Querying SQL: SHOW FULL COLUMNS FROM `addr`
2023/10/23 08:42:42 [trace] [system.db.CDbCommand] Querying SQL: SHOW CREATE TABLE `addr`
2023/10/23 08:42:42 [trace] [system.db.CDbCommand] Querying SQL: SELECT * FROM `addr` `t` WHERE `t`.`id`='142274894' LIMIT 1
2023/10/23 08:42:42 [trace] [system.db.ar.CActiveRecord] lazy loading ImParcel.cnee
2023/10/23 08:42:42 [trace] [system.db.CDbCommand] Querying SQL: SELECT `cnee`.`id` AS `t1_c0`, `cnee`.`owner_id` AS `t1_c1`, `cnee`.`cnid_id` AS `t1_c2`, `cnee`.`name` AS `t1_c3`, `cnee`.`company` AS `t1_c4`, `cnee`.`address` AS `t1_c5`, `cnee`.`suburb` AS `t1_c6`, `cnee`.`city` AS `t1_c7`, `cnee`.`state` AS `t1_c8`, `cnee`.`postcode` AS `t1_c9`, `cnee`.`country` AS `t1_c10`, `cnee`.`tel` AS `t1_c11`, `cnee`.`email` AS `t1_c12`, `cnee`.`acc` AS `t1_c13`, `cnee`.`cnid_no` AS `t1_c14` FROM `addr` `cnee`  WHERE (`cnee`.`id`=:ypl0)
2023/10/23 08:42:43 [trace] [system.db.ar.CActiveRecord] ImParcel.findByPk()
2023/10/23 08:42:43 [trace] [system.db.CDbCommand] Querying SQL: SELECT * FROM `shipment` `t` WHERE (`t`.`type`=10) AND (`t`.`id`='56382311') LIMIT 1
2023/10/23 08:42:43 [trace] [system.db.ar.CActiveRecord] ImParcel.update()
2023/10/23 08:42:43 [trace] [system.db.ar.CActiveRecord] ImParcel.updateByPk()
2023/10/23 08:42:43 [trace] [system.db.CDbCommand] Executing SQL: UPDATE `shipment` SET `type`=:yp0, `id`=:yp1, `owner_id`=:yp2, `agent_id`=:yp3, `consol_id`=:yp4, `man_id`=:yp5, `rec_id`=:yp6, `odpt_id`=:yp7, `ddpt_id`=:yp8, `cnor_id`=:yp9, `cnee_id`=:yp10, `receiver_id`=:yp11, `notify_id`=:yp12, `zr_id`=:yp13, `ot_id`=:yp14, `status`=:yp15, `pickup`=:yp16, `hbn`=:yp17, `ref`=:yp18, `cref`=:yp19, `pkg`=:yp20, `packages`=:yp21, `items`=:yp22, `state`=:yp23, `postcode`=:yp24, `value`=:yp25, `dvalue`=:yp26, `tariff`=:yp27, `insurance`=:yp28, `currency`=:yp29, `weight`=:yp30, `wtck`=:yp31, `cbm`=:yp32, `sac`=:yp33, `exm`=:yp34, `can`=:yp35, `bwf`=:yp36, `cbwf`=:yp37, `meta`=:yp38, `scan`=:yp39, `scan_no`=:yp40, `note`=:yp41, `created`=:yp42, `styp`=:yp43 WHERE `shipment`.`id`='56382311'
2023/10/23 08:42:43 [trace] [system.db.ar.CActiveRecord] Tracking.count()
2023/10/23 08:42:43 [trace] [system.db.CDbCommand] Querying SQL: SHOW FULL COLUMNS FROM `tracking`
2023/10/23 08:42:43 [trace] [system.db.CDbCommand] Querying SQL: SHOW CREATE TABLE `tracking`
2023/10/23 08:42:43 [trace] [system.db.CDbCommand] Querying SQL: SELECT COUNT(*) FROM `tracking` `t` WHERE pid = :pid AND type = :t
2023/10/23 08:42:43 [trace] [system.db.ar.CActiveRecord] lazy loading ImParcel.agent
2023/10/23 08:42:43 [trace] [system.db.CDbCommand] Querying SQL: SHOW FULL COLUMNS FROM `org`
2023/10/23 08:42:43 [trace] [system.db.CDbCommand] Querying SQL: SHOW CREATE TABLE `org`
2023/10/23 08:42:43 [trace] [system.db.CDbCommand] Querying SQL: SELECT `agent`.`id` AS `t1_c0`, `agent`.`pid` AS `t1_c1`, `agent`.`type` AS `t1_c2`, `agent`.`name` AS `t1_c3`, `agent`.`code` AS `t1_c4`, `agent`.`accode` AS `t1_c5`, `agent`.`abn` AS `t1_c6`, `agent`.`address` AS `t1_c7`, `agent`.`suburb` AS `t1_c8`, `agent`.`state` AS `t1_c9`, `agent`.`postcode` AS `t1_c10`, `agent`.`country` AS `t1_c11`, `agent`.`email` AS `t1_c12`, `agent`.`phone` AS `t1_c13`, `agent`.`fax` AS `t1_c14`, `agent`.`desc` AS `t1_c15`, `agent`.`status` AS `t1_c16`, `agent`.`meta` AS `t1_c17`, `agent`.`by` AS `t1_c18`, `agent`.`manager` AS `t1_c19`, `agent`.`nln` AS `t1_c20`, `agent`.`cargo_driver_type` AS `t1_c21`, `agent`.`hash` AS `t1_c22`, `agent`.`lat` AS `t1_c23`, `agent`.`lng` AS `t1_c24` FROM `org` `agent`  WHERE (`agent`.`id`=:ypl0)
2023/10/23 08:42:43 [trace] [system.db.ar.CActiveRecord] ImParcel.refresh()
2023/10/23 08:42:43 [trace] [system.db.ar.CActiveRecord] ImParcel.findByPk()
2023/10/23 08:42:43 [trace] [system.db.CDbCommand] Querying SQL: SELECT * FROM `shipment` `t` WHERE (`t`.`type`=10) AND (`t`.`id`='56382311') LIMIT 1
2023/10/23 08:42:43 [trace] [system.db.ar.CActiveRecord] lazy loading ImParcel.cargo_process
2023/10/23 08:42:43 [trace] [system.db.CDbCommand] Querying SQL: SHOW FULL COLUMNS FROM `cargo_process`
2023/10/23 08:42:43 [trace] [system.db.CDbCommand] Querying SQL: SHOW CREATE TABLE `cargo_process`
2023/10/23 08:42:43 [trace] [system.db.CDbCommand] Querying SQL: SELECT `cargo_process`.`id` AS `t1_c0`, `cargo_process`.`shipment_id` AS `t1_c1`, `cargo_process`.`status` AS `t1_c2`, `cargo_process`.`started` AS `t1_c3`, `cargo_process`.`date` AS `t1_c4`, `cargo_process`.`note` AS `t1_c5`, `cargo_process`.`driver_id` AS `t1_c6`, `cargo_process`.`cargo_receipt` AS `t1_c7`, `cargo_process`.`gate_pass_id` AS `t1_c8`, `cargo_process`.`agg_pod_id` AS `t1_c9`, `cargo_process`.`meta` AS `t1_c10`, `cargo_process`.`type` AS `t1_c11`, `cargo_process`.`caref` AS `t1_c12`, `cargo_process`.`sub_type` AS `t1_c13`, `cargo_process`.`dpt_id` AS `t1_c14`, `cargo_process`.`was_interstate` AS `t1_c15` FROM `cargo_process` `cargo_process`  WHERE (`cargo_process`.`shipment_id`=:ypl0) ORDER BY cargo_process.id desc
2023/10/23 08:42:43 [trace] [system.db.ar.CActiveRecord] lazy loading ImParcel.trans
2023/10/23 08:42:43 [trace] [system.db.CDbCommand] Querying SQL: SHOW FULL COLUMNS FROM `tranship`
2023/10/23 08:42:43 [trace] [system.db.CDbCommand] Querying SQL: SHOW CREATE TABLE `tranship`
2023/10/23 08:42:43 [trace] [system.db.CDbCommand] Querying SQL: SELECT `trans`.`id` AS `t1_c0`, `trans`.`pid` AS `t1_c1`, `trans`.`org_id` AS `t1_c2`, `trans`.`man_id` AS `t1_c3`, `trans`.`connote` AS `t1_c4`, `trans`.`time` AS `t1_c5`, `trans`.`type` AS `t1_c6`, `trans`.`status` AS `t1_c7`, `trans`.`meta` AS `t1_c8`, `trans`.`cost` AS `t1_c9` FROM `tranship` `trans`  WHERE (`trans`.`pid`=:ypl0)
2023/10/23 08:42:43 [trace] [system.db.CDbCommand] Querying SQL: SHOW FULL COLUMNS FROM `log`
2023/10/23 08:42:43 [trace] [system.db.CDbCommand] Querying SQL: SHOW CREATE TABLE `log`
2023/10/23 08:42:43 [trace] [system.db.ar.CActiveRecord] Log.insert()
2023/10/23 08:42:43 [trace] [system.db.CDbCommand] Executing SQL: INSERT INTO `log` (`type`, `model`, `lid`, `user_id`, `time`, `meta`) VALUES (:yp0, :yp1, :yp2, :yp3, :yp4, :yp5)
2023/10/23 08:42:43 [trace] [system.db.ar.CActiveRecord] ImParcel.findByPk()
2023/10/23 08:42:43 [trace] [system.db.CDbCommand] Querying SQL: SELECT * FROM `shipment` `t` WHERE (`t`.`type`=10) AND (`t`.`id`='56382314') LIMIT 1
2023/10/23 08:42:43 [trace] [system.db.ar.CActiveRecord] OrgRate.find()
2023/10/23 08:42:43 [trace] [system.db.CDbCommand] Querying SQL: SELECT * FROM `org_rate` `t` WHERE id = :id LIMIT 1
2023/10/23 08:42:43 [trace] [system.db.ar.CActiveRecord] Addr.findByPk()
2023/10/23 08:42:43 [trace] [system.db.CDbCommand] Querying SQL: SELECT * FROM `addr` `t` WHERE `t`.`id`='142274923' LIMIT 1
2023/10/23 08:42:43 [trace] [system.db.ar.CActiveRecord] lazy loading ImParcel.cnee
2023/10/23 08:42:43 [trace] [system.db.CDbCommand] Querying SQL: SELECT `cnee`.`id` AS `t1_c0`, `cnee`.`owner_id` AS `t1_c1`, `cnee`.`cnid_id` AS `t1_c2`, `cnee`.`name` AS `t1_c3`, `cnee`.`company` AS `t1_c4`, `cnee`.`address` AS `t1_c5`, `cnee`.`suburb` AS `t1_c6`, `cnee`.`city` AS `t1_c7`, `cnee`.`state` AS `t1_c8`, `cnee`.`postcode` AS `t1_c9`, `cnee`.`country` AS `t1_c10`, `cnee`.`tel` AS `t1_c11`, `cnee`.`email` AS `t1_c12`, `cnee`.`acc` AS `t1_c13`, `cnee`.`cnid_no` AS `t1_c14` FROM `addr` `cnee`  WHERE (`cnee`.`id`=:ypl0)
2023/10/23 08:42:44 [trace] [system.db.ar.CActiveRecord] ImParcel.findByPk()
2023/10/23 08:42:44 [trace] [system.db.CDbCommand] Querying SQL: SELECT * FROM `shipment` `t` WHERE (`t`.`type`=10) AND (`t`.`id`='56382314') LIMIT 1
2023/10/23 08:42:44 [trace] [system.db.ar.CActiveRecord] ImParcel.update()
2023/10/23 08:42:44 [trace] [system.db.ar.CActiveRecord] ImParcel.updateByPk()
2023/10/23 08:42:44 [trace] [system.db.CDbCommand] Executing SQL: UPDATE `shipment` SET `type`=:yp0, `id`=:yp1, `owner_id`=:yp2, `agent_id`=:yp3, `consol_id`=:yp4, `man_id`=:yp5, `rec_id`=:yp6, `odpt_id`=:yp7, `ddpt_id`=:yp8, `cnor_id`=:yp9, `cnee_id`=:yp10, `receiver_id`=:yp11, `notify_id`=:yp12, `zr_id`=:yp13, `ot_id`=:yp14, `status`=:yp15, `pickup`=:yp16, `hbn`=:yp17, `ref`=:yp18, `cref`=:yp19, `pkg`=:yp20, `packages`=:yp21, `items`=:yp22, `state`=:yp23, `postcode`=:yp24, `value`=:yp25, `dvalue`=:yp26, `tariff`=:yp27, `insurance`=:yp28, `currency`=:yp29, `weight`=:yp30, `wtck`=:yp31, `cbm`=:yp32, `sac`=:yp33, `exm`=:yp34, `can`=:yp35, `bwf`=:yp36, `cbwf`=:yp37, `meta`=:yp38, `scan`=:yp39, `scan_no`=:yp40, `note`=:yp41, `created`=:yp42, `styp`=:yp43 WHERE `shipment`.`id`='56382314'
2023/10/23 08:42:44 [trace] [system.db.ar.CActiveRecord] Tracking.count()
2023/10/23 08:42:44 [trace] [system.db.CDbCommand] Querying SQL: SELECT COUNT(*) FROM `tracking` `t` WHERE pid = :pid AND type = :t
2023/10/23 08:42:44 [trace] [system.db.ar.CActiveRecord] lazy loading ImParcel.agent
2023/10/23 08:42:44 [trace] [system.db.CDbCommand] Querying SQL: SELECT `agent`.`id` AS `t1_c0`, `agent`.`pid` AS `t1_c1`, `agent`.`type` AS `t1_c2`, `agent`.`name` AS `t1_c3`, `agent`.`code` AS `t1_c4`, `agent`.`accode` AS `t1_c5`, `agent`.`abn` AS `t1_c6`, `agent`.`address` AS `t1_c7`, `agent`.`suburb` AS `t1_c8`, `agent`.`state` AS `t1_c9`, `agent`.`postcode` AS `t1_c10`, `agent`.`country` AS `t1_c11`, `agent`.`email` AS `t1_c12`, `agent`.`phone` AS `t1_c13`, `agent`.`fax` AS `t1_c14`, `agent`.`desc` AS `t1_c15`, `agent`.`status` AS `t1_c16`, `agent`.`meta` AS `t1_c17`, `agent`.`by` AS `t1_c18`, `agent`.`manager` AS `t1_c19`, `agent`.`nln` AS `t1_c20`, `agent`.`cargo_driver_type` AS `t1_c21`, `agent`.`hash` AS `t1_c22`, `agent`.`lat` AS `t1_c23`, `agent`.`lng` AS `t1_c24` FROM `org` `agent`  WHERE (`agent`.`id`=:ypl0)
2023/10/23 08:42:44 [trace] [system.db.ar.CActiveRecord] ImParcel.refresh()
2023/10/23 08:42:44 [trace] [system.db.ar.CActiveRecord] ImParcel.findByPk()
2023/10/23 08:42:44 [trace] [system.db.CDbCommand] Querying SQL: SELECT * FROM `shipment` `t` WHERE (`t`.`type`=10) AND (`t`.`id`='56382314') LIMIT 1
2023/10/23 08:42:44 [trace] [system.db.ar.CActiveRecord] lazy loading ImParcel.cargo_process
2023/10/23 08:42:44 [trace] [system.db.CDbCommand] Querying SQL: SELECT `cargo_process`.`id` AS `t1_c0`, `cargo_process`.`shipment_id` AS `t1_c1`, `cargo_process`.`status` AS `t1_c2`, `cargo_process`.`started` AS `t1_c3`, `cargo_process`.`date` AS `t1_c4`, `cargo_process`.`note` AS `t1_c5`, `cargo_process`.`driver_id` AS `t1_c6`, `cargo_process`.`cargo_receipt` AS `t1_c7`, `cargo_process`.`gate_pass_id` AS `t1_c8`, `cargo_process`.`agg_pod_id` AS `t1_c9`, `cargo_process`.`meta` AS `t1_c10`, `cargo_process`.`type` AS `t1_c11`, `cargo_process`.`caref` AS `t1_c12`, `cargo_process`.`sub_type` AS `t1_c13`, `cargo_process`.`dpt_id` AS `t1_c14`, `cargo_process`.`was_interstate` AS `t1_c15` FROM `cargo_process` `cargo_process`  WHERE (`cargo_process`.`shipment_id`=:ypl0) ORDER BY cargo_process.id desc
2023/10/23 08:42:44 [trace] [system.db.ar.CActiveRecord] lazy loading ImParcel.trans
2023/10/23 08:42:44 [trace] [system.db.CDbCommand] Querying SQL: SELECT `trans`.`id` AS `t1_c0`, `trans`.`pid` AS `t1_c1`, `trans`.`org_id` AS `t1_c2`, `trans`.`man_id` AS `t1_c3`, `trans`.`connote` AS `t1_c4`, `trans`.`time` AS `t1_c5`, `trans`.`type` AS `t1_c6`, `trans`.`status` AS `t1_c7`, `trans`.`meta` AS `t1_c8`, `trans`.`cost` AS `t1_c9` FROM `tranship` `trans`  WHERE (`trans`.`pid`=:ypl0)
2023/10/23 08:42:44 [trace] [system.db.ar.CActiveRecord] Log.insert()
2023/10/23 08:42:44 [trace] [system.db.CDbCommand] Executing SQL: INSERT INTO `log` (`type`, `model`, `lid`, `user_id`, `time`, `meta`) VALUES (:yp0, :yp1, :yp2, :yp3, :yp4, :yp5)
2023/10/23 08:42:44 [trace] [system.db.ar.CActiveRecord] ImParcel.findByPk()
2023/10/23 08:42:44 [trace] [system.db.CDbCommand] Querying SQL: SELECT * FROM `shipment` `t` WHERE (`t`.`type`=10) AND (`t`.`id`='56382315') LIMIT 1
2023/10/23 08:42:44 [trace] [system.db.ar.CActiveRecord] OrgRate.find()
2023/10/23 08:42:44 [trace] [system.db.CDbCommand] Querying SQL: SELECT * FROM `org_rate` `t` WHERE id = :id LIMIT 1
2023/10/23 08:42:44 [trace] [system.db.ar.CActiveRecord] Addr.findByPk()
2023/10/23 08:42:44 [trace] [system.db.CDbCommand] Querying SQL: SELECT * FROM `addr` `t` WHERE `t`.`id`='142274923' LIMIT 1
2023/10/23 08:42:44 [trace] [system.db.ar.CActiveRecord] lazy loading ImParcel.cnee
2023/10/23 08:42:44 [trace] [system.db.CDbCommand] Querying SQL: SELECT `cnee`.`id` AS `t1_c0`, `cnee`.`owner_id` AS `t1_c1`, `cnee`.`cnid_id` AS `t1_c2`, `cnee`.`name` AS `t1_c3`, `cnee`.`company` AS `t1_c4`, `cnee`.`address` AS `t1_c5`, `cnee`.`suburb` AS `t1_c6`, `cnee`.`city` AS `t1_c7`, `cnee`.`state` AS `t1_c8`, `cnee`.`postcode` AS `t1_c9`, `cnee`.`country` AS `t1_c10`, `cnee`.`tel` AS `t1_c11`, `cnee`.`email` AS `t1_c12`, `cnee`.`acc` AS `t1_c13`, `cnee`.`cnid_no` AS `t1_c14` FROM `addr` `cnee`  WHERE (`cnee`.`id`=:ypl0)
2023/10/23 08:42:44 [trace] [system.db.ar.CActiveRecord] ImParcel.findByPk()
2023/10/23 08:42:44 [trace] [system.db.CDbCommand] Querying SQL: SELECT * FROM `shipment` `t` WHERE (`t`.`type`=10) AND (`t`.`id`='56382315') LIMIT 1
2023/10/23 08:42:44 [trace] [system.db.ar.CActiveRecord] ImParcel.update()
2023/10/23 08:42:44 [trace] [system.db.ar.CActiveRecord] ImParcel.updateByPk()
2023/10/23 08:42:44 [trace] [system.db.CDbCommand] Executing SQL: UPDATE `shipment` SET `type`=:yp0, `id`=:yp1, `owner_id`=:yp2, `agent_id`=:yp3, `consol_id`=:yp4, `man_id`=:yp5, `rec_id`=:yp6, `odpt_id`=:yp7, `ddpt_id`=:yp8, `cnor_id`=:yp9, `cnee_id`=:yp10, `receiver_id`=:yp11, `notify_id`=:yp12, `zr_id`=:yp13, `ot_id`=:yp14, `status`=:yp15, `pickup`=:yp16, `hbn`=:yp17, `ref`=:yp18, `cref`=:yp19, `pkg`=:yp20, `packages`=:yp21, `items`=:yp22, `state`=:yp23, `postcode`=:yp24, `value`=:yp25, `dvalue`=:yp26, `tariff`=:yp27, `insurance`=:yp28, `currency`=:yp29, `weight`=:yp30, `wtck`=:yp31, `cbm`=:yp32, `sac`=:yp33, `exm`=:yp34, `can`=:yp35, `bwf`=:yp36, `cbwf`=:yp37, `meta`=:yp38, `scan`=:yp39, `scan_no`=:yp40, `note`=:yp41, `created`=:yp42, `styp`=:yp43 WHERE `shipment`.`id`='56382315'
2023/10/23 08:42:44 [trace] [system.db.ar.CActiveRecord] Tracking.count()
2023/10/23 08:42:44 [trace] [system.db.CDbCommand] Querying SQL: SELECT COUNT(*) FROM `tracking` `t` WHERE pid = :pid AND type = :t
2023/10/23 08:42:44 [trace] [system.db.ar.CActiveRecord] lazy loading ImParcel.agent
2023/10/23 08:42:44 [trace] [system.db.CDbCommand] Querying SQL: SELECT `agent`.`id` AS `t1_c0`, `agent`.`pid` AS `t1_c1`, `agent`.`type` AS `t1_c2`, `agent`.`name` AS `t1_c3`, `agent`.`code` AS `t1_c4`, `agent`.`accode` AS `t1_c5`, `agent`.`abn` AS `t1_c6`, `agent`.`address` AS `t1_c7`, `agent`.`suburb` AS `t1_c8`, `agent`.`state` AS `t1_c9`, `agent`.`postcode` AS `t1_c10`, `agent`.`country` AS `t1_c11`, `agent`.`email` AS `t1_c12`, `agent`.`phone` AS `t1_c13`, `agent`.`fax` AS `t1_c14`, `agent`.`desc` AS `t1_c15`, `agent`.`status` AS `t1_c16`, `agent`.`meta` AS `t1_c17`, `agent`.`by` AS `t1_c18`, `agent`.`manager` AS `t1_c19`, `agent`.`nln` AS `t1_c20`, `agent`.`cargo_driver_type` AS `t1_c21`, `agent`.`hash` AS `t1_c22`, `agent`.`lat` AS `t1_c23`, `agent`.`lng` AS `t1_c24` FROM `org` `agent`  WHERE (`agent`.`id`=:ypl0)
2023/10/23 08:42:44 [trace] [system.db.ar.CActiveRecord] ImParcel.refresh()
2023/10/23 08:42:44 [trace] [system.db.ar.CActiveRecord] ImParcel.findByPk()
2023/10/23 08:42:44 [trace] [system.db.CDbCommand] Querying SQL: SELECT * FROM `shipment` `t` WHERE (`t`.`type`=10) AND (`t`.`id`='56382315') LIMIT 1
2023/10/23 08:42:44 [trace] [system.db.ar.CActiveRecord] lazy loading ImParcel.cargo_process
2023/10/23 08:42:44 [trace] [system.db.CDbCommand] Querying SQL: SELECT `cargo_process`.`id` AS `t1_c0`, `cargo_process`.`shipment_id` AS `t1_c1`, `cargo_process`.`status` AS `t1_c2`, `cargo_process`.`started` AS `t1_c3`, `cargo_process`.`date` AS `t1_c4`, `cargo_process`.`note` AS `t1_c5`, `cargo_process`.`driver_id` AS `t1_c6`, `cargo_process`.`cargo_receipt` AS `t1_c7`, `cargo_process`.`gate_pass_id` AS `t1_c8`, `cargo_process`.`agg_pod_id` AS `t1_c9`, `cargo_process`.`meta` AS `t1_c10`, `cargo_process`.`type` AS `t1_c11`, `cargo_process`.`caref` AS `t1_c12`, `cargo_process`.`sub_type` AS `t1_c13`, `cargo_process`.`dpt_id` AS `t1_c14`, `cargo_process`.`was_interstate` AS `t1_c15` FROM `cargo_process` `cargo_process`  WHERE (`cargo_process`.`shipment_id`=:ypl0) ORDER BY cargo_process.id desc
2023/10/23 08:42:44 [trace] [system.db.ar.CActiveRecord] lazy loading ImParcel.trans
2023/10/23 08:42:44 [trace] [system.db.CDbCommand] Querying SQL: SELECT `trans`.`id` AS `t1_c0`, `trans`.`pid` AS `t1_c1`, `trans`.`org_id` AS `t1_c2`, `trans`.`man_id` AS `t1_c3`, `trans`.`connote` AS `t1_c4`, `trans`.`time` AS `t1_c5`, `trans`.`type` AS `t1_c6`, `trans`.`status` AS `t1_c7`, `trans`.`meta` AS `t1_c8`, `trans`.`cost` AS `t1_c9` FROM `tranship` `trans`  WHERE (`trans`.`pid`=:ypl0)
2023/10/23 08:42:44 [trace] [system.db.ar.CActiveRecord] Log.insert()
2023/10/23 08:42:44 [trace] [system.db.CDbCommand] Executing SQL: INSERT INTO `log` (`type`, `model`, `lid`, `user_id`, `time`, `meta`) VALUES (:yp0, :yp1, :yp2, :yp3, :yp4, :yp5)
2023/10/23 08:42:58 [trace] [system.db.CDbConnection] Opening DB connection
2023/10/23 08:43:00 [trace] [system.db.CDbCommand] Querying SQL: SHOW FULL COLUMNS FROM `shipment`
2023/10/23 08:43:00 [trace] [system.db.CDbCommand] Querying SQL: SHOW CREATE TABLE `shipment`
2023/10/23 08:43:00 [trace] [system.db.ar.CActiveRecord] ImParcel.findByPk()
2023/10/23 08:43:00 [trace] [system.db.CDbCommand] Querying SQL: SELECT * FROM `shipment` `t` WHERE (`t`.`type`=10) AND (`t`.`id`='56382311') LIMIT 1
2023/10/23 08:43:00 [trace] [system.db.ar.CActiveRecord] OrgRate.find()
2023/10/23 08:43:00 [trace] [system.db.CDbCommand] Querying SQL: SHOW FULL COLUMNS FROM `org_rate`
2023/10/23 08:43:00 [trace] [system.db.CDbCommand] Querying SQL: SHOW CREATE TABLE `org_rate`
2023/10/23 08:43:00 [trace] [system.db.CDbCommand] Querying SQL: SELECT * FROM `org_rate` `t` WHERE id = :id LIMIT 1
2023/10/23 08:43:00 [trace] [system.db.ar.CActiveRecord] Addr.findByPk()
2023/10/23 08:43:00 [trace] [system.db.CDbCommand] Querying SQL: SHOW FULL COLUMNS FROM `addr`
2023/10/23 08:43:00 [trace] [system.db.CDbCommand] Querying SQL: SHOW CREATE TABLE `addr`
2023/10/23 08:43:00 [trace] [system.db.CDbCommand] Querying SQL: SELECT * FROM `addr` `t` WHERE `t`.`id`='142274894' LIMIT 1
2023/10/23 08:43:00 [trace] [system.db.ar.CActiveRecord] lazy loading ImParcel.cnee
2023/10/23 08:43:00 [trace] [system.db.CDbCommand] Querying SQL: SELECT `cnee`.`id` AS `t1_c0`, `cnee`.`owner_id` AS `t1_c1`, `cnee`.`cnid_id` AS `t1_c2`, `cnee`.`name` AS `t1_c3`, `cnee`.`company` AS `t1_c4`, `cnee`.`address` AS `t1_c5`, `cnee`.`suburb` AS `t1_c6`, `cnee`.`city` AS `t1_c7`, `cnee`.`state` AS `t1_c8`, `cnee`.`postcode` AS `t1_c9`, `cnee`.`country` AS `t1_c10`, `cnee`.`tel` AS `t1_c11`, `cnee`.`email` AS `t1_c12`, `cnee`.`acc` AS `t1_c13`, `cnee`.`cnid_no` AS `t1_c14` FROM `addr` `cnee`  WHERE (`cnee`.`id`=:ypl0)
2023/10/23 08:43:01 [trace] [system.db.ar.CActiveRecord] ImParcel.findByPk()
2023/10/23 08:43:01 [trace] [system.db.CDbCommand] Querying SQL: SELECT * FROM `shipment` `t` WHERE (`t`.`type`=10) AND (`t`.`id`='56382311') LIMIT 1
2023/10/23 08:43:01 [trace] [system.db.ar.CActiveRecord] ImParcel.update()
2023/10/23 08:43:01 [trace] [system.db.ar.CActiveRecord] ImParcel.updateByPk()
2023/10/23 08:43:01 [trace] [system.db.CDbCommand] Executing SQL: UPDATE `shipment` SET `type`=:yp0, `id`=:yp1, `owner_id`=:yp2, `agent_id`=:yp3, `consol_id`=:yp4, `man_id`=:yp5, `rec_id`=:yp6, `odpt_id`=:yp7, `ddpt_id`=:yp8, `cnor_id`=:yp9, `cnee_id`=:yp10, `receiver_id`=:yp11, `notify_id`=:yp12, `zr_id`=:yp13, `ot_id`=:yp14, `status`=:yp15, `pickup`=:yp16, `hbn`=:yp17, `ref`=:yp18, `cref`=:yp19, `pkg`=:yp20, `packages`=:yp21, `items`=:yp22, `state`=:yp23, `postcode`=:yp24, `value`=:yp25, `dvalue`=:yp26, `tariff`=:yp27, `insurance`=:yp28, `currency`=:yp29, `weight`=:yp30, `wtck`=:yp31, `cbm`=:yp32, `sac`=:yp33, `exm`=:yp34, `can`=:yp35, `bwf`=:yp36, `cbwf`=:yp37, `meta`=:yp38, `scan`=:yp39, `scan_no`=:yp40, `note`=:yp41, `created`=:yp42, `styp`=:yp43 WHERE `shipment`.`id`='56382311'
2023/10/23 08:43:01 [trace] [system.db.ar.CActiveRecord] Tracking.count()
2023/10/23 08:43:01 [trace] [system.db.CDbCommand] Querying SQL: SHOW FULL COLUMNS FROM `tracking`
2023/10/23 08:43:01 [trace] [system.db.CDbCommand] Querying SQL: SHOW CREATE TABLE `tracking`
2023/10/23 08:43:01 [trace] [system.db.CDbCommand] Querying SQL: SELECT COUNT(*) FROM `tracking` `t` WHERE pid = :pid AND type = :t
2023/10/23 08:43:01 [trace] [system.db.ar.CActiveRecord] lazy loading ImParcel.agent
2023/10/23 08:43:01 [trace] [system.db.CDbCommand] Querying SQL: SHOW FULL COLUMNS FROM `org`
2023/10/23 08:43:01 [trace] [system.db.CDbCommand] Querying SQL: SHOW CREATE TABLE `org`
2023/10/23 08:43:01 [trace] [system.db.CDbCommand] Querying SQL: SELECT `agent`.`id` AS `t1_c0`, `agent`.`pid` AS `t1_c1`, `agent`.`type` AS `t1_c2`, `agent`.`name` AS `t1_c3`, `agent`.`code` AS `t1_c4`, `agent`.`accode` AS `t1_c5`, `agent`.`abn` AS `t1_c6`, `agent`.`address` AS `t1_c7`, `agent`.`suburb` AS `t1_c8`, `agent`.`state` AS `t1_c9`, `agent`.`postcode` AS `t1_c10`, `agent`.`country` AS `t1_c11`, `agent`.`email` AS `t1_c12`, `agent`.`phone` AS `t1_c13`, `agent`.`fax` AS `t1_c14`, `agent`.`desc` AS `t1_c15`, `agent`.`status` AS `t1_c16`, `agent`.`meta` AS `t1_c17`, `agent`.`by` AS `t1_c18`, `agent`.`manager` AS `t1_c19`, `agent`.`nln` AS `t1_c20`, `agent`.`cargo_driver_type` AS `t1_c21`, `agent`.`hash` AS `t1_c22`, `agent`.`lat` AS `t1_c23`, `agent`.`lng` AS `t1_c24` FROM `org` `agent`  WHERE (`agent`.`id`=:ypl0)
2023/10/23 08:43:01 [trace] [system.db.ar.CActiveRecord] ImParcel.refresh()
2023/10/23 08:43:01 [trace] [system.db.ar.CActiveRecord] ImParcel.findByPk()
2023/10/23 08:43:01 [trace] [system.db.CDbCommand] Querying SQL: SELECT * FROM `shipment` `t` WHERE (`t`.`type`=10) AND (`t`.`id`='56382311') LIMIT 1
2023/10/23 08:43:01 [trace] [system.db.ar.CActiveRecord] lazy loading ImParcel.cargo_process
2023/10/23 08:43:01 [trace] [system.db.CDbCommand] Querying SQL: SHOW FULL COLUMNS FROM `cargo_process`
2023/10/23 08:43:01 [trace] [system.db.CDbCommand] Querying SQL: SHOW CREATE TABLE `cargo_process`
2023/10/23 08:43:01 [trace] [system.db.CDbCommand] Querying SQL: SELECT `cargo_process`.`id` AS `t1_c0`, `cargo_process`.`shipment_id` AS `t1_c1`, `cargo_process`.`status` AS `t1_c2`, `cargo_process`.`started` AS `t1_c3`, `cargo_process`.`date` AS `t1_c4`, `cargo_process`.`note` AS `t1_c5`, `cargo_process`.`driver_id` AS `t1_c6`, `cargo_process`.`cargo_receipt` AS `t1_c7`, `cargo_process`.`gate_pass_id` AS `t1_c8`, `cargo_process`.`agg_pod_id` AS `t1_c9`, `cargo_process`.`meta` AS `t1_c10`, `cargo_process`.`type` AS `t1_c11`, `cargo_process`.`caref` AS `t1_c12`, `cargo_process`.`sub_type` AS `t1_c13`, `cargo_process`.`dpt_id` AS `t1_c14`, `cargo_process`.`was_interstate` AS `t1_c15` FROM `cargo_process` `cargo_process`  WHERE (`cargo_process`.`shipment_id`=:ypl0) ORDER BY cargo_process.id desc
2023/10/23 08:43:01 [trace] [system.db.ar.CActiveRecord] lazy loading ImParcel.trans
2023/10/23 08:43:01 [trace] [system.db.CDbCommand] Querying SQL: SHOW FULL COLUMNS FROM `tranship`
2023/10/23 08:43:01 [trace] [system.db.CDbCommand] Querying SQL: SHOW CREATE TABLE `tranship`
2023/10/23 08:43:01 [trace] [system.db.CDbCommand] Querying SQL: SELECT `trans`.`id` AS `t1_c0`, `trans`.`pid` AS `t1_c1`, `trans`.`org_id` AS `t1_c2`, `trans`.`man_id` AS `t1_c3`, `trans`.`connote` AS `t1_c4`, `trans`.`time` AS `t1_c5`, `trans`.`type` AS `t1_c6`, `trans`.`status` AS `t1_c7`, `trans`.`meta` AS `t1_c8`, `trans`.`cost` AS `t1_c9` FROM `tranship` `trans`  WHERE (`trans`.`pid`=:ypl0)
2023/10/23 08:43:01 [trace] [system.db.CDbCommand] Querying SQL: SHOW FULL COLUMNS FROM `log`
2023/10/23 08:43:01 [trace] [system.db.CDbCommand] Querying SQL: SHOW CREATE TABLE `log`
2023/10/23 08:43:01 [trace] [system.db.ar.CActiveRecord] Log.insert()
2023/10/23 08:43:01 [trace] [system.db.CDbCommand] Executing SQL: INSERT INTO `log` (`type`, `model`, `lid`, `user_id`, `time`, `meta`) VALUES (:yp0, :yp1, :yp2, :yp3, :yp4, :yp5)
2023/10/23 08:43:01 [trace] [system.db.ar.CActiveRecord] ImParcel.findByPk()
2023/10/23 08:43:01 [trace] [system.db.CDbCommand] Querying SQL: SELECT * FROM `shipment` `t` WHERE (`t`.`type`=10) AND (`t`.`id`='56382314') LIMIT 1
2023/10/23 08:43:01 [trace] [system.db.ar.CActiveRecord] OrgRate.find()
2023/10/23 08:43:01 [trace] [system.db.CDbCommand] Querying SQL: SELECT * FROM `org_rate` `t` WHERE id = :id LIMIT 1
2023/10/23 08:43:01 [trace] [system.db.ar.CActiveRecord] Addr.findByPk()
2023/10/23 08:43:01 [trace] [system.db.CDbCommand] Querying SQL: SELECT * FROM `addr` `t` WHERE `t`.`id`='142274923' LIMIT 1
2023/10/23 08:43:01 [trace] [system.db.ar.CActiveRecord] lazy loading ImParcel.cnee
2023/10/23 08:43:01 [trace] [system.db.CDbCommand] Querying SQL: SELECT `cnee`.`id` AS `t1_c0`, `cnee`.`owner_id` AS `t1_c1`, `cnee`.`cnid_id` AS `t1_c2`, `cnee`.`name` AS `t1_c3`, `cnee`.`company` AS `t1_c4`, `cnee`.`address` AS `t1_c5`, `cnee`.`suburb` AS `t1_c6`, `cnee`.`city` AS `t1_c7`, `cnee`.`state` AS `t1_c8`, `cnee`.`postcode` AS `t1_c9`, `cnee`.`country` AS `t1_c10`, `cnee`.`tel` AS `t1_c11`, `cnee`.`email` AS `t1_c12`, `cnee`.`acc` AS `t1_c13`, `cnee`.`cnid_no` AS `t1_c14` FROM `addr` `cnee`  WHERE (`cnee`.`id`=:ypl0)
2023/10/23 08:43:02 [trace] [system.db.ar.CActiveRecord] ImParcel.findByPk()
2023/10/23 08:43:02 [trace] [system.db.CDbCommand] Querying SQL: SELECT * FROM `shipment` `t` WHERE (`t`.`type`=10) AND (`t`.`id`='56382314') LIMIT 1
2023/10/23 08:43:02 [trace] [system.db.ar.CActiveRecord] ImParcel.update()
2023/10/23 08:43:02 [trace] [system.db.ar.CActiveRecord] ImParcel.updateByPk()
2023/10/23 08:43:02 [trace] [system.db.CDbCommand] Executing SQL: UPDATE `shipment` SET `type`=:yp0, `id`=:yp1, `owner_id`=:yp2, `agent_id`=:yp3, `consol_id`=:yp4, `man_id`=:yp5, `rec_id`=:yp6, `odpt_id`=:yp7, `ddpt_id`=:yp8, `cnor_id`=:yp9, `cnee_id`=:yp10, `receiver_id`=:yp11, `notify_id`=:yp12, `zr_id`=:yp13, `ot_id`=:yp14, `status`=:yp15, `pickup`=:yp16, `hbn`=:yp17, `ref`=:yp18, `cref`=:yp19, `pkg`=:yp20, `packages`=:yp21, `items`=:yp22, `state`=:yp23, `postcode`=:yp24, `value`=:yp25, `dvalue`=:yp26, `tariff`=:yp27, `insurance`=:yp28, `currency`=:yp29, `weight`=:yp30, `wtck`=:yp31, `cbm`=:yp32, `sac`=:yp33, `exm`=:yp34, `can`=:yp35, `bwf`=:yp36, `cbwf`=:yp37, `meta`=:yp38, `scan`=:yp39, `scan_no`=:yp40, `note`=:yp41, `created`=:yp42, `styp`=:yp43 WHERE `shipment`.`id`='56382314'
2023/10/23 08:43:02 [trace] [system.db.ar.CActiveRecord] Tracking.count()
2023/10/23 08:43:02 [trace] [system.db.CDbCommand] Querying SQL: SELECT COUNT(*) FROM `tracking` `t` WHERE pid = :pid AND type = :t
2023/10/23 08:43:02 [trace] [system.db.ar.CActiveRecord] lazy loading ImParcel.agent
2023/10/23 08:43:02 [trace] [system.db.CDbCommand] Querying SQL: SELECT `agent`.`id` AS `t1_c0`, `agent`.`pid` AS `t1_c1`, `agent`.`type` AS `t1_c2`, `agent`.`name` AS `t1_c3`, `agent`.`code` AS `t1_c4`, `agent`.`accode` AS `t1_c5`, `agent`.`abn` AS `t1_c6`, `agent`.`address` AS `t1_c7`, `agent`.`suburb` AS `t1_c8`, `agent`.`state` AS `t1_c9`, `agent`.`postcode` AS `t1_c10`, `agent`.`country` AS `t1_c11`, `agent`.`email` AS `t1_c12`, `agent`.`phone` AS `t1_c13`, `agent`.`fax` AS `t1_c14`, `agent`.`desc` AS `t1_c15`, `agent`.`status` AS `t1_c16`, `agent`.`meta` AS `t1_c17`, `agent`.`by` AS `t1_c18`, `agent`.`manager` AS `t1_c19`, `agent`.`nln` AS `t1_c20`, `agent`.`cargo_driver_type` AS `t1_c21`, `agent`.`hash` AS `t1_c22`, `agent`.`lat` AS `t1_c23`, `agent`.`lng` AS `t1_c24` FROM `org` `agent`  WHERE (`agent`.`id`=:ypl0)
2023/10/23 08:43:02 [trace] [system.db.ar.CActiveRecord] ImParcel.refresh()
2023/10/23 08:43:02 [trace] [system.db.ar.CActiveRecord] ImParcel.findByPk()
2023/10/23 08:43:02 [trace] [system.db.CDbCommand] Querying SQL: SELECT * FROM `shipment` `t` WHERE (`t`.`type`=10) AND (`t`.`id`='56382314') LIMIT 1
2023/10/23 08:43:02 [trace] [system.db.ar.CActiveRecord] lazy loading ImParcel.cargo_process
2023/10/23 08:43:02 [trace] [system.db.CDbCommand] Querying SQL: SELECT `cargo_process`.`id` AS `t1_c0`, `cargo_process`.`shipment_id` AS `t1_c1`, `cargo_process`.`status` AS `t1_c2`, `cargo_process`.`started` AS `t1_c3`, `cargo_process`.`date` AS `t1_c4`, `cargo_process`.`note` AS `t1_c5`, `cargo_process`.`driver_id` AS `t1_c6`, `cargo_process`.`cargo_receipt` AS `t1_c7`, `cargo_process`.`gate_pass_id` AS `t1_c8`, `cargo_process`.`agg_pod_id` AS `t1_c9`, `cargo_process`.`meta` AS `t1_c10`, `cargo_process`.`type` AS `t1_c11`, `cargo_process`.`caref` AS `t1_c12`, `cargo_process`.`sub_type` AS `t1_c13`, `cargo_process`.`dpt_id` AS `t1_c14`, `cargo_process`.`was_interstate` AS `t1_c15` FROM `cargo_process` `cargo_process`  WHERE (`cargo_process`.`shipment_id`=:ypl0) ORDER BY cargo_process.id desc
2023/10/23 08:43:02 [trace] [system.db.ar.CActiveRecord] lazy loading ImParcel.trans
2023/10/23 08:43:02 [trace] [system.db.CDbCommand] Querying SQL: SELECT `trans`.`id` AS `t1_c0`, `trans`.`pid` AS `t1_c1`, `trans`.`org_id` AS `t1_c2`, `trans`.`man_id` AS `t1_c3`, `trans`.`connote` AS `t1_c4`, `trans`.`time` AS `t1_c5`, `trans`.`type` AS `t1_c6`, `trans`.`status` AS `t1_c7`, `trans`.`meta` AS `t1_c8`, `trans`.`cost` AS `t1_c9` FROM `tranship` `trans`  WHERE (`trans`.`pid`=:ypl0)
2023/10/23 08:43:02 [trace] [system.db.ar.CActiveRecord] Log.insert()
2023/10/23 08:43:02 [trace] [system.db.CDbCommand] Executing SQL: INSERT INTO `log` (`type`, `model`, `lid`, `user_id`, `time`, `meta`) VALUES (:yp0, :yp1, :yp2, :yp3, :yp4, :yp5)
2023/10/23 08:43:02 [trace] [system.db.ar.CActiveRecord] ImParcel.findByPk()
2023/10/23 08:43:02 [trace] [system.db.CDbCommand] Querying SQL: SELECT * FROM `shipment` `t` WHERE (`t`.`type`=10) AND (`t`.`id`='56382315') LIMIT 1
2023/10/23 08:43:02 [trace] [system.db.ar.CActiveRecord] OrgRate.find()
2023/10/23 08:43:02 [trace] [system.db.CDbCommand] Querying SQL: SELECT * FROM `org_rate` `t` WHERE id = :id LIMIT 1
2023/10/23 08:43:02 [trace] [system.db.ar.CActiveRecord] Addr.findByPk()
2023/10/23 08:43:02 [trace] [system.db.CDbCommand] Querying SQL: SELECT * FROM `addr` `t` WHERE `t`.`id`='142274923' LIMIT 1
2023/10/23 08:43:02 [trace] [system.db.ar.CActiveRecord] lazy loading ImParcel.cnee
2023/10/23 08:43:02 [trace] [system.db.CDbCommand] Querying SQL: SELECT `cnee`.`id` AS `t1_c0`, `cnee`.`owner_id` AS `t1_c1`, `cnee`.`cnid_id` AS `t1_c2`, `cnee`.`name` AS `t1_c3`, `cnee`.`company` AS `t1_c4`, `cnee`.`address` AS `t1_c5`, `cnee`.`suburb` AS `t1_c6`, `cnee`.`city` AS `t1_c7`, `cnee`.`state` AS `t1_c8`, `cnee`.`postcode` AS `t1_c9`, `cnee`.`country` AS `t1_c10`, `cnee`.`tel` AS `t1_c11`, `cnee`.`email` AS `t1_c12`, `cnee`.`acc` AS `t1_c13`, `cnee`.`cnid_no` AS `t1_c14` FROM `addr` `cnee`  WHERE (`cnee`.`id`=:ypl0)
2023/10/23 08:43:02 [trace] [system.db.ar.CActiveRecord] ImParcel.findByPk()
2023/10/23 08:43:02 [trace] [system.db.CDbCommand] Querying SQL: SELECT * FROM `shipment` `t` WHERE (`t`.`type`=10) AND (`t`.`id`='56382315') LIMIT 1
2023/10/23 08:43:02 [trace] [system.db.ar.CActiveRecord] ImParcel.update()
2023/10/23 08:43:02 [trace] [system.db.ar.CActiveRecord] ImParcel.updateByPk()
2023/10/23 08:43:02 [trace] [system.db.CDbCommand] Executing SQL: UPDATE `shipment` SET `type`=:yp0, `id`=:yp1, `owner_id`=:yp2, `agent_id`=:yp3, `consol_id`=:yp4, `man_id`=:yp5, `rec_id`=:yp6, `odpt_id`=:yp7, `ddpt_id`=:yp8, `cnor_id`=:yp9, `cnee_id`=:yp10, `receiver_id`=:yp11, `notify_id`=:yp12, `zr_id`=:yp13, `ot_id`=:yp14, `status`=:yp15, `pickup`=:yp16, `hbn`=:yp17, `ref`=:yp18, `cref`=:yp19, `pkg`=:yp20, `packages`=:yp21, `items`=:yp22, `state`=:yp23, `postcode`=:yp24, `value`=:yp25, `dvalue`=:yp26, `tariff`=:yp27, `insurance`=:yp28, `currency`=:yp29, `weight`=:yp30, `wtck`=:yp31, `cbm`=:yp32, `sac`=:yp33, `exm`=:yp34, `can`=:yp35, `bwf`=:yp36, `cbwf`=:yp37, `meta`=:yp38, `scan`=:yp39, `scan_no`=:yp40, `note`=:yp41, `created`=:yp42, `styp`=:yp43 WHERE `shipment`.`id`='56382315'
2023/10/23 08:43:02 [trace] [system.db.ar.CActiveRecord] Tracking.count()
2023/10/23 08:43:02 [trace] [system.db.CDbCommand] Querying SQL: SELECT COUNT(*) FROM `tracking` `t` WHERE pid = :pid AND type = :t
2023/10/23 08:43:02 [trace] [system.db.ar.CActiveRecord] lazy loading ImParcel.agent
2023/10/23 08:43:02 [trace] [system.db.CDbCommand] Querying SQL: SELECT `agent`.`id` AS `t1_c0`, `agent`.`pid` AS `t1_c1`, `agent`.`type` AS `t1_c2`, `agent`.`name` AS `t1_c3`, `agent`.`code` AS `t1_c4`, `agent`.`accode` AS `t1_c5`, `agent`.`abn` AS `t1_c6`, `agent`.`address` AS `t1_c7`, `agent`.`suburb` AS `t1_c8`, `agent`.`state` AS `t1_c9`, `agent`.`postcode` AS `t1_c10`, `agent`.`country` AS `t1_c11`, `agent`.`email` AS `t1_c12`, `agent`.`phone` AS `t1_c13`, `agent`.`fax` AS `t1_c14`, `agent`.`desc` AS `t1_c15`, `agent`.`status` AS `t1_c16`, `agent`.`meta` AS `t1_c17`, `agent`.`by` AS `t1_c18`, `agent`.`manager` AS `t1_c19`, `agent`.`nln` AS `t1_c20`, `agent`.`cargo_driver_type` AS `t1_c21`, `agent`.`hash` AS `t1_c22`, `agent`.`lat` AS `t1_c23`, `agent`.`lng` AS `t1_c24` FROM `org` `agent`  WHERE (`agent`.`id`=:ypl0)
2023/10/23 08:43:02 [trace] [system.db.ar.CActiveRecord] ImParcel.refresh()
2023/10/23 08:43:02 [trace] [system.db.ar.CActiveRecord] ImParcel.findByPk()
2023/10/23 08:43:02 [trace] [system.db.CDbCommand] Querying SQL: SELECT * FROM `shipment` `t` WHERE (`t`.`type`=10) AND (`t`.`id`='56382315') LIMIT 1
2023/10/23 08:43:02 [trace] [system.db.ar.CActiveRecord] lazy loading ImParcel.cargo_process
2023/10/23 08:43:02 [trace] [system.db.CDbCommand] Querying SQL: SELECT `cargo_process`.`id` AS `t1_c0`, `cargo_process`.`shipment_id` AS `t1_c1`, `cargo_process`.`status` AS `t1_c2`, `cargo_process`.`started` AS `t1_c3`, `cargo_process`.`date` AS `t1_c4`, `cargo_process`.`note` AS `t1_c5`, `cargo_process`.`driver_id` AS `t1_c6`, `cargo_process`.`cargo_receipt` AS `t1_c7`, `cargo_process`.`gate_pass_id` AS `t1_c8`, `cargo_process`.`agg_pod_id` AS `t1_c9`, `cargo_process`.`meta` AS `t1_c10`, `cargo_process`.`type` AS `t1_c11`, `cargo_process`.`caref` AS `t1_c12`, `cargo_process`.`sub_type` AS `t1_c13`, `cargo_process`.`dpt_id` AS `t1_c14`, `cargo_process`.`was_interstate` AS `t1_c15` FROM `cargo_process` `cargo_process`  WHERE (`cargo_process`.`shipment_id`=:ypl0) ORDER BY cargo_process.id desc
2023/10/23 08:43:02 [trace] [system.db.ar.CActiveRecord] lazy loading ImParcel.trans
2023/10/23 08:43:02 [trace] [system.db.CDbCommand] Querying SQL: SELECT `trans`.`id` AS `t1_c0`, `trans`.`pid` AS `t1_c1`, `trans`.`org_id` AS `t1_c2`, `trans`.`man_id` AS `t1_c3`, `trans`.`connote` AS `t1_c4`, `trans`.`time` AS `t1_c5`, `trans`.`type` AS `t1_c6`, `trans`.`status` AS `t1_c7`, `trans`.`meta` AS `t1_c8`, `trans`.`cost` AS `t1_c9` FROM `tranship` `trans`  WHERE (`trans`.`pid`=:ypl0)
2023/10/23 08:43:02 [trace] [system.db.ar.CActiveRecord] Log.insert()
2023/10/23 08:43:02 [trace] [system.db.CDbCommand] Executing SQL: INSERT INTO `log` (`type`, `model`, `lid`, `user_id`, `time`, `meta`) VALUES (:yp0, :yp1, :yp2, :yp3, :yp4, :yp5)
2023/10/23 08:44:57 [trace] [system.db.CDbConnection] Opening DB connection
2023/10/23 08:44:59 [trace] [system.db.CDbCommand] Querying SQL: SHOW FULL COLUMNS FROM `shipment`
2023/10/23 08:44:59 [trace] [system.db.CDbCommand] Querying SQL: SHOW CREATE TABLE `shipment`
2023/10/23 08:44:59 [trace] [system.db.ar.CActiveRecord] ImParcel.findByPk()
2023/10/23 08:44:59 [trace] [system.db.CDbCommand] Querying SQL: SELECT * FROM `shipment` `t` WHERE (`t`.`type`=10) AND (`t`.`id`='56382311') LIMIT 1
2023/10/23 08:44:59 [trace] [system.db.ar.CActiveRecord] OrgRate.find()
2023/10/23 08:44:59 [trace] [system.db.CDbCommand] Querying SQL: SHOW FULL COLUMNS FROM `org_rate`
2023/10/23 08:44:59 [trace] [system.db.CDbCommand] Querying SQL: SHOW CREATE TABLE `org_rate`
2023/10/23 08:44:59 [trace] [system.db.CDbCommand] Querying SQL: SELECT * FROM `org_rate` `t` WHERE id = :id LIMIT 1
2023/10/23 08:44:59 [trace] [system.db.ar.CActiveRecord] Addr.findByPk()
2023/10/23 08:44:59 [trace] [system.db.CDbCommand] Querying SQL: SHOW FULL COLUMNS FROM `addr`
2023/10/23 08:44:59 [trace] [system.db.CDbCommand] Querying SQL: SHOW CREATE TABLE `addr`
2023/10/23 08:44:59 [trace] [system.db.CDbCommand] Querying SQL: SELECT * FROM `addr` `t` WHERE `t`.`id`='142274894' LIMIT 1
2023/10/23 08:44:59 [trace] [system.db.ar.CActiveRecord] lazy loading ImParcel.cnee
2023/10/23 08:44:59 [trace] [system.db.CDbCommand] Querying SQL: SELECT `cnee`.`id` AS `t1_c0`, `cnee`.`owner_id` AS `t1_c1`, `cnee`.`cnid_id` AS `t1_c2`, `cnee`.`name` AS `t1_c3`, `cnee`.`company` AS `t1_c4`, `cnee`.`address` AS `t1_c5`, `cnee`.`suburb` AS `t1_c6`, `cnee`.`city` AS `t1_c7`, `cnee`.`state` AS `t1_c8`, `cnee`.`postcode` AS `t1_c9`, `cnee`.`country` AS `t1_c10`, `cnee`.`tel` AS `t1_c11`, `cnee`.`email` AS `t1_c12`, `cnee`.`acc` AS `t1_c13`, `cnee`.`cnid_no` AS `t1_c14` FROM `addr` `cnee`  WHERE (`cnee`.`id`=:ypl0)
2023/10/23 08:45:01 [trace] [system.db.ar.CActiveRecord] ImParcel.findByPk()
2023/10/23 08:45:01 [trace] [system.db.CDbCommand] Querying SQL: SELECT * FROM `shipment` `t` WHERE (`t`.`type`=10) AND (`t`.`id`='56382311') LIMIT 1
2023/10/23 08:45:01 [trace] [system.db.ar.CActiveRecord] ImParcel.update()
2023/10/23 08:45:01 [trace] [system.db.ar.CActiveRecord] ImParcel.updateByPk()
2023/10/23 08:45:01 [trace] [system.db.CDbCommand] Executing SQL: UPDATE `shipment` SET `type`=:yp0, `id`=:yp1, `owner_id`=:yp2, `agent_id`=:yp3, `consol_id`=:yp4, `man_id`=:yp5, `rec_id`=:yp6, `odpt_id`=:yp7, `ddpt_id`=:yp8, `cnor_id`=:yp9, `cnee_id`=:yp10, `receiver_id`=:yp11, `notify_id`=:yp12, `zr_id`=:yp13, `ot_id`=:yp14, `status`=:yp15, `pickup`=:yp16, `hbn`=:yp17, `ref`=:yp18, `cref`=:yp19, `pkg`=:yp20, `packages`=:yp21, `items`=:yp22, `state`=:yp23, `postcode`=:yp24, `value`=:yp25, `dvalue`=:yp26, `tariff`=:yp27, `insurance`=:yp28, `currency`=:yp29, `weight`=:yp30, `wtck`=:yp31, `cbm`=:yp32, `sac`=:yp33, `exm`=:yp34, `can`=:yp35, `bwf`=:yp36, `cbwf`=:yp37, `meta`=:yp38, `scan`=:yp39, `scan_no`=:yp40, `note`=:yp41, `created`=:yp42, `styp`=:yp43 WHERE `shipment`.`id`='56382311'
2023/10/23 08:45:01 [trace] [system.db.ar.CActiveRecord] Tracking.count()
2023/10/23 08:45:01 [trace] [system.db.CDbCommand] Querying SQL: SHOW FULL COLUMNS FROM `tracking`
2023/10/23 08:45:01 [trace] [system.db.CDbCommand] Querying SQL: SHOW CREATE TABLE `tracking`
2023/10/23 08:45:01 [trace] [system.db.CDbCommand] Querying SQL: SELECT COUNT(*) FROM `tracking` `t` WHERE pid = :pid AND type = :t
2023/10/23 08:45:01 [trace] [system.db.ar.CActiveRecord] lazy loading ImParcel.agent
2023/10/23 08:45:01 [trace] [system.db.CDbCommand] Querying SQL: SHOW FULL COLUMNS FROM `org`
2023/10/23 08:45:01 [trace] [system.db.CDbCommand] Querying SQL: SHOW CREATE TABLE `org`
2023/10/23 08:45:01 [trace] [system.db.CDbCommand] Querying SQL: SELECT `agent`.`id` AS `t1_c0`, `agent`.`pid` AS `t1_c1`, `agent`.`type` AS `t1_c2`, `agent`.`name` AS `t1_c3`, `agent`.`code` AS `t1_c4`, `agent`.`accode` AS `t1_c5`, `agent`.`abn` AS `t1_c6`, `agent`.`address` AS `t1_c7`, `agent`.`suburb` AS `t1_c8`, `agent`.`state` AS `t1_c9`, `agent`.`postcode` AS `t1_c10`, `agent`.`country` AS `t1_c11`, `agent`.`email` AS `t1_c12`, `agent`.`phone` AS `t1_c13`, `agent`.`fax` AS `t1_c14`, `agent`.`desc` AS `t1_c15`, `agent`.`status` AS `t1_c16`, `agent`.`meta` AS `t1_c17`, `agent`.`by` AS `t1_c18`, `agent`.`manager` AS `t1_c19`, `agent`.`nln` AS `t1_c20`, `agent`.`cargo_driver_type` AS `t1_c21`, `agent`.`hash` AS `t1_c22`, `agent`.`lat` AS `t1_c23`, `agent`.`lng` AS `t1_c24` FROM `org` `agent`  WHERE (`agent`.`id`=:ypl0)
2023/10/23 08:45:01 [trace] [system.db.ar.CActiveRecord] ImParcel.refresh()
2023/10/23 08:45:01 [trace] [system.db.ar.CActiveRecord] ImParcel.findByPk()
2023/10/23 08:45:01 [trace] [system.db.CDbCommand] Querying SQL: SELECT * FROM `shipment` `t` WHERE (`t`.`type`=10) AND (`t`.`id`='56382311') LIMIT 1
2023/10/23 08:45:01 [trace] [system.db.ar.CActiveRecord] lazy loading ImParcel.cargo_process
2023/10/23 08:45:01 [trace] [system.db.CDbCommand] Querying SQL: SHOW FULL COLUMNS FROM `cargo_process`
2023/10/23 08:45:01 [trace] [system.db.CDbCommand] Querying SQL: SHOW CREATE TABLE `cargo_process`
2023/10/23 08:45:01 [trace] [system.db.CDbCommand] Querying SQL: SELECT `cargo_process`.`id` AS `t1_c0`, `cargo_process`.`shipment_id` AS `t1_c1`, `cargo_process`.`status` AS `t1_c2`, `cargo_process`.`started` AS `t1_c3`, `cargo_process`.`date` AS `t1_c4`, `cargo_process`.`note` AS `t1_c5`, `cargo_process`.`driver_id` AS `t1_c6`, `cargo_process`.`cargo_receipt` AS `t1_c7`, `cargo_process`.`gate_pass_id` AS `t1_c8`, `cargo_process`.`agg_pod_id` AS `t1_c9`, `cargo_process`.`meta` AS `t1_c10`, `cargo_process`.`type` AS `t1_c11`, `cargo_process`.`caref` AS `t1_c12`, `cargo_process`.`sub_type` AS `t1_c13`, `cargo_process`.`dpt_id` AS `t1_c14`, `cargo_process`.`was_interstate` AS `t1_c15` FROM `cargo_process` `cargo_process`  WHERE (`cargo_process`.`shipment_id`=:ypl0) ORDER BY cargo_process.id desc
2023/10/23 08:45:01 [trace] [system.db.ar.CActiveRecord] lazy loading ImParcel.trans
2023/10/23 08:45:01 [trace] [system.db.CDbCommand] Querying SQL: SHOW FULL COLUMNS FROM `tranship`
2023/10/23 08:45:01 [trace] [system.db.CDbCommand] Querying SQL: SHOW CREATE TABLE `tranship`
2023/10/23 08:45:01 [trace] [system.db.CDbCommand] Querying SQL: SELECT `trans`.`id` AS `t1_c0`, `trans`.`pid` AS `t1_c1`, `trans`.`org_id` AS `t1_c2`, `trans`.`man_id` AS `t1_c3`, `trans`.`connote` AS `t1_c4`, `trans`.`time` AS `t1_c5`, `trans`.`type` AS `t1_c6`, `trans`.`status` AS `t1_c7`, `trans`.`meta` AS `t1_c8`, `trans`.`cost` AS `t1_c9` FROM `tranship` `trans`  WHERE (`trans`.`pid`=:ypl0)
2023/10/23 08:45:01 [trace] [system.db.CDbCommand] Querying SQL: SHOW FULL COLUMNS FROM `log`
2023/10/23 08:45:01 [trace] [system.db.CDbCommand] Querying SQL: SHOW CREATE TABLE `log`
2023/10/23 08:45:01 [trace] [system.db.ar.CActiveRecord] Log.insert()
2023/10/23 08:45:01 [trace] [system.db.CDbCommand] Executing SQL: INSERT INTO `log` (`type`, `model`, `lid`, `user_id`, `time`, `meta`) VALUES (:yp0, :yp1, :yp2, :yp3, :yp4, :yp5)
2023/10/23 08:45:01 [trace] [system.db.ar.CActiveRecord] ImParcel.findByPk()
2023/10/23 08:45:01 [trace] [system.db.CDbCommand] Querying SQL: SELECT * FROM `shipment` `t` WHERE (`t`.`type`=10) AND (`t`.`id`='56382314') LIMIT 1
2023/10/23 08:45:01 [trace] [system.db.ar.CActiveRecord] OrgRate.find()
2023/10/23 08:45:01 [trace] [system.db.CDbCommand] Querying SQL: SELECT * FROM `org_rate` `t` WHERE id = :id LIMIT 1
2023/10/23 08:45:01 [trace] [system.db.ar.CActiveRecord] Addr.findByPk()
2023/10/23 08:45:01 [trace] [system.db.CDbCommand] Querying SQL: SELECT * FROM `addr` `t` WHERE `t`.`id`='142274923' LIMIT 1
2023/10/23 08:45:01 [trace] [system.db.ar.CActiveRecord] lazy loading ImParcel.cnee
2023/10/23 08:45:01 [trace] [system.db.CDbCommand] Querying SQL: SELECT `cnee`.`id` AS `t1_c0`, `cnee`.`owner_id` AS `t1_c1`, `cnee`.`cnid_id` AS `t1_c2`, `cnee`.`name` AS `t1_c3`, `cnee`.`company` AS `t1_c4`, `cnee`.`address` AS `t1_c5`, `cnee`.`suburb` AS `t1_c6`, `cnee`.`city` AS `t1_c7`, `cnee`.`state` AS `t1_c8`, `cnee`.`postcode` AS `t1_c9`, `cnee`.`country` AS `t1_c10`, `cnee`.`tel` AS `t1_c11`, `cnee`.`email` AS `t1_c12`, `cnee`.`acc` AS `t1_c13`, `cnee`.`cnid_no` AS `t1_c14` FROM `addr` `cnee`  WHERE (`cnee`.`id`=:ypl0)
2023/10/23 08:45:03 [trace] [system.db.ar.CActiveRecord] ImParcel.findByPk()
2023/10/23 08:45:03 [trace] [system.db.CDbCommand] Querying SQL: SELECT * FROM `shipment` `t` WHERE (`t`.`type`=10) AND (`t`.`id`='56382314') LIMIT 1
2023/10/23 08:45:03 [trace] [system.db.ar.CActiveRecord] ImParcel.update()
2023/10/23 08:45:03 [trace] [system.db.ar.CActiveRecord] ImParcel.updateByPk()
2023/10/23 08:45:03 [trace] [system.db.CDbCommand] Executing SQL: UPDATE `shipment` SET `type`=:yp0, `id`=:yp1, `owner_id`=:yp2, `agent_id`=:yp3, `consol_id`=:yp4, `man_id`=:yp5, `rec_id`=:yp6, `odpt_id`=:yp7, `ddpt_id`=:yp8, `cnor_id`=:yp9, `cnee_id`=:yp10, `receiver_id`=:yp11, `notify_id`=:yp12, `zr_id`=:yp13, `ot_id`=:yp14, `status`=:yp15, `pickup`=:yp16, `hbn`=:yp17, `ref`=:yp18, `cref`=:yp19, `pkg`=:yp20, `packages`=:yp21, `items`=:yp22, `state`=:yp23, `postcode`=:yp24, `value`=:yp25, `dvalue`=:yp26, `tariff`=:yp27, `insurance`=:yp28, `currency`=:yp29, `weight`=:yp30, `wtck`=:yp31, `cbm`=:yp32, `sac`=:yp33, `exm`=:yp34, `can`=:yp35, `bwf`=:yp36, `cbwf`=:yp37, `meta`=:yp38, `scan`=:yp39, `scan_no`=:yp40, `note`=:yp41, `created`=:yp42, `styp`=:yp43 WHERE `shipment`.`id`='56382314'
2023/10/23 08:45:03 [trace] [system.db.ar.CActiveRecord] Tracking.count()
2023/10/23 08:45:03 [trace] [system.db.CDbCommand] Querying SQL: SELECT COUNT(*) FROM `tracking` `t` WHERE pid = :pid AND type = :t
2023/10/23 08:45:03 [trace] [system.db.ar.CActiveRecord] lazy loading ImParcel.agent
2023/10/23 08:45:03 [trace] [system.db.CDbCommand] Querying SQL: SELECT `agent`.`id` AS `t1_c0`, `agent`.`pid` AS `t1_c1`, `agent`.`type` AS `t1_c2`, `agent`.`name` AS `t1_c3`, `agent`.`code` AS `t1_c4`, `agent`.`accode` AS `t1_c5`, `agent`.`abn` AS `t1_c6`, `agent`.`address` AS `t1_c7`, `agent`.`suburb` AS `t1_c8`, `agent`.`state` AS `t1_c9`, `agent`.`postcode` AS `t1_c10`, `agent`.`country` AS `t1_c11`, `agent`.`email` AS `t1_c12`, `agent`.`phone` AS `t1_c13`, `agent`.`fax` AS `t1_c14`, `agent`.`desc` AS `t1_c15`, `agent`.`status` AS `t1_c16`, `agent`.`meta` AS `t1_c17`, `agent`.`by` AS `t1_c18`, `agent`.`manager` AS `t1_c19`, `agent`.`nln` AS `t1_c20`, `agent`.`cargo_driver_type` AS `t1_c21`, `agent`.`hash` AS `t1_c22`, `agent`.`lat` AS `t1_c23`, `agent`.`lng` AS `t1_c24` FROM `org` `agent`  WHERE (`agent`.`id`=:ypl0)
2023/10/23 08:45:03 [trace] [system.db.ar.CActiveRecord] ImParcel.refresh()
2023/10/23 08:45:03 [trace] [system.db.ar.CActiveRecord] ImParcel.findByPk()
2023/10/23 08:45:03 [trace] [system.db.CDbCommand] Querying SQL: SELECT * FROM `shipment` `t` WHERE (`t`.`type`=10) AND (`t`.`id`='56382314') LIMIT 1
2023/10/23 08:45:03 [trace] [system.db.ar.CActiveRecord] lazy loading ImParcel.cargo_process
2023/10/23 08:45:03 [trace] [system.db.CDbCommand] Querying SQL: SELECT `cargo_process`.`id` AS `t1_c0`, `cargo_process`.`shipment_id` AS `t1_c1`, `cargo_process`.`status` AS `t1_c2`, `cargo_process`.`started` AS `t1_c3`, `cargo_process`.`date` AS `t1_c4`, `cargo_process`.`note` AS `t1_c5`, `cargo_process`.`driver_id` AS `t1_c6`, `cargo_process`.`cargo_receipt` AS `t1_c7`, `cargo_process`.`gate_pass_id` AS `t1_c8`, `cargo_process`.`agg_pod_id` AS `t1_c9`, `cargo_process`.`meta` AS `t1_c10`, `cargo_process`.`type` AS `t1_c11`, `cargo_process`.`caref` AS `t1_c12`, `cargo_process`.`sub_type` AS `t1_c13`, `cargo_process`.`dpt_id` AS `t1_c14`, `cargo_process`.`was_interstate` AS `t1_c15` FROM `cargo_process` `cargo_process`  WHERE (`cargo_process`.`shipment_id`=:ypl0) ORDER BY cargo_process.id desc
2023/10/23 08:45:03 [trace] [system.db.ar.CActiveRecord] lazy loading ImParcel.trans
2023/10/23 08:45:03 [trace] [system.db.CDbCommand] Querying SQL: SELECT `trans`.`id` AS `t1_c0`, `trans`.`pid` AS `t1_c1`, `trans`.`org_id` AS `t1_c2`, `trans`.`man_id` AS `t1_c3`, `trans`.`connote` AS `t1_c4`, `trans`.`time` AS `t1_c5`, `trans`.`type` AS `t1_c6`, `trans`.`status` AS `t1_c7`, `trans`.`meta` AS `t1_c8`, `trans`.`cost` AS `t1_c9` FROM `tranship` `trans`  WHERE (`trans`.`pid`=:ypl0)
2023/10/23 08:45:03 [trace] [system.db.ar.CActiveRecord] Log.insert()
2023/10/23 08:45:03 [trace] [system.db.CDbCommand] Executing SQL: INSERT INTO `log` (`type`, `model`, `lid`, `user_id`, `time`, `meta`) VALUES (:yp0, :yp1, :yp2, :yp3, :yp4, :yp5)
2023/10/23 08:45:03 [trace] [system.db.ar.CActiveRecord] ImParcel.findByPk()
2023/10/23 08:45:03 [trace] [system.db.CDbCommand] Querying SQL: SELECT * FROM `shipment` `t` WHERE (`t`.`type`=10) AND (`t`.`id`='56382315') LIMIT 1
2023/10/23 08:45:03 [trace] [system.db.ar.CActiveRecord] OrgRate.find()
2023/10/23 08:45:03 [trace] [system.db.CDbCommand] Querying SQL: SELECT * FROM `org_rate` `t` WHERE id = :id LIMIT 1
2023/10/23 08:45:03 [trace] [system.db.ar.CActiveRecord] Addr.findByPk()
2023/10/23 08:45:03 [trace] [system.db.CDbCommand] Querying SQL: SELECT * FROM `addr` `t` WHERE `t`.`id`='142274923' LIMIT 1
2023/10/23 08:45:03 [trace] [system.db.ar.CActiveRecord] lazy loading ImParcel.cnee
2023/10/23 08:45:03 [trace] [system.db.CDbCommand] Querying SQL: SELECT `cnee`.`id` AS `t1_c0`, `cnee`.`owner_id` AS `t1_c1`, `cnee`.`cnid_id` AS `t1_c2`, `cnee`.`name` AS `t1_c3`, `cnee`.`company` AS `t1_c4`, `cnee`.`address` AS `t1_c5`, `cnee`.`suburb` AS `t1_c6`, `cnee`.`city` AS `t1_c7`, `cnee`.`state` AS `t1_c8`, `cnee`.`postcode` AS `t1_c9`, `cnee`.`country` AS `t1_c10`, `cnee`.`tel` AS `t1_c11`, `cnee`.`email` AS `t1_c12`, `cnee`.`acc` AS `t1_c13`, `cnee`.`cnid_no` AS `t1_c14` FROM `addr` `cnee`  WHERE (`cnee`.`id`=:ypl0)
2023/10/23 08:45:03 [trace] [system.db.ar.CActiveRecord] ImParcel.findByPk()
2023/10/23 08:45:03 [trace] [system.db.CDbCommand] Querying SQL: SELECT * FROM `shipment` `t` WHERE (`t`.`type`=10) AND (`t`.`id`='56382315') LIMIT 1
2023/10/23 08:45:03 [trace] [system.db.ar.CActiveRecord] ImParcel.update()
2023/10/23 08:45:03 [trace] [system.db.ar.CActiveRecord] ImParcel.updateByPk()
2023/10/23 08:45:03 [trace] [system.db.CDbCommand] Executing SQL: UPDATE `shipment` SET `type`=:yp0, `id`=:yp1, `owner_id`=:yp2, `agent_id`=:yp3, `consol_id`=:yp4, `man_id`=:yp5, `rec_id`=:yp6, `odpt_id`=:yp7, `ddpt_id`=:yp8, `cnor_id`=:yp9, `cnee_id`=:yp10, `receiver_id`=:yp11, `notify_id`=:yp12, `zr_id`=:yp13, `ot_id`=:yp14, `status`=:yp15, `pickup`=:yp16, `hbn`=:yp17, `ref`=:yp18, `cref`=:yp19, `pkg`=:yp20, `packages`=:yp21, `items`=:yp22, `state`=:yp23, `postcode`=:yp24, `value`=:yp25, `dvalue`=:yp26, `tariff`=:yp27, `insurance`=:yp28, `currency`=:yp29, `weight`=:yp30, `wtck`=:yp31, `cbm`=:yp32, `sac`=:yp33, `exm`=:yp34, `can`=:yp35, `bwf`=:yp36, `cbwf`=:yp37, `meta`=:yp38, `scan`=:yp39, `scan_no`=:yp40, `note`=:yp41, `created`=:yp42, `styp`=:yp43 WHERE `shipment`.`id`='56382315'
2023/10/23 08:45:03 [trace] [system.db.ar.CActiveRecord] Tracking.count()
2023/10/23 08:45:03 [trace] [system.db.CDbCommand] Querying SQL: SELECT COUNT(*) FROM `tracking` `t` WHERE pid = :pid AND type = :t
2023/10/23 08:45:03 [trace] [system.db.ar.CActiveRecord] lazy loading ImParcel.agent
2023/10/23 08:45:03 [trace] [system.db.CDbCommand] Querying SQL: SELECT `agent`.`id` AS `t1_c0`, `agent`.`pid` AS `t1_c1`, `agent`.`type` AS `t1_c2`, `agent`.`name` AS `t1_c3`, `agent`.`code` AS `t1_c4`, `agent`.`accode` AS `t1_c5`, `agent`.`abn` AS `t1_c6`, `agent`.`address` AS `t1_c7`, `agent`.`suburb` AS `t1_c8`, `agent`.`state` AS `t1_c9`, `agent`.`postcode` AS `t1_c10`, `agent`.`country` AS `t1_c11`, `agent`.`email` AS `t1_c12`, `agent`.`phone` AS `t1_c13`, `agent`.`fax` AS `t1_c14`, `agent`.`desc` AS `t1_c15`, `agent`.`status` AS `t1_c16`, `agent`.`meta` AS `t1_c17`, `agent`.`by` AS `t1_c18`, `agent`.`manager` AS `t1_c19`, `agent`.`nln` AS `t1_c20`, `agent`.`cargo_driver_type` AS `t1_c21`, `agent`.`hash` AS `t1_c22`, `agent`.`lat` AS `t1_c23`, `agent`.`lng` AS `t1_c24` FROM `org` `agent`  WHERE (`agent`.`id`=:ypl0)
2023/10/23 08:45:03 [trace] [system.db.ar.CActiveRecord] ImParcel.refresh()
2023/10/23 08:45:03 [trace] [system.db.ar.CActiveRecord] ImParcel.findByPk()
2023/10/23 08:45:03 [trace] [system.db.CDbCommand] Querying SQL: SELECT * FROM `shipment` `t` WHERE (`t`.`type`=10) AND (`t`.`id`='56382315') LIMIT 1
2023/10/23 08:45:03 [trace] [system.db.ar.CActiveRecord] lazy loading ImParcel.cargo_process
2023/10/23 08:45:03 [trace] [system.db.CDbCommand] Querying SQL: SELECT `cargo_process`.`id` AS `t1_c0`, `cargo_process`.`shipment_id` AS `t1_c1`, `cargo_process`.`status` AS `t1_c2`, `cargo_process`.`started` AS `t1_c3`, `cargo_process`.`date` AS `t1_c4`, `cargo_process`.`note` AS `t1_c5`, `cargo_process`.`driver_id` AS `t1_c6`, `cargo_process`.`cargo_receipt` AS `t1_c7`, `cargo_process`.`gate_pass_id` AS `t1_c8`, `cargo_process`.`agg_pod_id` AS `t1_c9`, `cargo_process`.`meta` AS `t1_c10`, `cargo_process`.`type` AS `t1_c11`, `cargo_process`.`caref` AS `t1_c12`, `cargo_process`.`sub_type` AS `t1_c13`, `cargo_process`.`dpt_id` AS `t1_c14`, `cargo_process`.`was_interstate` AS `t1_c15` FROM `cargo_process` `cargo_process`  WHERE (`cargo_process`.`shipment_id`=:ypl0) ORDER BY cargo_process.id desc
2023/10/23 08:45:03 [trace] [system.db.ar.CActiveRecord] lazy loading ImParcel.trans
2023/10/23 08:45:03 [trace] [system.db.CDbCommand] Querying SQL: SELECT `trans`.`id` AS `t1_c0`, `trans`.`pid` AS `t1_c1`, `trans`.`org_id` AS `t1_c2`, `trans`.`man_id` AS `t1_c3`, `trans`.`connote` AS `t1_c4`, `trans`.`time` AS `t1_c5`, `trans`.`type` AS `t1_c6`, `trans`.`status` AS `t1_c7`, `trans`.`meta` AS `t1_c8`, `trans`.`cost` AS `t1_c9` FROM `tranship` `trans`  WHERE (`trans`.`pid`=:ypl0)
2023/10/23 08:45:03 [trace] [system.db.ar.CActiveRecord] Log.insert()
2023/10/23 08:45:03 [trace] [system.db.CDbCommand] Executing SQL: INSERT INTO `log` (`type`, `model`, `lid`, `user_id`, `time`, `meta`) VALUES (:yp0, :yp1, :yp2, :yp3, :yp4, :yp5)
2023/10/23 08:47:06 [trace] [system.db.CDbConnection] Opening DB connection
2023/10/23 08:47:08 [trace] [system.db.CDbCommand] Querying SQL: SHOW FULL COLUMNS FROM `shipment`
2023/10/23 08:47:08 [trace] [system.db.CDbCommand] Querying SQL: SHOW CREATE TABLE `shipment`
2023/10/23 08:47:08 [trace] [system.db.ar.CActiveRecord] ImParcel.findByPk()
2023/10/23 08:47:08 [trace] [system.db.CDbCommand] Querying SQL: SELECT * FROM `shipment` `t` WHERE (`t`.`type`=10) AND (`t`.`id`='56382311') LIMIT 1
2023/10/23 08:47:08 [trace] [system.db.ar.CActiveRecord] OrgRate.find()
2023/10/23 08:47:08 [trace] [system.db.CDbCommand] Querying SQL: SHOW FULL COLUMNS FROM `org_rate`
2023/10/23 08:47:08 [trace] [system.db.CDbCommand] Querying SQL: SHOW CREATE TABLE `org_rate`
2023/10/23 08:47:08 [trace] [system.db.CDbCommand] Querying SQL: SELECT * FROM `org_rate` `t` WHERE id = :id LIMIT 1
2023/10/23 08:47:08 [trace] [system.db.ar.CActiveRecord] Addr.findByPk()
2023/10/23 08:47:08 [trace] [system.db.CDbCommand] Querying SQL: SHOW FULL COLUMNS FROM `addr`
2023/10/23 08:47:08 [trace] [system.db.CDbCommand] Querying SQL: SHOW CREATE TABLE `addr`
2023/10/23 08:47:08 [trace] [system.db.CDbCommand] Querying SQL: SELECT * FROM `addr` `t` WHERE `t`.`id`='142274894' LIMIT 1
2023/10/23 08:47:08 [trace] [system.db.ar.CActiveRecord] lazy loading ImParcel.cnee
2023/10/23 08:47:08 [trace] [system.db.CDbCommand] Querying SQL: SELECT `cnee`.`id` AS `t1_c0`, `cnee`.`owner_id` AS `t1_c1`, `cnee`.`cnid_id` AS `t1_c2`, `cnee`.`name` AS `t1_c3`, `cnee`.`company` AS `t1_c4`, `cnee`.`address` AS `t1_c5`, `cnee`.`suburb` AS `t1_c6`, `cnee`.`city` AS `t1_c7`, `cnee`.`state` AS `t1_c8`, `cnee`.`postcode` AS `t1_c9`, `cnee`.`country` AS `t1_c10`, `cnee`.`tel` AS `t1_c11`, `cnee`.`email` AS `t1_c12`, `cnee`.`acc` AS `t1_c13`, `cnee`.`cnid_no` AS `t1_c14` FROM `addr` `cnee`  WHERE (`cnee`.`id`=:ypl0)
2023/10/23 08:47:10 [trace] [system.db.ar.CActiveRecord] ImParcel.findByPk()
2023/10/23 08:47:10 [trace] [system.db.CDbCommand] Querying SQL: SELECT * FROM `shipment` `t` WHERE (`t`.`type`=10) AND (`t`.`id`='56382311') LIMIT 1
2023/10/23 08:47:10 [trace] [system.db.ar.CActiveRecord] ImParcel.update()
2023/10/23 08:47:10 [trace] [system.db.ar.CActiveRecord] ImParcel.updateByPk()
2023/10/23 08:47:10 [trace] [system.db.CDbCommand] Executing SQL: UPDATE `shipment` SET `type`=:yp0, `id`=:yp1, `owner_id`=:yp2, `agent_id`=:yp3, `consol_id`=:yp4, `man_id`=:yp5, `rec_id`=:yp6, `odpt_id`=:yp7, `ddpt_id`=:yp8, `cnor_id`=:yp9, `cnee_id`=:yp10, `receiver_id`=:yp11, `notify_id`=:yp12, `zr_id`=:yp13, `ot_id`=:yp14, `status`=:yp15, `pickup`=:yp16, `hbn`=:yp17, `ref`=:yp18, `cref`=:yp19, `pkg`=:yp20, `packages`=:yp21, `items`=:yp22, `state`=:yp23, `postcode`=:yp24, `value`=:yp25, `dvalue`=:yp26, `tariff`=:yp27, `insurance`=:yp28, `currency`=:yp29, `weight`=:yp30, `wtck`=:yp31, `cbm`=:yp32, `sac`=:yp33, `exm`=:yp34, `can`=:yp35, `bwf`=:yp36, `cbwf`=:yp37, `meta`=:yp38, `scan`=:yp39, `scan_no`=:yp40, `note`=:yp41, `created`=:yp42, `styp`=:yp43 WHERE `shipment`.`id`='56382311'
2023/10/23 08:47:10 [trace] [system.db.ar.CActiveRecord] Tracking.count()
2023/10/23 08:47:10 [trace] [system.db.CDbCommand] Querying SQL: SHOW FULL COLUMNS FROM `tracking`
2023/10/23 08:47:10 [trace] [system.db.CDbCommand] Querying SQL: SHOW CREATE TABLE `tracking`
2023/10/23 08:47:10 [trace] [system.db.CDbCommand] Querying SQL: SELECT COUNT(*) FROM `tracking` `t` WHERE pid = :pid AND type = :t
2023/10/23 08:47:10 [trace] [system.db.ar.CActiveRecord] lazy loading ImParcel.agent
2023/10/23 08:47:10 [trace] [system.db.CDbCommand] Querying SQL: SHOW FULL COLUMNS FROM `org`
2023/10/23 08:47:10 [trace] [system.db.CDbCommand] Querying SQL: SHOW CREATE TABLE `org`
2023/10/23 08:47:10 [trace] [system.db.CDbCommand] Querying SQL: SELECT `agent`.`id` AS `t1_c0`, `agent`.`pid` AS `t1_c1`, `agent`.`type` AS `t1_c2`, `agent`.`name` AS `t1_c3`, `agent`.`code` AS `t1_c4`, `agent`.`accode` AS `t1_c5`, `agent`.`abn` AS `t1_c6`, `agent`.`address` AS `t1_c7`, `agent`.`suburb` AS `t1_c8`, `agent`.`state` AS `t1_c9`, `agent`.`postcode` AS `t1_c10`, `agent`.`country` AS `t1_c11`, `agent`.`email` AS `t1_c12`, `agent`.`phone` AS `t1_c13`, `agent`.`fax` AS `t1_c14`, `agent`.`desc` AS `t1_c15`, `agent`.`status` AS `t1_c16`, `agent`.`meta` AS `t1_c17`, `agent`.`by` AS `t1_c18`, `agent`.`manager` AS `t1_c19`, `agent`.`nln` AS `t1_c20`, `agent`.`cargo_driver_type` AS `t1_c21`, `agent`.`hash` AS `t1_c22`, `agent`.`lat` AS `t1_c23`, `agent`.`lng` AS `t1_c24` FROM `org` `agent`  WHERE (`agent`.`id`=:ypl0)
2023/10/23 08:47:10 [trace] [system.db.ar.CActiveRecord] ImParcel.refresh()
2023/10/23 08:47:10 [trace] [system.db.ar.CActiveRecord] ImParcel.findByPk()
2023/10/23 08:47:10 [trace] [system.db.CDbCommand] Querying SQL: SELECT * FROM `shipment` `t` WHERE (`t`.`type`=10) AND (`t`.`id`='56382311') LIMIT 1
2023/10/23 08:47:10 [trace] [system.db.ar.CActiveRecord] lazy loading ImParcel.cargo_process
2023/10/23 08:47:10 [trace] [system.db.CDbCommand] Querying SQL: SHOW FULL COLUMNS FROM `cargo_process`
2023/10/23 08:47:10 [trace] [system.db.CDbCommand] Querying SQL: SHOW CREATE TABLE `cargo_process`
2023/10/23 08:47:10 [trace] [system.db.CDbCommand] Querying SQL: SELECT `cargo_process`.`id` AS `t1_c0`, `cargo_process`.`shipment_id` AS `t1_c1`, `cargo_process`.`status` AS `t1_c2`, `cargo_process`.`started` AS `t1_c3`, `cargo_process`.`date` AS `t1_c4`, `cargo_process`.`note` AS `t1_c5`, `cargo_process`.`driver_id` AS `t1_c6`, `cargo_process`.`cargo_receipt` AS `t1_c7`, `cargo_process`.`gate_pass_id` AS `t1_c8`, `cargo_process`.`agg_pod_id` AS `t1_c9`, `cargo_process`.`meta` AS `t1_c10`, `cargo_process`.`type` AS `t1_c11`, `cargo_process`.`caref` AS `t1_c12`, `cargo_process`.`sub_type` AS `t1_c13`, `cargo_process`.`dpt_id` AS `t1_c14`, `cargo_process`.`was_interstate` AS `t1_c15` FROM `cargo_process` `cargo_process`  WHERE (`cargo_process`.`shipment_id`=:ypl0) ORDER BY cargo_process.id desc
2023/10/23 08:47:10 [trace] [system.db.ar.CActiveRecord] lazy loading ImParcel.trans
2023/10/23 08:47:10 [trace] [system.db.CDbCommand] Querying SQL: SHOW FULL COLUMNS FROM `tranship`
2023/10/23 08:47:10 [trace] [system.db.CDbCommand] Querying SQL: SHOW CREATE TABLE `tranship`
2023/10/23 08:47:10 [trace] [system.db.CDbCommand] Querying SQL: SELECT `trans`.`id` AS `t1_c0`, `trans`.`pid` AS `t1_c1`, `trans`.`org_id` AS `t1_c2`, `trans`.`man_id` AS `t1_c3`, `trans`.`connote` AS `t1_c4`, `trans`.`time` AS `t1_c5`, `trans`.`type` AS `t1_c6`, `trans`.`status` AS `t1_c7`, `trans`.`meta` AS `t1_c8`, `trans`.`cost` AS `t1_c9` FROM `tranship` `trans`  WHERE (`trans`.`pid`=:ypl0)
2023/10/23 08:47:10 [trace] [system.db.CDbCommand] Querying SQL: SHOW FULL COLUMNS FROM `log`
2023/10/23 08:47:10 [trace] [system.db.CDbCommand] Querying SQL: SHOW CREATE TABLE `log`
2023/10/23 08:47:10 [trace] [system.db.ar.CActiveRecord] Log.insert()
2023/10/23 08:47:10 [trace] [system.db.CDbCommand] Executing SQL: INSERT INTO `log` (`type`, `model`, `lid`, `user_id`, `time`, `meta`) VALUES (:yp0, :yp1, :yp2, :yp3, :yp4, :yp5)
2023/10/23 08:47:10 [trace] [system.db.ar.CActiveRecord] ImParcel.findByPk()
2023/10/23 08:47:10 [trace] [system.db.CDbCommand] Querying SQL: SELECT * FROM `shipment` `t` WHERE (`t`.`type`=10) AND (`t`.`id`='56382314') LIMIT 1
2023/10/23 08:47:10 [trace] [system.db.ar.CActiveRecord] OrgRate.find()
2023/10/23 08:47:10 [trace] [system.db.CDbCommand] Querying SQL: SELECT * FROM `org_rate` `t` WHERE id = :id LIMIT 1
2023/10/23 08:47:10 [trace] [system.db.ar.CActiveRecord] Addr.findByPk()
2023/10/23 08:47:10 [trace] [system.db.CDbCommand] Querying SQL: SELECT * FROM `addr` `t` WHERE `t`.`id`='142274923' LIMIT 1
2023/10/23 08:47:10 [trace] [system.db.ar.CActiveRecord] lazy loading ImParcel.cnee
2023/10/23 08:47:10 [trace] [system.db.CDbCommand] Querying SQL: SELECT `cnee`.`id` AS `t1_c0`, `cnee`.`owner_id` AS `t1_c1`, `cnee`.`cnid_id` AS `t1_c2`, `cnee`.`name` AS `t1_c3`, `cnee`.`company` AS `t1_c4`, `cnee`.`address` AS `t1_c5`, `cnee`.`suburb` AS `t1_c6`, `cnee`.`city` AS `t1_c7`, `cnee`.`state` AS `t1_c8`, `cnee`.`postcode` AS `t1_c9`, `cnee`.`country` AS `t1_c10`, `cnee`.`tel` AS `t1_c11`, `cnee`.`email` AS `t1_c12`, `cnee`.`acc` AS `t1_c13`, `cnee`.`cnid_no` AS `t1_c14` FROM `addr` `cnee`  WHERE (`cnee`.`id`=:ypl0)
2023/10/23 08:47:12 [trace] [system.db.ar.CActiveRecord] ImParcel.findByPk()
2023/10/23 08:47:12 [trace] [system.db.CDbCommand] Querying SQL: SELECT * FROM `shipment` `t` WHERE (`t`.`type`=10) AND (`t`.`id`='56382314') LIMIT 1
2023/10/23 08:47:12 [trace] [system.db.ar.CActiveRecord] ImParcel.update()
2023/10/23 08:47:12 [trace] [system.db.ar.CActiveRecord] ImParcel.updateByPk()
2023/10/23 08:47:12 [trace] [system.db.CDbCommand] Executing SQL: UPDATE `shipment` SET `type`=:yp0, `id`=:yp1, `owner_id`=:yp2, `agent_id`=:yp3, `consol_id`=:yp4, `man_id`=:yp5, `rec_id`=:yp6, `odpt_id`=:yp7, `ddpt_id`=:yp8, `cnor_id`=:yp9, `cnee_id`=:yp10, `receiver_id`=:yp11, `notify_id`=:yp12, `zr_id`=:yp13, `ot_id`=:yp14, `status`=:yp15, `pickup`=:yp16, `hbn`=:yp17, `ref`=:yp18, `cref`=:yp19, `pkg`=:yp20, `packages`=:yp21, `items`=:yp22, `state`=:yp23, `postcode`=:yp24, `value`=:yp25, `dvalue`=:yp26, `tariff`=:yp27, `insurance`=:yp28, `currency`=:yp29, `weight`=:yp30, `wtck`=:yp31, `cbm`=:yp32, `sac`=:yp33, `exm`=:yp34, `can`=:yp35, `bwf`=:yp36, `cbwf`=:yp37, `meta`=:yp38, `scan`=:yp39, `scan_no`=:yp40, `note`=:yp41, `created`=:yp42, `styp`=:yp43 WHERE `shipment`.`id`='56382314'
2023/10/23 08:47:12 [trace] [system.db.ar.CActiveRecord] Tracking.count()
2023/10/23 08:47:12 [trace] [system.db.CDbCommand] Querying SQL: SELECT COUNT(*) FROM `tracking` `t` WHERE pid = :pid AND type = :t
2023/10/23 08:47:12 [trace] [system.db.ar.CActiveRecord] lazy loading ImParcel.agent
2023/10/23 08:47:12 [trace] [system.db.CDbCommand] Querying SQL: SELECT `agent`.`id` AS `t1_c0`, `agent`.`pid` AS `t1_c1`, `agent`.`type` AS `t1_c2`, `agent`.`name` AS `t1_c3`, `agent`.`code` AS `t1_c4`, `agent`.`accode` AS `t1_c5`, `agent`.`abn` AS `t1_c6`, `agent`.`address` AS `t1_c7`, `agent`.`suburb` AS `t1_c8`, `agent`.`state` AS `t1_c9`, `agent`.`postcode` AS `t1_c10`, `agent`.`country` AS `t1_c11`, `agent`.`email` AS `t1_c12`, `agent`.`phone` AS `t1_c13`, `agent`.`fax` AS `t1_c14`, `agent`.`desc` AS `t1_c15`, `agent`.`status` AS `t1_c16`, `agent`.`meta` AS `t1_c17`, `agent`.`by` AS `t1_c18`, `agent`.`manager` AS `t1_c19`, `agent`.`nln` AS `t1_c20`, `agent`.`cargo_driver_type` AS `t1_c21`, `agent`.`hash` AS `t1_c22`, `agent`.`lat` AS `t1_c23`, `agent`.`lng` AS `t1_c24` FROM `org` `agent`  WHERE (`agent`.`id`=:ypl0)
2023/10/23 08:47:12 [trace] [system.db.ar.CActiveRecord] ImParcel.refresh()
2023/10/23 08:47:12 [trace] [system.db.ar.CActiveRecord] ImParcel.findByPk()
2023/10/23 08:47:12 [trace] [system.db.CDbCommand] Querying SQL: SELECT * FROM `shipment` `t` WHERE (`t`.`type`=10) AND (`t`.`id`='56382314') LIMIT 1
2023/10/23 08:47:12 [trace] [system.db.ar.CActiveRecord] lazy loading ImParcel.cargo_process
2023/10/23 08:47:12 [trace] [system.db.CDbCommand] Querying SQL: SELECT `cargo_process`.`id` AS `t1_c0`, `cargo_process`.`shipment_id` AS `t1_c1`, `cargo_process`.`status` AS `t1_c2`, `cargo_process`.`started` AS `t1_c3`, `cargo_process`.`date` AS `t1_c4`, `cargo_process`.`note` AS `t1_c5`, `cargo_process`.`driver_id` AS `t1_c6`, `cargo_process`.`cargo_receipt` AS `t1_c7`, `cargo_process`.`gate_pass_id` AS `t1_c8`, `cargo_process`.`agg_pod_id` AS `t1_c9`, `cargo_process`.`meta` AS `t1_c10`, `cargo_process`.`type` AS `t1_c11`, `cargo_process`.`caref` AS `t1_c12`, `cargo_process`.`sub_type` AS `t1_c13`, `cargo_process`.`dpt_id` AS `t1_c14`, `cargo_process`.`was_interstate` AS `t1_c15` FROM `cargo_process` `cargo_process`  WHERE (`cargo_process`.`shipment_id`=:ypl0) ORDER BY cargo_process.id desc
2023/10/23 08:47:12 [trace] [system.db.ar.CActiveRecord] lazy loading ImParcel.trans
2023/10/23 08:47:12 [trace] [system.db.CDbCommand] Querying SQL: SELECT `trans`.`id` AS `t1_c0`, `trans`.`pid` AS `t1_c1`, `trans`.`org_id` AS `t1_c2`, `trans`.`man_id` AS `t1_c3`, `trans`.`connote` AS `t1_c4`, `trans`.`time` AS `t1_c5`, `trans`.`type` AS `t1_c6`, `trans`.`status` AS `t1_c7`, `trans`.`meta` AS `t1_c8`, `trans`.`cost` AS `t1_c9` FROM `tranship` `trans`  WHERE (`trans`.`pid`=:ypl0)
2023/10/23 08:47:12 [trace] [system.db.ar.CActiveRecord] Log.insert()
2023/10/23 08:47:12 [trace] [system.db.CDbCommand] Executing SQL: INSERT INTO `log` (`type`, `model`, `lid`, `user_id`, `time`, `meta`) VALUES (:yp0, :yp1, :yp2, :yp3, :yp4, :yp5)
2023/10/23 08:47:12 [trace] [system.db.ar.CActiveRecord] ImParcel.findByPk()
2023/10/23 08:47:12 [trace] [system.db.CDbCommand] Querying SQL: SELECT * FROM `shipment` `t` WHERE (`t`.`type`=10) AND (`t`.`id`='56382315') LIMIT 1
2023/10/23 08:47:12 [trace] [system.db.ar.CActiveRecord] OrgRate.find()
2023/10/23 08:47:12 [trace] [system.db.CDbCommand] Querying SQL: SELECT * FROM `org_rate` `t` WHERE id = :id LIMIT 1
2023/10/23 08:47:12 [trace] [system.db.ar.CActiveRecord] Addr.findByPk()
2023/10/23 08:47:12 [trace] [system.db.CDbCommand] Querying SQL: SELECT * FROM `addr` `t` WHERE `t`.`id`='142274923' LIMIT 1
2023/10/23 08:47:12 [trace] [system.db.ar.CActiveRecord] lazy loading ImParcel.cnee
2023/10/23 08:47:12 [trace] [system.db.CDbCommand] Querying SQL: SELECT `cnee`.`id` AS `t1_c0`, `cnee`.`owner_id` AS `t1_c1`, `cnee`.`cnid_id` AS `t1_c2`, `cnee`.`name` AS `t1_c3`, `cnee`.`company` AS `t1_c4`, `cnee`.`address` AS `t1_c5`, `cnee`.`suburb` AS `t1_c6`, `cnee`.`city` AS `t1_c7`, `cnee`.`state` AS `t1_c8`, `cnee`.`postcode` AS `t1_c9`, `cnee`.`country` AS `t1_c10`, `cnee`.`tel` AS `t1_c11`, `cnee`.`email` AS `t1_c12`, `cnee`.`acc` AS `t1_c13`, `cnee`.`cnid_no` AS `t1_c14` FROM `addr` `cnee`  WHERE (`cnee`.`id`=:ypl0)
2023/10/23 08:47:13 [trace] [system.db.ar.CActiveRecord] ImParcel.findByPk()
2023/10/23 08:47:13 [trace] [system.db.CDbCommand] Querying SQL: SELECT * FROM `shipment` `t` WHERE (`t`.`type`=10) AND (`t`.`id`='56382315') LIMIT 1
2023/10/23 08:47:13 [trace] [system.db.ar.CActiveRecord] ImParcel.update()
2023/10/23 08:47:13 [trace] [system.db.ar.CActiveRecord] ImParcel.updateByPk()
2023/10/23 08:47:13 [trace] [system.db.CDbCommand] Executing SQL: UPDATE `shipment` SET `type`=:yp0, `id`=:yp1, `owner_id`=:yp2, `agent_id`=:yp3, `consol_id`=:yp4, `man_id`=:yp5, `rec_id`=:yp6, `odpt_id`=:yp7, `ddpt_id`=:yp8, `cnor_id`=:yp9, `cnee_id`=:yp10, `receiver_id`=:yp11, `notify_id`=:yp12, `zr_id`=:yp13, `ot_id`=:yp14, `status`=:yp15, `pickup`=:yp16, `hbn`=:yp17, `ref`=:yp18, `cref`=:yp19, `pkg`=:yp20, `packages`=:yp21, `items`=:yp22, `state`=:yp23, `postcode`=:yp24, `value`=:yp25, `dvalue`=:yp26, `tariff`=:yp27, `insurance`=:yp28, `currency`=:yp29, `weight`=:yp30, `wtck`=:yp31, `cbm`=:yp32, `sac`=:yp33, `exm`=:yp34, `can`=:yp35, `bwf`=:yp36, `cbwf`=:yp37, `meta`=:yp38, `scan`=:yp39, `scan_no`=:yp40, `note`=:yp41, `created`=:yp42, `styp`=:yp43 WHERE `shipment`.`id`='56382315'
2023/10/23 08:47:13 [trace] [system.db.ar.CActiveRecord] Tracking.count()
2023/10/23 08:47:13 [trace] [system.db.CDbCommand] Querying SQL: SELECT COUNT(*) FROM `tracking` `t` WHERE pid = :pid AND type = :t
2023/10/23 08:47:13 [trace] [system.db.ar.CActiveRecord] lazy loading ImParcel.agent
2023/10/23 08:47:13 [trace] [system.db.CDbCommand] Querying SQL: SELECT `agent`.`id` AS `t1_c0`, `agent`.`pid` AS `t1_c1`, `agent`.`type` AS `t1_c2`, `agent`.`name` AS `t1_c3`, `agent`.`code` AS `t1_c4`, `agent`.`accode` AS `t1_c5`, `agent`.`abn` AS `t1_c6`, `agent`.`address` AS `t1_c7`, `agent`.`suburb` AS `t1_c8`, `agent`.`state` AS `t1_c9`, `agent`.`postcode` AS `t1_c10`, `agent`.`country` AS `t1_c11`, `agent`.`email` AS `t1_c12`, `agent`.`phone` AS `t1_c13`, `agent`.`fax` AS `t1_c14`, `agent`.`desc` AS `t1_c15`, `agent`.`status` AS `t1_c16`, `agent`.`meta` AS `t1_c17`, `agent`.`by` AS `t1_c18`, `agent`.`manager` AS `t1_c19`, `agent`.`nln` AS `t1_c20`, `agent`.`cargo_driver_type` AS `t1_c21`, `agent`.`hash` AS `t1_c22`, `agent`.`lat` AS `t1_c23`, `agent`.`lng` AS `t1_c24` FROM `org` `agent`  WHERE (`agent`.`id`=:ypl0)
2023/10/23 08:47:13 [trace] [system.db.ar.CActiveRecord] ImParcel.refresh()
2023/10/23 08:47:13 [trace] [system.db.ar.CActiveRecord] ImParcel.findByPk()
2023/10/23 08:47:13 [trace] [system.db.CDbCommand] Querying SQL: SELECT * FROM `shipment` `t` WHERE (`t`.`type`=10) AND (`t`.`id`='56382315') LIMIT 1
2023/10/23 08:47:13 [trace] [system.db.ar.CActiveRecord] lazy loading ImParcel.cargo_process
2023/10/23 08:47:13 [trace] [system.db.CDbCommand] Querying SQL: SELECT `cargo_process`.`id` AS `t1_c0`, `cargo_process`.`shipment_id` AS `t1_c1`, `cargo_process`.`status` AS `t1_c2`, `cargo_process`.`started` AS `t1_c3`, `cargo_process`.`date` AS `t1_c4`, `cargo_process`.`note` AS `t1_c5`, `cargo_process`.`driver_id` AS `t1_c6`, `cargo_process`.`cargo_receipt` AS `t1_c7`, `cargo_process`.`gate_pass_id` AS `t1_c8`, `cargo_process`.`agg_pod_id` AS `t1_c9`, `cargo_process`.`meta` AS `t1_c10`, `cargo_process`.`type` AS `t1_c11`, `cargo_process`.`caref` AS `t1_c12`, `cargo_process`.`sub_type` AS `t1_c13`, `cargo_process`.`dpt_id` AS `t1_c14`, `cargo_process`.`was_interstate` AS `t1_c15` FROM `cargo_process` `cargo_process`  WHERE (`cargo_process`.`shipment_id`=:ypl0) ORDER BY cargo_process.id desc
2023/10/23 08:47:13 [trace] [system.db.ar.CActiveRecord] lazy loading ImParcel.trans
2023/10/23 08:47:13 [trace] [system.db.CDbCommand] Querying SQL: SELECT `trans`.`id` AS `t1_c0`, `trans`.`pid` AS `t1_c1`, `trans`.`org_id` AS `t1_c2`, `trans`.`man_id` AS `t1_c3`, `trans`.`connote` AS `t1_c4`, `trans`.`time` AS `t1_c5`, `trans`.`type` AS `t1_c6`, `trans`.`status` AS `t1_c7`, `trans`.`meta` AS `t1_c8`, `trans`.`cost` AS `t1_c9` FROM `tranship` `trans`  WHERE (`trans`.`pid`=:ypl0)
2023/10/23 08:47:13 [trace] [system.db.ar.CActiveRecord] Log.insert()
2023/10/23 08:47:13 [trace] [system.db.CDbCommand] Executing SQL: INSERT INTO `log` (`type`, `model`, `lid`, `user_id`, `time`, `meta`) VALUES (:yp0, :yp1, :yp2, :yp3, :yp4, :yp5)
2023/10/23 08:49:48 [trace] [system.db.CDbConnection] Opening DB connection
2023/10/23 08:49:50 [trace] [system.db.CDbCommand] Querying SQL: SHOW FULL COLUMNS FROM `shipment`
2023/10/23 08:49:50 [trace] [system.db.CDbCommand] Querying SQL: SHOW CREATE TABLE `shipment`
2023/10/23 08:49:50 [trace] [system.db.ar.CActiveRecord] ImParcel.findByPk()
2023/10/23 08:49:50 [trace] [system.db.CDbCommand] Querying SQL: SELECT * FROM `shipment` `t` WHERE (`t`.`type`=10) AND (`t`.`id`='56382311') LIMIT 1
2023/10/23 08:49:50 [trace] [system.db.ar.CActiveRecord] OrgRate.find()
2023/10/23 08:49:50 [trace] [system.db.CDbCommand] Querying SQL: SHOW FULL COLUMNS FROM `org_rate`
2023/10/23 08:49:50 [trace] [system.db.CDbCommand] Querying SQL: SHOW CREATE TABLE `org_rate`
2023/10/23 08:49:50 [trace] [system.db.CDbCommand] Querying SQL: SELECT * FROM `org_rate` `t` WHERE id = :id LIMIT 1
2023/10/23 08:49:50 [trace] [system.db.ar.CActiveRecord] Addr.findByPk()
2023/10/23 08:49:50 [trace] [system.db.CDbCommand] Querying SQL: SHOW FULL COLUMNS FROM `addr`
2023/10/23 08:49:50 [trace] [system.db.CDbCommand] Querying SQL: SHOW CREATE TABLE `addr`
2023/10/23 08:49:50 [trace] [system.db.CDbCommand] Querying SQL: SELECT * FROM `addr` `t` WHERE `t`.`id`='142274894' LIMIT 1
2023/10/23 08:49:50 [trace] [system.db.ar.CActiveRecord] lazy loading ImParcel.cnee
2023/10/23 08:49:50 [trace] [system.db.CDbCommand] Querying SQL: SELECT `cnee`.`id` AS `t1_c0`, `cnee`.`owner_id` AS `t1_c1`, `cnee`.`cnid_id` AS `t1_c2`, `cnee`.`name` AS `t1_c3`, `cnee`.`company` AS `t1_c4`, `cnee`.`address` AS `t1_c5`, `cnee`.`suburb` AS `t1_c6`, `cnee`.`city` AS `t1_c7`, `cnee`.`state` AS `t1_c8`, `cnee`.`postcode` AS `t1_c9`, `cnee`.`country` AS `t1_c10`, `cnee`.`tel` AS `t1_c11`, `cnee`.`email` AS `t1_c12`, `cnee`.`acc` AS `t1_c13`, `cnee`.`cnid_no` AS `t1_c14` FROM `addr` `cnee`  WHERE (`cnee`.`id`=:ypl0)
2023/10/23 08:49:52 [trace] [system.db.ar.CActiveRecord] ImParcel.findByPk()
2023/10/23 08:49:52 [trace] [system.db.CDbCommand] Querying SQL: SELECT * FROM `shipment` `t` WHERE (`t`.`type`=10) AND (`t`.`id`='56382311') LIMIT 1
2023/10/23 08:49:52 [trace] [system.db.ar.CActiveRecord] ImParcel.update()
2023/10/23 08:49:52 [trace] [system.db.ar.CActiveRecord] ImParcel.updateByPk()
2023/10/23 08:49:52 [trace] [system.db.CDbCommand] Executing SQL: UPDATE `shipment` SET `type`=:yp0, `id`=:yp1, `owner_id`=:yp2, `agent_id`=:yp3, `consol_id`=:yp4, `man_id`=:yp5, `rec_id`=:yp6, `odpt_id`=:yp7, `ddpt_id`=:yp8, `cnor_id`=:yp9, `cnee_id`=:yp10, `receiver_id`=:yp11, `notify_id`=:yp12, `zr_id`=:yp13, `ot_id`=:yp14, `status`=:yp15, `pickup`=:yp16, `hbn`=:yp17, `ref`=:yp18, `cref`=:yp19, `pkg`=:yp20, `packages`=:yp21, `items`=:yp22, `state`=:yp23, `postcode`=:yp24, `value`=:yp25, `dvalue`=:yp26, `tariff`=:yp27, `insurance`=:yp28, `currency`=:yp29, `weight`=:yp30, `wtck`=:yp31, `cbm`=:yp32, `sac`=:yp33, `exm`=:yp34, `can`=:yp35, `bwf`=:yp36, `cbwf`=:yp37, `meta`=:yp38, `scan`=:yp39, `scan_no`=:yp40, `note`=:yp41, `created`=:yp42, `styp`=:yp43 WHERE `shipment`.`id`='56382311'
2023/10/23 08:49:52 [trace] [system.db.ar.CActiveRecord] Tracking.count()
2023/10/23 08:49:52 [trace] [system.db.CDbCommand] Querying SQL: SHOW FULL COLUMNS FROM `tracking`
2023/10/23 08:49:52 [trace] [system.db.CDbCommand] Querying SQL: SHOW CREATE TABLE `tracking`
2023/10/23 08:49:52 [trace] [system.db.CDbCommand] Querying SQL: SELECT COUNT(*) FROM `tracking` `t` WHERE pid = :pid AND type = :t
2023/10/23 08:49:52 [trace] [system.db.ar.CActiveRecord] lazy loading ImParcel.agent
2023/10/23 08:49:52 [trace] [system.db.CDbCommand] Querying SQL: SHOW FULL COLUMNS FROM `org`
2023/10/23 08:49:52 [trace] [system.db.CDbCommand] Querying SQL: SHOW CREATE TABLE `org`
2023/10/23 08:49:52 [trace] [system.db.CDbCommand] Querying SQL: SELECT `agent`.`id` AS `t1_c0`, `agent`.`pid` AS `t1_c1`, `agent`.`type` AS `t1_c2`, `agent`.`name` AS `t1_c3`, `agent`.`code` AS `t1_c4`, `agent`.`accode` AS `t1_c5`, `agent`.`abn` AS `t1_c6`, `agent`.`address` AS `t1_c7`, `agent`.`suburb` AS `t1_c8`, `agent`.`state` AS `t1_c9`, `agent`.`postcode` AS `t1_c10`, `agent`.`country` AS `t1_c11`, `agent`.`email` AS `t1_c12`, `agent`.`phone` AS `t1_c13`, `agent`.`fax` AS `t1_c14`, `agent`.`desc` AS `t1_c15`, `agent`.`status` AS `t1_c16`, `agent`.`meta` AS `t1_c17`, `agent`.`by` AS `t1_c18`, `agent`.`manager` AS `t1_c19`, `agent`.`nln` AS `t1_c20`, `agent`.`cargo_driver_type` AS `t1_c21`, `agent`.`hash` AS `t1_c22`, `agent`.`lat` AS `t1_c23`, `agent`.`lng` AS `t1_c24` FROM `org` `agent`  WHERE (`agent`.`id`=:ypl0)
2023/10/23 08:49:52 [trace] [system.db.ar.CActiveRecord] ImParcel.refresh()
2023/10/23 08:49:52 [trace] [system.db.ar.CActiveRecord] ImParcel.findByPk()
2023/10/23 08:49:52 [trace] [system.db.CDbCommand] Querying SQL: SELECT * FROM `shipment` `t` WHERE (`t`.`type`=10) AND (`t`.`id`='56382311') LIMIT 1
2023/10/23 08:49:52 [trace] [system.db.ar.CActiveRecord] lazy loading ImParcel.cargo_process
2023/10/23 08:49:52 [trace] [system.db.CDbCommand] Querying SQL: SHOW FULL COLUMNS FROM `cargo_process`
2023/10/23 08:49:52 [trace] [system.db.CDbCommand] Querying SQL: SHOW CREATE TABLE `cargo_process`
2023/10/23 08:49:52 [trace] [system.db.CDbCommand] Querying SQL: SELECT `cargo_process`.`id` AS `t1_c0`, `cargo_process`.`shipment_id` AS `t1_c1`, `cargo_process`.`status` AS `t1_c2`, `cargo_process`.`started` AS `t1_c3`, `cargo_process`.`date` AS `t1_c4`, `cargo_process`.`note` AS `t1_c5`, `cargo_process`.`driver_id` AS `t1_c6`, `cargo_process`.`cargo_receipt` AS `t1_c7`, `cargo_process`.`gate_pass_id` AS `t1_c8`, `cargo_process`.`agg_pod_id` AS `t1_c9`, `cargo_process`.`meta` AS `t1_c10`, `cargo_process`.`type` AS `t1_c11`, `cargo_process`.`caref` AS `t1_c12`, `cargo_process`.`sub_type` AS `t1_c13`, `cargo_process`.`dpt_id` AS `t1_c14`, `cargo_process`.`was_interstate` AS `t1_c15` FROM `cargo_process` `cargo_process`  WHERE (`cargo_process`.`shipment_id`=:ypl0) ORDER BY cargo_process.id desc
2023/10/23 08:49:52 [trace] [system.db.ar.CActiveRecord] lazy loading ImParcel.trans
2023/10/23 08:49:52 [trace] [system.db.CDbCommand] Querying SQL: SHOW FULL COLUMNS FROM `tranship`
2023/10/23 08:49:52 [trace] [system.db.CDbCommand] Querying SQL: SHOW CREATE TABLE `tranship`
2023/10/23 08:49:52 [trace] [system.db.CDbCommand] Querying SQL: SELECT `trans`.`id` AS `t1_c0`, `trans`.`pid` AS `t1_c1`, `trans`.`org_id` AS `t1_c2`, `trans`.`man_id` AS `t1_c3`, `trans`.`connote` AS `t1_c4`, `trans`.`time` AS `t1_c5`, `trans`.`type` AS `t1_c6`, `trans`.`status` AS `t1_c7`, `trans`.`meta` AS `t1_c8`, `trans`.`cost` AS `t1_c9` FROM `tranship` `trans`  WHERE (`trans`.`pid`=:ypl0)
2023/10/23 08:49:52 [trace] [system.db.CDbCommand] Querying SQL: SHOW FULL COLUMNS FROM `log`
2023/10/23 08:49:52 [trace] [system.db.CDbCommand] Querying SQL: SHOW CREATE TABLE `log`
2023/10/23 08:49:52 [trace] [system.db.ar.CActiveRecord] Log.insert()
2023/10/23 08:49:52 [trace] [system.db.CDbCommand] Executing SQL: INSERT INTO `log` (`type`, `model`, `lid`, `user_id`, `time`, `meta`) VALUES (:yp0, :yp1, :yp2, :yp3, :yp4, :yp5)
2023/10/23 08:49:52 [trace] [system.db.ar.CActiveRecord] ImParcel.findByPk()
2023/10/23 08:49:52 [trace] [system.db.CDbCommand] Querying SQL: SELECT * FROM `shipment` `t` WHERE (`t`.`type`=10) AND (`t`.`id`='56382314') LIMIT 1
2023/10/23 08:49:52 [trace] [system.db.ar.CActiveRecord] OrgRate.find()
2023/10/23 08:49:52 [trace] [system.db.CDbCommand] Querying SQL: SELECT * FROM `org_rate` `t` WHERE id = :id LIMIT 1
2023/10/23 08:49:52 [trace] [system.db.ar.CActiveRecord] Addr.findByPk()
2023/10/23 08:49:52 [trace] [system.db.CDbCommand] Querying SQL: SELECT * FROM `addr` `t` WHERE `t`.`id`='142274923' LIMIT 1
2023/10/23 08:49:52 [trace] [system.db.ar.CActiveRecord] lazy loading ImParcel.cnee
2023/10/23 08:49:52 [trace] [system.db.CDbCommand] Querying SQL: SELECT `cnee`.`id` AS `t1_c0`, `cnee`.`owner_id` AS `t1_c1`, `cnee`.`cnid_id` AS `t1_c2`, `cnee`.`name` AS `t1_c3`, `cnee`.`company` AS `t1_c4`, `cnee`.`address` AS `t1_c5`, `cnee`.`suburb` AS `t1_c6`, `cnee`.`city` AS `t1_c7`, `cnee`.`state` AS `t1_c8`, `cnee`.`postcode` AS `t1_c9`, `cnee`.`country` AS `t1_c10`, `cnee`.`tel` AS `t1_c11`, `cnee`.`email` AS `t1_c12`, `cnee`.`acc` AS `t1_c13`, `cnee`.`cnid_no` AS `t1_c14` FROM `addr` `cnee`  WHERE (`cnee`.`id`=:ypl0)
2023/10/23 08:49:52 [trace] [system.db.ar.CActiveRecord] ImParcel.findByPk()
2023/10/23 08:49:52 [trace] [system.db.CDbCommand] Querying SQL: SELECT * FROM `shipment` `t` WHERE (`t`.`type`=10) AND (`t`.`id`='56382314') LIMIT 1
2023/10/23 08:49:52 [trace] [system.db.ar.CActiveRecord] ImParcel.update()
2023/10/23 08:49:52 [trace] [system.db.ar.CActiveRecord] ImParcel.updateByPk()
2023/10/23 08:49:52 [trace] [system.db.CDbCommand] Executing SQL: UPDATE `shipment` SET `type`=:yp0, `id`=:yp1, `owner_id`=:yp2, `agent_id`=:yp3, `consol_id`=:yp4, `man_id`=:yp5, `rec_id`=:yp6, `odpt_id`=:yp7, `ddpt_id`=:yp8, `cnor_id`=:yp9, `cnee_id`=:yp10, `receiver_id`=:yp11, `notify_id`=:yp12, `zr_id`=:yp13, `ot_id`=:yp14, `status`=:yp15, `pickup`=:yp16, `hbn`=:yp17, `ref`=:yp18, `cref`=:yp19, `pkg`=:yp20, `packages`=:yp21, `items`=:yp22, `state`=:yp23, `postcode`=:yp24, `value`=:yp25, `dvalue`=:yp26, `tariff`=:yp27, `insurance`=:yp28, `currency`=:yp29, `weight`=:yp30, `wtck`=:yp31, `cbm`=:yp32, `sac`=:yp33, `exm`=:yp34, `can`=:yp35, `bwf`=:yp36, `cbwf`=:yp37, `meta`=:yp38, `scan`=:yp39, `scan_no`=:yp40, `note`=:yp41, `created`=:yp42, `styp`=:yp43 WHERE `shipment`.`id`='56382314'
2023/10/23 08:49:52 [trace] [system.db.ar.CActiveRecord] Tracking.count()
2023/10/23 08:49:52 [trace] [system.db.CDbCommand] Querying SQL: SELECT COUNT(*) FROM `tracking` `t` WHERE pid = :pid AND type = :t
2023/10/23 08:49:52 [trace] [system.db.ar.CActiveRecord] lazy loading ImParcel.agent
2023/10/23 08:49:52 [trace] [system.db.CDbCommand] Querying SQL: SELECT `agent`.`id` AS `t1_c0`, `agent`.`pid` AS `t1_c1`, `agent`.`type` AS `t1_c2`, `agent`.`name` AS `t1_c3`, `agent`.`code` AS `t1_c4`, `agent`.`accode` AS `t1_c5`, `agent`.`abn` AS `t1_c6`, `agent`.`address` AS `t1_c7`, `agent`.`suburb` AS `t1_c8`, `agent`.`state` AS `t1_c9`, `agent`.`postcode` AS `t1_c10`, `agent`.`country` AS `t1_c11`, `agent`.`email` AS `t1_c12`, `agent`.`phone` AS `t1_c13`, `agent`.`fax` AS `t1_c14`, `agent`.`desc` AS `t1_c15`, `agent`.`status` AS `t1_c16`, `agent`.`meta` AS `t1_c17`, `agent`.`by` AS `t1_c18`, `agent`.`manager` AS `t1_c19`, `agent`.`nln` AS `t1_c20`, `agent`.`cargo_driver_type` AS `t1_c21`, `agent`.`hash` AS `t1_c22`, `agent`.`lat` AS `t1_c23`, `agent`.`lng` AS `t1_c24` FROM `org` `agent`  WHERE (`agent`.`id`=:ypl0)
2023/10/23 08:49:52 [trace] [system.db.ar.CActiveRecord] ImParcel.refresh()
2023/10/23 08:49:52 [trace] [system.db.ar.CActiveRecord] ImParcel.findByPk()
2023/10/23 08:49:52 [trace] [system.db.CDbCommand] Querying SQL: SELECT * FROM `shipment` `t` WHERE (`t`.`type`=10) AND (`t`.`id`='56382314') LIMIT 1
2023/10/23 08:49:52 [trace] [system.db.ar.CActiveRecord] lazy loading ImParcel.cargo_process
2023/10/23 08:49:52 [trace] [system.db.CDbCommand] Querying SQL: SELECT `cargo_process`.`id` AS `t1_c0`, `cargo_process`.`shipment_id` AS `t1_c1`, `cargo_process`.`status` AS `t1_c2`, `cargo_process`.`started` AS `t1_c3`, `cargo_process`.`date` AS `t1_c4`, `cargo_process`.`note` AS `t1_c5`, `cargo_process`.`driver_id` AS `t1_c6`, `cargo_process`.`cargo_receipt` AS `t1_c7`, `cargo_process`.`gate_pass_id` AS `t1_c8`, `cargo_process`.`agg_pod_id` AS `t1_c9`, `cargo_process`.`meta` AS `t1_c10`, `cargo_process`.`type` AS `t1_c11`, `cargo_process`.`caref` AS `t1_c12`, `cargo_process`.`sub_type` AS `t1_c13`, `cargo_process`.`dpt_id` AS `t1_c14`, `cargo_process`.`was_interstate` AS `t1_c15` FROM `cargo_process` `cargo_process`  WHERE (`cargo_process`.`shipment_id`=:ypl0) ORDER BY cargo_process.id desc
2023/10/23 08:49:52 [trace] [system.db.ar.CActiveRecord] lazy loading ImParcel.trans
2023/10/23 08:49:52 [trace] [system.db.CDbCommand] Querying SQL: SELECT `trans`.`id` AS `t1_c0`, `trans`.`pid` AS `t1_c1`, `trans`.`org_id` AS `t1_c2`, `trans`.`man_id` AS `t1_c3`, `trans`.`connote` AS `t1_c4`, `trans`.`time` AS `t1_c5`, `trans`.`type` AS `t1_c6`, `trans`.`status` AS `t1_c7`, `trans`.`meta` AS `t1_c8`, `trans`.`cost` AS `t1_c9` FROM `tranship` `trans`  WHERE (`trans`.`pid`=:ypl0)
2023/10/23 08:49:52 [trace] [system.db.ar.CActiveRecord] Log.insert()
2023/10/23 08:49:52 [trace] [system.db.CDbCommand] Executing SQL: INSERT INTO `log` (`type`, `model`, `lid`, `user_id`, `time`, `meta`) VALUES (:yp0, :yp1, :yp2, :yp3, :yp4, :yp5)
2023/10/23 08:49:52 [trace] [system.db.ar.CActiveRecord] ImParcel.findByPk()
2023/10/23 08:49:52 [trace] [system.db.CDbCommand] Querying SQL: SELECT * FROM `shipment` `t` WHERE (`t`.`type`=10) AND (`t`.`id`='56382315') LIMIT 1
2023/10/23 08:49:52 [trace] [system.db.ar.CActiveRecord] OrgRate.find()
2023/10/23 08:49:52 [trace] [system.db.CDbCommand] Querying SQL: SELECT * FROM `org_rate` `t` WHERE id = :id LIMIT 1
2023/10/23 08:49:52 [trace] [system.db.ar.CActiveRecord] Addr.findByPk()
2023/10/23 08:49:52 [trace] [system.db.CDbCommand] Querying SQL: SELECT * FROM `addr` `t` WHERE `t`.`id`='142274923' LIMIT 1
2023/10/23 08:49:52 [trace] [system.db.ar.CActiveRecord] lazy loading ImParcel.cnee
2023/10/23 08:49:52 [trace] [system.db.CDbCommand] Querying SQL: SELECT `cnee`.`id` AS `t1_c0`, `cnee`.`owner_id` AS `t1_c1`, `cnee`.`cnid_id` AS `t1_c2`, `cnee`.`name` AS `t1_c3`, `cnee`.`company` AS `t1_c4`, `cnee`.`address` AS `t1_c5`, `cnee`.`suburb` AS `t1_c6`, `cnee`.`city` AS `t1_c7`, `cnee`.`state` AS `t1_c8`, `cnee`.`postcode` AS `t1_c9`, `cnee`.`country` AS `t1_c10`, `cnee`.`tel` AS `t1_c11`, `cnee`.`email` AS `t1_c12`, `cnee`.`acc` AS `t1_c13`, `cnee`.`cnid_no` AS `t1_c14` FROM `addr` `cnee`  WHERE (`cnee`.`id`=:ypl0)
2023/10/23 08:49:53 [trace] [system.db.ar.CActiveRecord] ImParcel.findByPk()
2023/10/23 08:49:53 [trace] [system.db.CDbCommand] Querying SQL: SELECT * FROM `shipment` `t` WHERE (`t`.`type`=10) AND (`t`.`id`='56382315') LIMIT 1
2023/10/23 08:49:53 [trace] [system.db.ar.CActiveRecord] ImParcel.update()
2023/10/23 08:49:53 [trace] [system.db.ar.CActiveRecord] ImParcel.updateByPk()
2023/10/23 08:49:53 [trace] [system.db.CDbCommand] Executing SQL: UPDATE `shipment` SET `type`=:yp0, `id`=:yp1, `owner_id`=:yp2, `agent_id`=:yp3, `consol_id`=:yp4, `man_id`=:yp5, `rec_id`=:yp6, `odpt_id`=:yp7, `ddpt_id`=:yp8, `cnor_id`=:yp9, `cnee_id`=:yp10, `receiver_id`=:yp11, `notify_id`=:yp12, `zr_id`=:yp13, `ot_id`=:yp14, `status`=:yp15, `pickup`=:yp16, `hbn`=:yp17, `ref`=:yp18, `cref`=:yp19, `pkg`=:yp20, `packages`=:yp21, `items`=:yp22, `state`=:yp23, `postcode`=:yp24, `value`=:yp25, `dvalue`=:yp26, `tariff`=:yp27, `insurance`=:yp28, `currency`=:yp29, `weight`=:yp30, `wtck`=:yp31, `cbm`=:yp32, `sac`=:yp33, `exm`=:yp34, `can`=:yp35, `bwf`=:yp36, `cbwf`=:yp37, `meta`=:yp38, `scan`=:yp39, `scan_no`=:yp40, `note`=:yp41, `created`=:yp42, `styp`=:yp43 WHERE `shipment`.`id`='56382315'
2023/10/23 08:49:53 [trace] [system.db.ar.CActiveRecord] Tracking.count()
2023/10/23 08:49:53 [trace] [system.db.CDbCommand] Querying SQL: SELECT COUNT(*) FROM `tracking` `t` WHERE pid = :pid AND type = :t
2023/10/23 08:49:53 [trace] [system.db.ar.CActiveRecord] lazy loading ImParcel.agent
2023/10/23 08:49:53 [trace] [system.db.CDbCommand] Querying SQL: SELECT `agent`.`id` AS `t1_c0`, `agent`.`pid` AS `t1_c1`, `agent`.`type` AS `t1_c2`, `agent`.`name` AS `t1_c3`, `agent`.`code` AS `t1_c4`, `agent`.`accode` AS `t1_c5`, `agent`.`abn` AS `t1_c6`, `agent`.`address` AS `t1_c7`, `agent`.`suburb` AS `t1_c8`, `agent`.`state` AS `t1_c9`, `agent`.`postcode` AS `t1_c10`, `agent`.`country` AS `t1_c11`, `agent`.`email` AS `t1_c12`, `agent`.`phone` AS `t1_c13`, `agent`.`fax` AS `t1_c14`, `agent`.`desc` AS `t1_c15`, `agent`.`status` AS `t1_c16`, `agent`.`meta` AS `t1_c17`, `agent`.`by` AS `t1_c18`, `agent`.`manager` AS `t1_c19`, `agent`.`nln` AS `t1_c20`, `agent`.`cargo_driver_type` AS `t1_c21`, `agent`.`hash` AS `t1_c22`, `agent`.`lat` AS `t1_c23`, `agent`.`lng` AS `t1_c24` FROM `org` `agent`  WHERE (`agent`.`id`=:ypl0)
2023/10/23 08:49:53 [trace] [system.db.ar.CActiveRecord] ImParcel.refresh()
2023/10/23 08:49:53 [trace] [system.db.ar.CActiveRecord] ImParcel.findByPk()
2023/10/23 08:49:53 [trace] [system.db.CDbCommand] Querying SQL: SELECT * FROM `shipment` `t` WHERE (`t`.`type`=10) AND (`t`.`id`='56382315') LIMIT 1
2023/10/23 08:49:53 [trace] [system.db.ar.CActiveRecord] lazy loading ImParcel.cargo_process
2023/10/23 08:49:53 [trace] [system.db.CDbCommand] Querying SQL: SELECT `cargo_process`.`id` AS `t1_c0`, `cargo_process`.`shipment_id` AS `t1_c1`, `cargo_process`.`status` AS `t1_c2`, `cargo_process`.`started` AS `t1_c3`, `cargo_process`.`date` AS `t1_c4`, `cargo_process`.`note` AS `t1_c5`, `cargo_process`.`driver_id` AS `t1_c6`, `cargo_process`.`cargo_receipt` AS `t1_c7`, `cargo_process`.`gate_pass_id` AS `t1_c8`, `cargo_process`.`agg_pod_id` AS `t1_c9`, `cargo_process`.`meta` AS `t1_c10`, `cargo_process`.`type` AS `t1_c11`, `cargo_process`.`caref` AS `t1_c12`, `cargo_process`.`sub_type` AS `t1_c13`, `cargo_process`.`dpt_id` AS `t1_c14`, `cargo_process`.`was_interstate` AS `t1_c15` FROM `cargo_process` `cargo_process`  WHERE (`cargo_process`.`shipment_id`=:ypl0) ORDER BY cargo_process.id desc
2023/10/23 08:49:53 [trace] [system.db.ar.CActiveRecord] lazy loading ImParcel.trans
2023/10/23 08:49:53 [trace] [system.db.CDbCommand] Querying SQL: SELECT `trans`.`id` AS `t1_c0`, `trans`.`pid` AS `t1_c1`, `trans`.`org_id` AS `t1_c2`, `trans`.`man_id` AS `t1_c3`, `trans`.`connote` AS `t1_c4`, `trans`.`time` AS `t1_c5`, `trans`.`type` AS `t1_c6`, `trans`.`status` AS `t1_c7`, `trans`.`meta` AS `t1_c8`, `trans`.`cost` AS `t1_c9` FROM `tranship` `trans`  WHERE (`trans`.`pid`=:ypl0)
2023/10/23 08:49:53 [trace] [system.db.ar.CActiveRecord] Log.insert()
2023/10/23 08:49:53 [trace] [system.db.CDbCommand] Executing SQL: INSERT INTO `log` (`type`, `model`, `lid`, `user_id`, `time`, `meta`) VALUES (:yp0, :yp1, :yp2, :yp3, :yp4, :yp5)
2023/10/23 08:52:25 [trace] [system.db.CDbConnection] Opening DB connection
2023/10/23 08:52:27 [trace] [system.db.CDbCommand] Querying SQL: SHOW FULL COLUMNS FROM `shipment`
2023/10/23 08:52:27 [trace] [system.db.CDbCommand] Querying SQL: SHOW CREATE TABLE `shipment`
2023/10/23 08:52:27 [trace] [system.db.ar.CActiveRecord] ImParcel.findByPk()
2023/10/23 08:52:27 [trace] [system.db.CDbCommand] Querying SQL: SELECT * FROM `shipment` `t` WHERE (`t`.`type`=10) AND (`t`.`id`='56382311') LIMIT 1
2023/10/23 08:52:27 [trace] [system.db.ar.CActiveRecord] OrgRate.find()
2023/10/23 08:52:27 [trace] [system.db.CDbCommand] Querying SQL: SHOW FULL COLUMNS FROM `org_rate`
2023/10/23 08:52:27 [trace] [system.db.CDbCommand] Querying SQL: SHOW CREATE TABLE `org_rate`
2023/10/23 08:52:27 [trace] [system.db.CDbCommand] Querying SQL: SELECT * FROM `org_rate` `t` WHERE id = :id LIMIT 1
2023/10/23 08:52:27 [trace] [system.db.ar.CActiveRecord] Addr.findByPk()
2023/10/23 08:52:27 [trace] [system.db.CDbCommand] Querying SQL: SHOW FULL COLUMNS FROM `addr`
2023/10/23 08:52:27 [trace] [system.db.CDbCommand] Querying SQL: SHOW CREATE TABLE `addr`
2023/10/23 08:52:27 [trace] [system.db.CDbCommand] Querying SQL: SELECT * FROM `addr` `t` WHERE `t`.`id`='142274894' LIMIT 1
2023/10/23 08:52:27 [trace] [system.db.ar.CActiveRecord] lazy loading ImParcel.cnee
2023/10/23 08:52:27 [trace] [system.db.CDbCommand] Querying SQL: SELECT `cnee`.`id` AS `t1_c0`, `cnee`.`owner_id` AS `t1_c1`, `cnee`.`cnid_id` AS `t1_c2`, `cnee`.`name` AS `t1_c3`, `cnee`.`company` AS `t1_c4`, `cnee`.`address` AS `t1_c5`, `cnee`.`suburb` AS `t1_c6`, `cnee`.`city` AS `t1_c7`, `cnee`.`state` AS `t1_c8`, `cnee`.`postcode` AS `t1_c9`, `cnee`.`country` AS `t1_c10`, `cnee`.`tel` AS `t1_c11`, `cnee`.`email` AS `t1_c12`, `cnee`.`acc` AS `t1_c13`, `cnee`.`cnid_no` AS `t1_c14` FROM `addr` `cnee`  WHERE (`cnee`.`id`=:ypl0)
2023/10/23 08:52:29 [trace] [system.db.ar.CActiveRecord] ImParcel.findByPk()
2023/10/23 08:52:29 [trace] [system.db.CDbCommand] Querying SQL: SELECT * FROM `shipment` `t` WHERE (`t`.`type`=10) AND (`t`.`id`='56382311') LIMIT 1
2023/10/23 08:52:29 [trace] [system.db.ar.CActiveRecord] ImParcel.update()
2023/10/23 08:52:29 [trace] [system.db.ar.CActiveRecord] ImParcel.updateByPk()
2023/10/23 08:52:29 [trace] [system.db.CDbCommand] Executing SQL: UPDATE `shipment` SET `type`=:yp0, `id`=:yp1, `owner_id`=:yp2, `agent_id`=:yp3, `consol_id`=:yp4, `man_id`=:yp5, `rec_id`=:yp6, `odpt_id`=:yp7, `ddpt_id`=:yp8, `cnor_id`=:yp9, `cnee_id`=:yp10, `receiver_id`=:yp11, `notify_id`=:yp12, `zr_id`=:yp13, `ot_id`=:yp14, `status`=:yp15, `pickup`=:yp16, `hbn`=:yp17, `ref`=:yp18, `cref`=:yp19, `pkg`=:yp20, `packages`=:yp21, `items`=:yp22, `state`=:yp23, `postcode`=:yp24, `value`=:yp25, `dvalue`=:yp26, `tariff`=:yp27, `insurance`=:yp28, `currency`=:yp29, `weight`=:yp30, `wtck`=:yp31, `cbm`=:yp32, `sac`=:yp33, `exm`=:yp34, `can`=:yp35, `bwf`=:yp36, `cbwf`=:yp37, `meta`=:yp38, `scan`=:yp39, `scan_no`=:yp40, `note`=:yp41, `created`=:yp42, `styp`=:yp43 WHERE `shipment`.`id`='56382311'
2023/10/23 08:52:29 [trace] [system.db.ar.CActiveRecord] Tracking.count()
2023/10/23 08:52:29 [trace] [system.db.CDbCommand] Querying SQL: SHOW FULL COLUMNS FROM `tracking`
2023/10/23 08:52:29 [trace] [system.db.CDbCommand] Querying SQL: SHOW CREATE TABLE `tracking`
2023/10/23 08:52:29 [trace] [system.db.CDbCommand] Querying SQL: SELECT COUNT(*) FROM `tracking` `t` WHERE pid = :pid AND type = :t
2023/10/23 08:52:29 [trace] [system.db.ar.CActiveRecord] lazy loading ImParcel.agent
2023/10/23 08:52:29 [trace] [system.db.CDbCommand] Querying SQL: SHOW FULL COLUMNS FROM `org`
2023/10/23 08:52:29 [trace] [system.db.CDbCommand] Querying SQL: SHOW CREATE TABLE `org`
2023/10/23 08:52:29 [trace] [system.db.CDbCommand] Querying SQL: SELECT `agent`.`id` AS `t1_c0`, `agent`.`pid` AS `t1_c1`, `agent`.`type` AS `t1_c2`, `agent`.`name` AS `t1_c3`, `agent`.`code` AS `t1_c4`, `agent`.`accode` AS `t1_c5`, `agent`.`abn` AS `t1_c6`, `agent`.`address` AS `t1_c7`, `agent`.`suburb` AS `t1_c8`, `agent`.`state` AS `t1_c9`, `agent`.`postcode` AS `t1_c10`, `agent`.`country` AS `t1_c11`, `agent`.`email` AS `t1_c12`, `agent`.`phone` AS `t1_c13`, `agent`.`fax` AS `t1_c14`, `agent`.`desc` AS `t1_c15`, `agent`.`status` AS `t1_c16`, `agent`.`meta` AS `t1_c17`, `agent`.`by` AS `t1_c18`, `agent`.`manager` AS `t1_c19`, `agent`.`nln` AS `t1_c20`, `agent`.`cargo_driver_type` AS `t1_c21`, `agent`.`hash` AS `t1_c22`, `agent`.`lat` AS `t1_c23`, `agent`.`lng` AS `t1_c24` FROM `org` `agent`  WHERE (`agent`.`id`=:ypl0)
2023/10/23 08:52:29 [trace] [system.db.ar.CActiveRecord] ImParcel.refresh()
2023/10/23 08:52:29 [trace] [system.db.ar.CActiveRecord] ImParcel.findByPk()
2023/10/23 08:52:29 [trace] [system.db.CDbCommand] Querying SQL: SELECT * FROM `shipment` `t` WHERE (`t`.`type`=10) AND (`t`.`id`='56382311') LIMIT 1
2023/10/23 08:52:29 [trace] [system.db.ar.CActiveRecord] lazy loading ImParcel.cargo_process
2023/10/23 08:52:29 [trace] [system.db.CDbCommand] Querying SQL: SHOW FULL COLUMNS FROM `cargo_process`
2023/10/23 08:52:29 [trace] [system.db.CDbCommand] Querying SQL: SHOW CREATE TABLE `cargo_process`
2023/10/23 08:52:29 [trace] [system.db.CDbCommand] Querying SQL: SELECT `cargo_process`.`id` AS `t1_c0`, `cargo_process`.`shipment_id` AS `t1_c1`, `cargo_process`.`status` AS `t1_c2`, `cargo_process`.`started` AS `t1_c3`, `cargo_process`.`date` AS `t1_c4`, `cargo_process`.`note` AS `t1_c5`, `cargo_process`.`driver_id` AS `t1_c6`, `cargo_process`.`cargo_receipt` AS `t1_c7`, `cargo_process`.`gate_pass_id` AS `t1_c8`, `cargo_process`.`agg_pod_id` AS `t1_c9`, `cargo_process`.`meta` AS `t1_c10`, `cargo_process`.`type` AS `t1_c11`, `cargo_process`.`caref` AS `t1_c12`, `cargo_process`.`sub_type` AS `t1_c13`, `cargo_process`.`dpt_id` AS `t1_c14`, `cargo_process`.`was_interstate` AS `t1_c15` FROM `cargo_process` `cargo_process`  WHERE (`cargo_process`.`shipment_id`=:ypl0) ORDER BY cargo_process.id desc
2023/10/23 08:52:29 [trace] [system.db.ar.CActiveRecord] lazy loading ImParcel.trans
2023/10/23 08:52:29 [trace] [system.db.CDbCommand] Querying SQL: SHOW FULL COLUMNS FROM `tranship`
2023/10/23 08:52:29 [trace] [system.db.CDbCommand] Querying SQL: SHOW CREATE TABLE `tranship`
2023/10/23 08:52:29 [trace] [system.db.CDbCommand] Querying SQL: SELECT `trans`.`id` AS `t1_c0`, `trans`.`pid` AS `t1_c1`, `trans`.`org_id` AS `t1_c2`, `trans`.`man_id` AS `t1_c3`, `trans`.`connote` AS `t1_c4`, `trans`.`time` AS `t1_c5`, `trans`.`type` AS `t1_c6`, `trans`.`status` AS `t1_c7`, `trans`.`meta` AS `t1_c8`, `trans`.`cost` AS `t1_c9` FROM `tranship` `trans`  WHERE (`trans`.`pid`=:ypl0)
2023/10/23 08:52:29 [trace] [system.db.CDbCommand] Querying SQL: SHOW FULL COLUMNS FROM `log`
2023/10/23 08:52:29 [trace] [system.db.CDbCommand] Querying SQL: SHOW CREATE TABLE `log`
2023/10/23 08:52:29 [trace] [system.db.ar.CActiveRecord] Log.insert()
2023/10/23 08:52:29 [trace] [system.db.CDbCommand] Executing SQL: INSERT INTO `log` (`type`, `model`, `lid`, `user_id`, `time`, `meta`) VALUES (:yp0, :yp1, :yp2, :yp3, :yp4, :yp5)
2023/10/23 08:52:29 [trace] [system.db.ar.CActiveRecord] ImParcel.findByPk()
2023/10/23 08:52:29 [trace] [system.db.CDbCommand] Querying SQL: SELECT * FROM `shipment` `t` WHERE (`t`.`type`=10) AND (`t`.`id`='56382314') LIMIT 1
2023/10/23 08:52:29 [trace] [system.db.ar.CActiveRecord] OrgRate.find()
2023/10/23 08:52:29 [trace] [system.db.CDbCommand] Querying SQL: SELECT * FROM `org_rate` `t` WHERE id = :id LIMIT 1
2023/10/23 08:52:29 [trace] [system.db.ar.CActiveRecord] Addr.findByPk()
2023/10/23 08:52:29 [trace] [system.db.CDbCommand] Querying SQL: SELECT * FROM `addr` `t` WHERE `t`.`id`='142274923' LIMIT 1
2023/10/23 08:52:29 [trace] [system.db.ar.CActiveRecord] lazy loading ImParcel.cnee
2023/10/23 08:52:29 [trace] [system.db.CDbCommand] Querying SQL: SELECT `cnee`.`id` AS `t1_c0`, `cnee`.`owner_id` AS `t1_c1`, `cnee`.`cnid_id` AS `t1_c2`, `cnee`.`name` AS `t1_c3`, `cnee`.`company` AS `t1_c4`, `cnee`.`address` AS `t1_c5`, `cnee`.`suburb` AS `t1_c6`, `cnee`.`city` AS `t1_c7`, `cnee`.`state` AS `t1_c8`, `cnee`.`postcode` AS `t1_c9`, `cnee`.`country` AS `t1_c10`, `cnee`.`tel` AS `t1_c11`, `cnee`.`email` AS `t1_c12`, `cnee`.`acc` AS `t1_c13`, `cnee`.`cnid_no` AS `t1_c14` FROM `addr` `cnee`  WHERE (`cnee`.`id`=:ypl0)
2023/10/23 08:52:29 [trace] [system.db.ar.CActiveRecord] ImParcel.findByPk()
2023/10/23 08:52:29 [trace] [system.db.CDbCommand] Querying SQL: SELECT * FROM `shipment` `t` WHERE (`t`.`type`=10) AND (`t`.`id`='56382314') LIMIT 1
2023/10/23 08:52:29 [trace] [system.db.ar.CActiveRecord] ImParcel.update()
2023/10/23 08:52:29 [trace] [system.db.ar.CActiveRecord] ImParcel.updateByPk()
2023/10/23 08:52:29 [trace] [system.db.CDbCommand] Executing SQL: UPDATE `shipment` SET `type`=:yp0, `id`=:yp1, `owner_id`=:yp2, `agent_id`=:yp3, `consol_id`=:yp4, `man_id`=:yp5, `rec_id`=:yp6, `odpt_id`=:yp7, `ddpt_id`=:yp8, `cnor_id`=:yp9, `cnee_id`=:yp10, `receiver_id`=:yp11, `notify_id`=:yp12, `zr_id`=:yp13, `ot_id`=:yp14, `status`=:yp15, `pickup`=:yp16, `hbn`=:yp17, `ref`=:yp18, `cref`=:yp19, `pkg`=:yp20, `packages`=:yp21, `items`=:yp22, `state`=:yp23, `postcode`=:yp24, `value`=:yp25, `dvalue`=:yp26, `tariff`=:yp27, `insurance`=:yp28, `currency`=:yp29, `weight`=:yp30, `wtck`=:yp31, `cbm`=:yp32, `sac`=:yp33, `exm`=:yp34, `can`=:yp35, `bwf`=:yp36, `cbwf`=:yp37, `meta`=:yp38, `scan`=:yp39, `scan_no`=:yp40, `note`=:yp41, `created`=:yp42, `styp`=:yp43 WHERE `shipment`.`id`='56382314'
2023/10/23 08:52:29 [trace] [system.db.ar.CActiveRecord] Tracking.count()
2023/10/23 08:52:29 [trace] [system.db.CDbCommand] Querying SQL: SELECT COUNT(*) FROM `tracking` `t` WHERE pid = :pid AND type = :t
2023/10/23 08:52:29 [trace] [system.db.ar.CActiveRecord] lazy loading ImParcel.agent
2023/10/23 08:52:29 [trace] [system.db.CDbCommand] Querying SQL: SELECT `agent`.`id` AS `t1_c0`, `agent`.`pid` AS `t1_c1`, `agent`.`type` AS `t1_c2`, `agent`.`name` AS `t1_c3`, `agent`.`code` AS `t1_c4`, `agent`.`accode` AS `t1_c5`, `agent`.`abn` AS `t1_c6`, `agent`.`address` AS `t1_c7`, `agent`.`suburb` AS `t1_c8`, `agent`.`state` AS `t1_c9`, `agent`.`postcode` AS `t1_c10`, `agent`.`country` AS `t1_c11`, `agent`.`email` AS `t1_c12`, `agent`.`phone` AS `t1_c13`, `agent`.`fax` AS `t1_c14`, `agent`.`desc` AS `t1_c15`, `agent`.`status` AS `t1_c16`, `agent`.`meta` AS `t1_c17`, `agent`.`by` AS `t1_c18`, `agent`.`manager` AS `t1_c19`, `agent`.`nln` AS `t1_c20`, `agent`.`cargo_driver_type` AS `t1_c21`, `agent`.`hash` AS `t1_c22`, `agent`.`lat` AS `t1_c23`, `agent`.`lng` AS `t1_c24` FROM `org` `agent`  WHERE (`agent`.`id`=:ypl0)
2023/10/23 08:52:29 [trace] [system.db.ar.CActiveRecord] ImParcel.refresh()
2023/10/23 08:52:29 [trace] [system.db.ar.CActiveRecord] ImParcel.findByPk()
2023/10/23 08:52:29 [trace] [system.db.CDbCommand] Querying SQL: SELECT * FROM `shipment` `t` WHERE (`t`.`type`=10) AND (`t`.`id`='56382314') LIMIT 1
2023/10/23 08:52:29 [trace] [system.db.ar.CActiveRecord] lazy loading ImParcel.cargo_process
2023/10/23 08:52:29 [trace] [system.db.CDbCommand] Querying SQL: SELECT `cargo_process`.`id` AS `t1_c0`, `cargo_process`.`shipment_id` AS `t1_c1`, `cargo_process`.`status` AS `t1_c2`, `cargo_process`.`started` AS `t1_c3`, `cargo_process`.`date` AS `t1_c4`, `cargo_process`.`note` AS `t1_c5`, `cargo_process`.`driver_id` AS `t1_c6`, `cargo_process`.`cargo_receipt` AS `t1_c7`, `cargo_process`.`gate_pass_id` AS `t1_c8`, `cargo_process`.`agg_pod_id` AS `t1_c9`, `cargo_process`.`meta` AS `t1_c10`, `cargo_process`.`type` AS `t1_c11`, `cargo_process`.`caref` AS `t1_c12`, `cargo_process`.`sub_type` AS `t1_c13`, `cargo_process`.`dpt_id` AS `t1_c14`, `cargo_process`.`was_interstate` AS `t1_c15` FROM `cargo_process` `cargo_process`  WHERE (`cargo_process`.`shipment_id`=:ypl0) ORDER BY cargo_process.id desc
2023/10/23 08:52:29 [trace] [system.db.ar.CActiveRecord] lazy loading ImParcel.trans
2023/10/23 08:52:29 [trace] [system.db.CDbCommand] Querying SQL: SELECT `trans`.`id` AS `t1_c0`, `trans`.`pid` AS `t1_c1`, `trans`.`org_id` AS `t1_c2`, `trans`.`man_id` AS `t1_c3`, `trans`.`connote` AS `t1_c4`, `trans`.`time` AS `t1_c5`, `trans`.`type` AS `t1_c6`, `trans`.`status` AS `t1_c7`, `trans`.`meta` AS `t1_c8`, `trans`.`cost` AS `t1_c9` FROM `tranship` `trans`  WHERE (`trans`.`pid`=:ypl0)
2023/10/23 08:52:29 [trace] [system.db.ar.CActiveRecord] Log.insert()
2023/10/23 08:52:29 [trace] [system.db.CDbCommand] Executing SQL: INSERT INTO `log` (`type`, `model`, `lid`, `user_id`, `time`, `meta`) VALUES (:yp0, :yp1, :yp2, :yp3, :yp4, :yp5)
2023/10/23 08:52:29 [trace] [system.db.ar.CActiveRecord] ImParcel.findByPk()
2023/10/23 08:52:29 [trace] [system.db.CDbCommand] Querying SQL: SELECT * FROM `shipment` `t` WHERE (`t`.`type`=10) AND (`t`.`id`='56382315') LIMIT 1
2023/10/23 08:52:29 [trace] [system.db.ar.CActiveRecord] OrgRate.find()
2023/10/23 08:52:29 [trace] [system.db.CDbCommand] Querying SQL: SELECT * FROM `org_rate` `t` WHERE id = :id LIMIT 1
2023/10/23 08:52:29 [trace] [system.db.ar.CActiveRecord] Addr.findByPk()
2023/10/23 08:52:29 [trace] [system.db.CDbCommand] Querying SQL: SELECT * FROM `addr` `t` WHERE `t`.`id`='142274923' LIMIT 1
2023/10/23 08:52:29 [trace] [system.db.ar.CActiveRecord] lazy loading ImParcel.cnee
2023/10/23 08:52:29 [trace] [system.db.CDbCommand] Querying SQL: SELECT `cnee`.`id` AS `t1_c0`, `cnee`.`owner_id` AS `t1_c1`, `cnee`.`cnid_id` AS `t1_c2`, `cnee`.`name` AS `t1_c3`, `cnee`.`company` AS `t1_c4`, `cnee`.`address` AS `t1_c5`, `cnee`.`suburb` AS `t1_c6`, `cnee`.`city` AS `t1_c7`, `cnee`.`state` AS `t1_c8`, `cnee`.`postcode` AS `t1_c9`, `cnee`.`country` AS `t1_c10`, `cnee`.`tel` AS `t1_c11`, `cnee`.`email` AS `t1_c12`, `cnee`.`acc` AS `t1_c13`, `cnee`.`cnid_no` AS `t1_c14` FROM `addr` `cnee`  WHERE (`cnee`.`id`=:ypl0)
2023/10/23 08:52:30 [trace] [system.db.ar.CActiveRecord] ImParcel.findByPk()
2023/10/23 08:52:30 [trace] [system.db.CDbCommand] Querying SQL: SELECT * FROM `shipment` `t` WHERE (`t`.`type`=10) AND (`t`.`id`='56382315') LIMIT 1
2023/10/23 08:52:30 [trace] [system.db.ar.CActiveRecord] ImParcel.update()
2023/10/23 08:52:30 [trace] [system.db.ar.CActiveRecord] ImParcel.updateByPk()
2023/10/23 08:52:30 [trace] [system.db.CDbCommand] Executing SQL: UPDATE `shipment` SET `type`=:yp0, `id`=:yp1, `owner_id`=:yp2, `agent_id`=:yp3, `consol_id`=:yp4, `man_id`=:yp5, `rec_id`=:yp6, `odpt_id`=:yp7, `ddpt_id`=:yp8, `cnor_id`=:yp9, `cnee_id`=:yp10, `receiver_id`=:yp11, `notify_id`=:yp12, `zr_id`=:yp13, `ot_id`=:yp14, `status`=:yp15, `pickup`=:yp16, `hbn`=:yp17, `ref`=:yp18, `cref`=:yp19, `pkg`=:yp20, `packages`=:yp21, `items`=:yp22, `state`=:yp23, `postcode`=:yp24, `value`=:yp25, `dvalue`=:yp26, `tariff`=:yp27, `insurance`=:yp28, `currency`=:yp29, `weight`=:yp30, `wtck`=:yp31, `cbm`=:yp32, `sac`=:yp33, `exm`=:yp34, `can`=:yp35, `bwf`=:yp36, `cbwf`=:yp37, `meta`=:yp38, `scan`=:yp39, `scan_no`=:yp40, `note`=:yp41, `created`=:yp42, `styp`=:yp43 WHERE `shipment`.`id`='56382315'
2023/10/23 08:52:30 [trace] [system.db.ar.CActiveRecord] Tracking.count()
2023/10/23 08:52:30 [trace] [system.db.CDbCommand] Querying SQL: SELECT COUNT(*) FROM `tracking` `t` WHERE pid = :pid AND type = :t
2023/10/23 08:52:30 [trace] [system.db.ar.CActiveRecord] lazy loading ImParcel.agent
2023/10/23 08:52:30 [trace] [system.db.CDbCommand] Querying SQL: SELECT `agent`.`id` AS `t1_c0`, `agent`.`pid` AS `t1_c1`, `agent`.`type` AS `t1_c2`, `agent`.`name` AS `t1_c3`, `agent`.`code` AS `t1_c4`, `agent`.`accode` AS `t1_c5`, `agent`.`abn` AS `t1_c6`, `agent`.`address` AS `t1_c7`, `agent`.`suburb` AS `t1_c8`, `agent`.`state` AS `t1_c9`, `agent`.`postcode` AS `t1_c10`, `agent`.`country` AS `t1_c11`, `agent`.`email` AS `t1_c12`, `agent`.`phone` AS `t1_c13`, `agent`.`fax` AS `t1_c14`, `agent`.`desc` AS `t1_c15`, `agent`.`status` AS `t1_c16`, `agent`.`meta` AS `t1_c17`, `agent`.`by` AS `t1_c18`, `agent`.`manager` AS `t1_c19`, `agent`.`nln` AS `t1_c20`, `agent`.`cargo_driver_type` AS `t1_c21`, `agent`.`hash` AS `t1_c22`, `agent`.`lat` AS `t1_c23`, `agent`.`lng` AS `t1_c24` FROM `org` `agent`  WHERE (`agent`.`id`=:ypl0)
2023/10/23 08:52:30 [trace] [system.db.ar.CActiveRecord] ImParcel.refresh()
2023/10/23 08:52:30 [trace] [system.db.ar.CActiveRecord] ImParcel.findByPk()
2023/10/23 08:52:30 [trace] [system.db.CDbCommand] Querying SQL: SELECT * FROM `shipment` `t` WHERE (`t`.`type`=10) AND (`t`.`id`='56382315') LIMIT 1
2023/10/23 08:52:30 [trace] [system.db.ar.CActiveRecord] lazy loading ImParcel.cargo_process
2023/10/23 08:52:30 [trace] [system.db.CDbCommand] Querying SQL: SELECT `cargo_process`.`id` AS `t1_c0`, `cargo_process`.`shipment_id` AS `t1_c1`, `cargo_process`.`status` AS `t1_c2`, `cargo_process`.`started` AS `t1_c3`, `cargo_process`.`date` AS `t1_c4`, `cargo_process`.`note` AS `t1_c5`, `cargo_process`.`driver_id` AS `t1_c6`, `cargo_process`.`cargo_receipt` AS `t1_c7`, `cargo_process`.`gate_pass_id` AS `t1_c8`, `cargo_process`.`agg_pod_id` AS `t1_c9`, `cargo_process`.`meta` AS `t1_c10`, `cargo_process`.`type` AS `t1_c11`, `cargo_process`.`caref` AS `t1_c12`, `cargo_process`.`sub_type` AS `t1_c13`, `cargo_process`.`dpt_id` AS `t1_c14`, `cargo_process`.`was_interstate` AS `t1_c15` FROM `cargo_process` `cargo_process`  WHERE (`cargo_process`.`shipment_id`=:ypl0) ORDER BY cargo_process.id desc
2023/10/23 08:52:30 [trace] [system.db.ar.CActiveRecord] lazy loading ImParcel.trans
2023/10/23 08:52:30 [trace] [system.db.CDbCommand] Querying SQL: SELECT `trans`.`id` AS `t1_c0`, `trans`.`pid` AS `t1_c1`, `trans`.`org_id` AS `t1_c2`, `trans`.`man_id` AS `t1_c3`, `trans`.`connote` AS `t1_c4`, `trans`.`time` AS `t1_c5`, `trans`.`type` AS `t1_c6`, `trans`.`status` AS `t1_c7`, `trans`.`meta` AS `t1_c8`, `trans`.`cost` AS `t1_c9` FROM `tranship` `trans`  WHERE (`trans`.`pid`=:ypl0)
2023/10/23 08:52:30 [trace] [system.db.ar.CActiveRecord] Log.insert()
2023/10/23 08:52:30 [trace] [system.db.CDbCommand] Executing SQL: INSERT INTO `log` (`type`, `model`, `lid`, `user_id`, `time`, `meta`) VALUES (:yp0, :yp1, :yp2, :yp3, :yp4, :yp5)
2023/10/23 08:56:44 [trace] [system.db.CDbConnection] Opening DB connection
2023/10/23 08:56:47 [trace] [system.db.CDbCommand] Querying SQL: SHOW FULL COLUMNS FROM `shipment`
2023/10/23 08:56:47 [trace] [system.db.CDbCommand] Querying SQL: SHOW CREATE TABLE `shipment`
2023/10/23 08:56:47 [trace] [system.db.ar.CActiveRecord] ImParcel.findByPk()
2023/10/23 08:56:47 [trace] [system.db.CDbCommand] Querying SQL: SELECT * FROM `shipment` `t` WHERE (`t`.`type`=10) AND (`t`.`id`='56382311') LIMIT 1
2023/10/23 08:56:47 [trace] [system.db.ar.CActiveRecord] OrgRate.find()
2023/10/23 08:56:47 [trace] [system.db.CDbCommand] Querying SQL: SHOW FULL COLUMNS FROM `org_rate`
2023/10/23 08:56:47 [trace] [system.db.CDbCommand] Querying SQL: SHOW CREATE TABLE `org_rate`
2023/10/23 08:56:47 [trace] [system.db.CDbCommand] Querying SQL: SELECT * FROM `org_rate` `t` WHERE id = :id LIMIT 1
2023/10/23 08:56:47 [trace] [system.db.ar.CActiveRecord] Addr.findByPk()
2023/10/23 08:56:47 [trace] [system.db.CDbCommand] Querying SQL: SHOW FULL COLUMNS FROM `addr`
2023/10/23 08:56:47 [trace] [system.db.CDbCommand] Querying SQL: SHOW CREATE TABLE `addr`
2023/10/23 08:56:47 [trace] [system.db.CDbCommand] Querying SQL: SELECT * FROM `addr` `t` WHERE `t`.`id`='142274894' LIMIT 1
2023/10/23 08:56:47 [trace] [system.db.ar.CActiveRecord] lazy loading ImParcel.cnee
2023/10/23 08:56:47 [trace] [system.db.CDbCommand] Querying SQL: SELECT `cnee`.`id` AS `t1_c0`, `cnee`.`owner_id` AS `t1_c1`, `cnee`.`cnid_id` AS `t1_c2`, `cnee`.`name` AS `t1_c3`, `cnee`.`company` AS `t1_c4`, `cnee`.`address` AS `t1_c5`, `cnee`.`suburb` AS `t1_c6`, `cnee`.`city` AS `t1_c7`, `cnee`.`state` AS `t1_c8`, `cnee`.`postcode` AS `t1_c9`, `cnee`.`country` AS `t1_c10`, `cnee`.`tel` AS `t1_c11`, `cnee`.`email` AS `t1_c12`, `cnee`.`acc` AS `t1_c13`, `cnee`.`cnid_no` AS `t1_c14` FROM `addr` `cnee`  WHERE (`cnee`.`id`=:ypl0)
2023/10/23 08:56:49 [trace] [system.db.ar.CActiveRecord] ImParcel.findByPk()
2023/10/23 08:56:49 [trace] [system.db.CDbCommand] Querying SQL: SELECT * FROM `shipment` `t` WHERE (`t`.`type`=10) AND (`t`.`id`='56382311') LIMIT 1
2023/10/23 08:56:49 [trace] [system.db.ar.CActiveRecord] ImParcel.update()
2023/10/23 08:56:49 [trace] [system.db.ar.CActiveRecord] ImParcel.updateByPk()
2023/10/23 08:56:49 [trace] [system.db.CDbCommand] Executing SQL: UPDATE `shipment` SET `type`=:yp0, `id`=:yp1, `owner_id`=:yp2, `agent_id`=:yp3, `consol_id`=:yp4, `man_id`=:yp5, `rec_id`=:yp6, `odpt_id`=:yp7, `ddpt_id`=:yp8, `cnor_id`=:yp9, `cnee_id`=:yp10, `receiver_id`=:yp11, `notify_id`=:yp12, `zr_id`=:yp13, `ot_id`=:yp14, `status`=:yp15, `pickup`=:yp16, `hbn`=:yp17, `ref`=:yp18, `cref`=:yp19, `pkg`=:yp20, `packages`=:yp21, `items`=:yp22, `state`=:yp23, `postcode`=:yp24, `value`=:yp25, `dvalue`=:yp26, `tariff`=:yp27, `insurance`=:yp28, `currency`=:yp29, `weight`=:yp30, `wtck`=:yp31, `cbm`=:yp32, `sac`=:yp33, `exm`=:yp34, `can`=:yp35, `bwf`=:yp36, `cbwf`=:yp37, `meta`=:yp38, `scan`=:yp39, `scan_no`=:yp40, `note`=:yp41, `created`=:yp42, `styp`=:yp43 WHERE `shipment`.`id`='56382311'
2023/10/23 08:56:49 [trace] [system.db.ar.CActiveRecord] Tracking.count()
2023/10/23 08:56:49 [trace] [system.db.CDbCommand] Querying SQL: SHOW FULL COLUMNS FROM `tracking`
2023/10/23 08:56:49 [trace] [system.db.CDbCommand] Querying SQL: SHOW CREATE TABLE `tracking`
2023/10/23 08:56:49 [trace] [system.db.CDbCommand] Querying SQL: SELECT COUNT(*) FROM `tracking` `t` WHERE pid = :pid AND type = :t
2023/10/23 08:56:49 [trace] [system.db.ar.CActiveRecord] lazy loading ImParcel.agent
2023/10/23 08:56:49 [trace] [system.db.CDbCommand] Querying SQL: SHOW FULL COLUMNS FROM `org`
2023/10/23 08:56:49 [trace] [system.db.CDbCommand] Querying SQL: SHOW CREATE TABLE `org`
2023/10/23 08:56:49 [trace] [system.db.CDbCommand] Querying SQL: SELECT `agent`.`id` AS `t1_c0`, `agent`.`pid` AS `t1_c1`, `agent`.`type` AS `t1_c2`, `agent`.`name` AS `t1_c3`, `agent`.`code` AS `t1_c4`, `agent`.`accode` AS `t1_c5`, `agent`.`abn` AS `t1_c6`, `agent`.`address` AS `t1_c7`, `agent`.`suburb` AS `t1_c8`, `agent`.`state` AS `t1_c9`, `agent`.`postcode` AS `t1_c10`, `agent`.`country` AS `t1_c11`, `agent`.`email` AS `t1_c12`, `agent`.`phone` AS `t1_c13`, `agent`.`fax` AS `t1_c14`, `agent`.`desc` AS `t1_c15`, `agent`.`status` AS `t1_c16`, `agent`.`meta` AS `t1_c17`, `agent`.`by` AS `t1_c18`, `agent`.`manager` AS `t1_c19`, `agent`.`nln` AS `t1_c20`, `agent`.`cargo_driver_type` AS `t1_c21`, `agent`.`hash` AS `t1_c22`, `agent`.`lat` AS `t1_c23`, `agent`.`lng` AS `t1_c24` FROM `org` `agent`  WHERE (`agent`.`id`=:ypl0)
2023/10/23 08:56:49 [trace] [system.db.ar.CActiveRecord] ImParcel.refresh()
2023/10/23 08:56:49 [trace] [system.db.ar.CActiveRecord] ImParcel.findByPk()
2023/10/23 08:56:49 [trace] [system.db.CDbCommand] Querying SQL: SELECT * FROM `shipment` `t` WHERE (`t`.`type`=10) AND (`t`.`id`='56382311') LIMIT 1
2023/10/23 08:56:49 [trace] [system.db.ar.CActiveRecord] lazy loading ImParcel.cargo_process
2023/10/23 08:56:49 [trace] [system.db.CDbCommand] Querying SQL: SHOW FULL COLUMNS FROM `cargo_process`
2023/10/23 08:56:49 [trace] [system.db.CDbCommand] Querying SQL: SHOW CREATE TABLE `cargo_process`
2023/10/23 08:56:49 [trace] [system.db.CDbCommand] Querying SQL: SELECT `cargo_process`.`id` AS `t1_c0`, `cargo_process`.`shipment_id` AS `t1_c1`, `cargo_process`.`status` AS `t1_c2`, `cargo_process`.`started` AS `t1_c3`, `cargo_process`.`date` AS `t1_c4`, `cargo_process`.`note` AS `t1_c5`, `cargo_process`.`driver_id` AS `t1_c6`, `cargo_process`.`cargo_receipt` AS `t1_c7`, `cargo_process`.`gate_pass_id` AS `t1_c8`, `cargo_process`.`agg_pod_id` AS `t1_c9`, `cargo_process`.`meta` AS `t1_c10`, `cargo_process`.`type` AS `t1_c11`, `cargo_process`.`caref` AS `t1_c12`, `cargo_process`.`sub_type` AS `t1_c13`, `cargo_process`.`dpt_id` AS `t1_c14`, `cargo_process`.`was_interstate` AS `t1_c15` FROM `cargo_process` `cargo_process`  WHERE (`cargo_process`.`shipment_id`=:ypl0) ORDER BY cargo_process.id desc
2023/10/23 08:56:49 [trace] [system.db.ar.CActiveRecord] lazy loading ImParcel.trans
2023/10/23 08:56:49 [trace] [system.db.CDbCommand] Querying SQL: SHOW FULL COLUMNS FROM `tranship`
2023/10/23 08:56:49 [trace] [system.db.CDbCommand] Querying SQL: SHOW CREATE TABLE `tranship`
2023/10/23 08:56:49 [trace] [system.db.CDbCommand] Querying SQL: SELECT `trans`.`id` AS `t1_c0`, `trans`.`pid` AS `t1_c1`, `trans`.`org_id` AS `t1_c2`, `trans`.`man_id` AS `t1_c3`, `trans`.`connote` AS `t1_c4`, `trans`.`time` AS `t1_c5`, `trans`.`type` AS `t1_c6`, `trans`.`status` AS `t1_c7`, `trans`.`meta` AS `t1_c8`, `trans`.`cost` AS `t1_c9` FROM `tranship` `trans`  WHERE (`trans`.`pid`=:ypl0)
2023/10/23 08:56:49 [trace] [system.db.CDbCommand] Querying SQL: SHOW FULL COLUMNS FROM `log`
2023/10/23 08:56:49 [trace] [system.db.CDbCommand] Querying SQL: SHOW CREATE TABLE `log`
2023/10/23 08:56:49 [trace] [system.db.ar.CActiveRecord] Log.insert()
2023/10/23 08:56:49 [trace] [system.db.CDbCommand] Executing SQL: INSERT INTO `log` (`type`, `model`, `lid`, `user_id`, `time`, `meta`) VALUES (:yp0, :yp1, :yp2, :yp3, :yp4, :yp5)
2023/10/23 08:56:49 [trace] [system.db.ar.CActiveRecord] ImParcel.findByPk()
2023/10/23 08:56:49 [trace] [system.db.CDbCommand] Querying SQL: SELECT * FROM `shipment` `t` WHERE (`t`.`type`=10) AND (`t`.`id`='56382314') LIMIT 1
2023/10/23 08:56:49 [trace] [system.db.ar.CActiveRecord] OrgRate.find()
2023/10/23 08:56:49 [trace] [system.db.CDbCommand] Querying SQL: SELECT * FROM `org_rate` `t` WHERE id = :id LIMIT 1
2023/10/23 08:56:49 [trace] [system.db.ar.CActiveRecord] Addr.findByPk()
2023/10/23 08:56:49 [trace] [system.db.CDbCommand] Querying SQL: SELECT * FROM `addr` `t` WHERE `t`.`id`='142274923' LIMIT 1
2023/10/23 08:56:49 [trace] [system.db.ar.CActiveRecord] lazy loading ImParcel.cnee
2023/10/23 08:56:49 [trace] [system.db.CDbCommand] Querying SQL: SELECT `cnee`.`id` AS `t1_c0`, `cnee`.`owner_id` AS `t1_c1`, `cnee`.`cnid_id` AS `t1_c2`, `cnee`.`name` AS `t1_c3`, `cnee`.`company` AS `t1_c4`, `cnee`.`address` AS `t1_c5`, `cnee`.`suburb` AS `t1_c6`, `cnee`.`city` AS `t1_c7`, `cnee`.`state` AS `t1_c8`, `cnee`.`postcode` AS `t1_c9`, `cnee`.`country` AS `t1_c10`, `cnee`.`tel` AS `t1_c11`, `cnee`.`email` AS `t1_c12`, `cnee`.`acc` AS `t1_c13`, `cnee`.`cnid_no` AS `t1_c14` FROM `addr` `cnee`  WHERE (`cnee`.`id`=:ypl0)
2023/10/23 08:56:49 [trace] [system.db.ar.CActiveRecord] ImParcel.findByPk()
2023/10/23 08:56:49 [trace] [system.db.CDbCommand] Querying SQL: SELECT * FROM `shipment` `t` WHERE (`t`.`type`=10) AND (`t`.`id`='56382314') LIMIT 1
2023/10/23 08:56:49 [trace] [system.db.ar.CActiveRecord] ImParcel.update()
2023/10/23 08:56:49 [trace] [system.db.ar.CActiveRecord] ImParcel.updateByPk()
2023/10/23 08:56:49 [trace] [system.db.CDbCommand] Executing SQL: UPDATE `shipment` SET `type`=:yp0, `id`=:yp1, `owner_id`=:yp2, `agent_id`=:yp3, `consol_id`=:yp4, `man_id`=:yp5, `rec_id`=:yp6, `odpt_id`=:yp7, `ddpt_id`=:yp8, `cnor_id`=:yp9, `cnee_id`=:yp10, `receiver_id`=:yp11, `notify_id`=:yp12, `zr_id`=:yp13, `ot_id`=:yp14, `status`=:yp15, `pickup`=:yp16, `hbn`=:yp17, `ref`=:yp18, `cref`=:yp19, `pkg`=:yp20, `packages`=:yp21, `items`=:yp22, `state`=:yp23, `postcode`=:yp24, `value`=:yp25, `dvalue`=:yp26, `tariff`=:yp27, `insurance`=:yp28, `currency`=:yp29, `weight`=:yp30, `wtck`=:yp31, `cbm`=:yp32, `sac`=:yp33, `exm`=:yp34, `can`=:yp35, `bwf`=:yp36, `cbwf`=:yp37, `meta`=:yp38, `scan`=:yp39, `scan_no`=:yp40, `note`=:yp41, `created`=:yp42, `styp`=:yp43 WHERE `shipment`.`id`='56382314'
2023/10/23 08:56:49 [trace] [system.db.ar.CActiveRecord] Tracking.count()
2023/10/23 08:56:49 [trace] [system.db.CDbCommand] Querying SQL: SELECT COUNT(*) FROM `tracking` `t` WHERE pid = :pid AND type = :t
2023/10/23 08:56:49 [trace] [system.db.ar.CActiveRecord] lazy loading ImParcel.agent
2023/10/23 08:56:49 [trace] [system.db.CDbCommand] Querying SQL: SELECT `agent`.`id` AS `t1_c0`, `agent`.`pid` AS `t1_c1`, `agent`.`type` AS `t1_c2`, `agent`.`name` AS `t1_c3`, `agent`.`code` AS `t1_c4`, `agent`.`accode` AS `t1_c5`, `agent`.`abn` AS `t1_c6`, `agent`.`address` AS `t1_c7`, `agent`.`suburb` AS `t1_c8`, `agent`.`state` AS `t1_c9`, `agent`.`postcode` AS `t1_c10`, `agent`.`country` AS `t1_c11`, `agent`.`email` AS `t1_c12`, `agent`.`phone` AS `t1_c13`, `agent`.`fax` AS `t1_c14`, `agent`.`desc` AS `t1_c15`, `agent`.`status` AS `t1_c16`, `agent`.`meta` AS `t1_c17`, `agent`.`by` AS `t1_c18`, `agent`.`manager` AS `t1_c19`, `agent`.`nln` AS `t1_c20`, `agent`.`cargo_driver_type` AS `t1_c21`, `agent`.`hash` AS `t1_c22`, `agent`.`lat` AS `t1_c23`, `agent`.`lng` AS `t1_c24` FROM `org` `agent`  WHERE (`agent`.`id`=:ypl0)
2023/10/23 08:56:49 [trace] [system.db.ar.CActiveRecord] ImParcel.refresh()
2023/10/23 08:56:49 [trace] [system.db.ar.CActiveRecord] ImParcel.findByPk()
2023/10/23 08:56:49 [trace] [system.db.CDbCommand] Querying SQL: SELECT * FROM `shipment` `t` WHERE (`t`.`type`=10) AND (`t`.`id`='56382314') LIMIT 1
2023/10/23 08:56:49 [trace] [system.db.ar.CActiveRecord] lazy loading ImParcel.cargo_process
2023/10/23 08:56:49 [trace] [system.db.CDbCommand] Querying SQL: SELECT `cargo_process`.`id` AS `t1_c0`, `cargo_process`.`shipment_id` AS `t1_c1`, `cargo_process`.`status` AS `t1_c2`, `cargo_process`.`started` AS `t1_c3`, `cargo_process`.`date` AS `t1_c4`, `cargo_process`.`note` AS `t1_c5`, `cargo_process`.`driver_id` AS `t1_c6`, `cargo_process`.`cargo_receipt` AS `t1_c7`, `cargo_process`.`gate_pass_id` AS `t1_c8`, `cargo_process`.`agg_pod_id` AS `t1_c9`, `cargo_process`.`meta` AS `t1_c10`, `cargo_process`.`type` AS `t1_c11`, `cargo_process`.`caref` AS `t1_c12`, `cargo_process`.`sub_type` AS `t1_c13`, `cargo_process`.`dpt_id` AS `t1_c14`, `cargo_process`.`was_interstate` AS `t1_c15` FROM `cargo_process` `cargo_process`  WHERE (`cargo_process`.`shipment_id`=:ypl0) ORDER BY cargo_process.id desc
2023/10/23 08:56:49 [trace] [system.db.ar.CActiveRecord] lazy loading ImParcel.trans
2023/10/23 08:56:49 [trace] [system.db.CDbCommand] Querying SQL: SELECT `trans`.`id` AS `t1_c0`, `trans`.`pid` AS `t1_c1`, `trans`.`org_id` AS `t1_c2`, `trans`.`man_id` AS `t1_c3`, `trans`.`connote` AS `t1_c4`, `trans`.`time` AS `t1_c5`, `trans`.`type` AS `t1_c6`, `trans`.`status` AS `t1_c7`, `trans`.`meta` AS `t1_c8`, `trans`.`cost` AS `t1_c9` FROM `tranship` `trans`  WHERE (`trans`.`pid`=:ypl0)
2023/10/23 08:56:49 [trace] [system.db.ar.CActiveRecord] Log.insert()
2023/10/23 08:56:49 [trace] [system.db.CDbCommand] Executing SQL: INSERT INTO `log` (`type`, `model`, `lid`, `user_id`, `time`, `meta`) VALUES (:yp0, :yp1, :yp2, :yp3, :yp4, :yp5)
2023/10/23 08:56:49 [trace] [system.db.ar.CActiveRecord] ImParcel.findByPk()
2023/10/23 08:56:49 [trace] [system.db.CDbCommand] Querying SQL: SELECT * FROM `shipment` `t` WHERE (`t`.`type`=10) AND (`t`.`id`='56382315') LIMIT 1
2023/10/23 08:56:49 [trace] [system.db.ar.CActiveRecord] OrgRate.find()
2023/10/23 08:56:49 [trace] [system.db.CDbCommand] Querying SQL: SELECT * FROM `org_rate` `t` WHERE id = :id LIMIT 1
2023/10/23 08:56:49 [trace] [system.db.ar.CActiveRecord] Addr.findByPk()
2023/10/23 08:56:49 [trace] [system.db.CDbCommand] Querying SQL: SELECT * FROM `addr` `t` WHERE `t`.`id`='142274923' LIMIT 1
2023/10/23 08:56:49 [trace] [system.db.ar.CActiveRecord] lazy loading ImParcel.cnee
2023/10/23 08:56:49 [trace] [system.db.CDbCommand] Querying SQL: SELECT `cnee`.`id` AS `t1_c0`, `cnee`.`owner_id` AS `t1_c1`, `cnee`.`cnid_id` AS `t1_c2`, `cnee`.`name` AS `t1_c3`, `cnee`.`company` AS `t1_c4`, `cnee`.`address` AS `t1_c5`, `cnee`.`suburb` AS `t1_c6`, `cnee`.`city` AS `t1_c7`, `cnee`.`state` AS `t1_c8`, `cnee`.`postcode` AS `t1_c9`, `cnee`.`country` AS `t1_c10`, `cnee`.`tel` AS `t1_c11`, `cnee`.`email` AS `t1_c12`, `cnee`.`acc` AS `t1_c13`, `cnee`.`cnid_no` AS `t1_c14` FROM `addr` `cnee`  WHERE (`cnee`.`id`=:ypl0)
2023/10/23 08:56:50 [trace] [system.db.ar.CActiveRecord] ImParcel.findByPk()
2023/10/23 08:56:50 [trace] [system.db.CDbCommand] Querying SQL: SELECT * FROM `shipment` `t` WHERE (`t`.`type`=10) AND (`t`.`id`='56382315') LIMIT 1
2023/10/23 08:56:50 [trace] [system.db.ar.CActiveRecord] ImParcel.update()
2023/10/23 08:56:50 [trace] [system.db.ar.CActiveRecord] ImParcel.updateByPk()
2023/10/23 08:56:50 [trace] [system.db.CDbCommand] Executing SQL: UPDATE `shipment` SET `type`=:yp0, `id`=:yp1, `owner_id`=:yp2, `agent_id`=:yp3, `consol_id`=:yp4, `man_id`=:yp5, `rec_id`=:yp6, `odpt_id`=:yp7, `ddpt_id`=:yp8, `cnor_id`=:yp9, `cnee_id`=:yp10, `receiver_id`=:yp11, `notify_id`=:yp12, `zr_id`=:yp13, `ot_id`=:yp14, `status`=:yp15, `pickup`=:yp16, `hbn`=:yp17, `ref`=:yp18, `cref`=:yp19, `pkg`=:yp20, `packages`=:yp21, `items`=:yp22, `state`=:yp23, `postcode`=:yp24, `value`=:yp25, `dvalue`=:yp26, `tariff`=:yp27, `insurance`=:yp28, `currency`=:yp29, `weight`=:yp30, `wtck`=:yp31, `cbm`=:yp32, `sac`=:yp33, `exm`=:yp34, `can`=:yp35, `bwf`=:yp36, `cbwf`=:yp37, `meta`=:yp38, `scan`=:yp39, `scan_no`=:yp40, `note`=:yp41, `created`=:yp42, `styp`=:yp43 WHERE `shipment`.`id`='56382315'
2023/10/23 08:56:50 [trace] [system.db.ar.CActiveRecord] Tracking.count()
2023/10/23 08:56:50 [trace] [system.db.CDbCommand] Querying SQL: SELECT COUNT(*) FROM `tracking` `t` WHERE pid = :pid AND type = :t
2023/10/23 08:56:50 [trace] [system.db.ar.CActiveRecord] lazy loading ImParcel.agent
2023/10/23 08:56:50 [trace] [system.db.CDbCommand] Querying SQL: SELECT `agent`.`id` AS `t1_c0`, `agent`.`pid` AS `t1_c1`, `agent`.`type` AS `t1_c2`, `agent`.`name` AS `t1_c3`, `agent`.`code` AS `t1_c4`, `agent`.`accode` AS `t1_c5`, `agent`.`abn` AS `t1_c6`, `agent`.`address` AS `t1_c7`, `agent`.`suburb` AS `t1_c8`, `agent`.`state` AS `t1_c9`, `agent`.`postcode` AS `t1_c10`, `agent`.`country` AS `t1_c11`, `agent`.`email` AS `t1_c12`, `agent`.`phone` AS `t1_c13`, `agent`.`fax` AS `t1_c14`, `agent`.`desc` AS `t1_c15`, `agent`.`status` AS `t1_c16`, `agent`.`meta` AS `t1_c17`, `agent`.`by` AS `t1_c18`, `agent`.`manager` AS `t1_c19`, `agent`.`nln` AS `t1_c20`, `agent`.`cargo_driver_type` AS `t1_c21`, `agent`.`hash` AS `t1_c22`, `agent`.`lat` AS `t1_c23`, `agent`.`lng` AS `t1_c24` FROM `org` `agent`  WHERE (`agent`.`id`=:ypl0)
2023/10/23 08:56:50 [trace] [system.db.ar.CActiveRecord] ImParcel.refresh()
2023/10/23 08:56:50 [trace] [system.db.ar.CActiveRecord] ImParcel.findByPk()
2023/10/23 08:56:50 [trace] [system.db.CDbCommand] Querying SQL: SELECT * FROM `shipment` `t` WHERE (`t`.`type`=10) AND (`t`.`id`='56382315') LIMIT 1
2023/10/23 08:56:50 [trace] [system.db.ar.CActiveRecord] lazy loading ImParcel.cargo_process
2023/10/23 08:56:50 [trace] [system.db.CDbCommand] Querying SQL: SELECT `cargo_process`.`id` AS `t1_c0`, `cargo_process`.`shipment_id` AS `t1_c1`, `cargo_process`.`status` AS `t1_c2`, `cargo_process`.`started` AS `t1_c3`, `cargo_process`.`date` AS `t1_c4`, `cargo_process`.`note` AS `t1_c5`, `cargo_process`.`driver_id` AS `t1_c6`, `cargo_process`.`cargo_receipt` AS `t1_c7`, `cargo_process`.`gate_pass_id` AS `t1_c8`, `cargo_process`.`agg_pod_id` AS `t1_c9`, `cargo_process`.`meta` AS `t1_c10`, `cargo_process`.`type` AS `t1_c11`, `cargo_process`.`caref` AS `t1_c12`, `cargo_process`.`sub_type` AS `t1_c13`, `cargo_process`.`dpt_id` AS `t1_c14`, `cargo_process`.`was_interstate` AS `t1_c15` FROM `cargo_process` `cargo_process`  WHERE (`cargo_process`.`shipment_id`=:ypl0) ORDER BY cargo_process.id desc
2023/10/23 08:56:50 [trace] [system.db.ar.CActiveRecord] lazy loading ImParcel.trans
2023/10/23 08:56:50 [trace] [system.db.CDbCommand] Querying SQL: SELECT `trans`.`id` AS `t1_c0`, `trans`.`pid` AS `t1_c1`, `trans`.`org_id` AS `t1_c2`, `trans`.`man_id` AS `t1_c3`, `trans`.`connote` AS `t1_c4`, `trans`.`time` AS `t1_c5`, `trans`.`type` AS `t1_c6`, `trans`.`status` AS `t1_c7`, `trans`.`meta` AS `t1_c8`, `trans`.`cost` AS `t1_c9` FROM `tranship` `trans`  WHERE (`trans`.`pid`=:ypl0)
2023/10/23 08:56:50 [trace] [system.db.ar.CActiveRecord] Log.insert()
2023/10/23 08:56:50 [trace] [system.db.CDbCommand] Executing SQL: INSERT INTO `log` (`type`, `model`, `lid`, `user_id`, `time`, `meta`) VALUES (:yp0, :yp1, :yp2, :yp3, :yp4, :yp5)
2023/10/23 08:57:57 [trace] [system.db.CDbConnection] Opening DB connection
2023/10/23 08:57:59 [trace] [system.db.CDbCommand] Querying SQL: SHOW FULL COLUMNS FROM `shipment`
2023/10/23 08:57:59 [trace] [system.db.CDbCommand] Querying SQL: SHOW CREATE TABLE `shipment`
2023/10/23 08:57:59 [trace] [system.db.ar.CActiveRecord] ImParcel.findByPk()
2023/10/23 08:57:59 [trace] [system.db.CDbCommand] Querying SQL: SELECT * FROM `shipment` `t` WHERE (`t`.`type`=10) AND (`t`.`id`='56382311') LIMIT 1
2023/10/23 08:57:59 [trace] [system.db.ar.CActiveRecord] OrgRate.find()
2023/10/23 08:57:59 [trace] [system.db.CDbCommand] Querying SQL: SHOW FULL COLUMNS FROM `org_rate`
2023/10/23 08:57:59 [trace] [system.db.CDbCommand] Querying SQL: SHOW CREATE TABLE `org_rate`
2023/10/23 08:57:59 [trace] [system.db.CDbCommand] Querying SQL: SELECT * FROM `org_rate` `t` WHERE id = :id LIMIT 1
2023/10/23 08:57:59 [trace] [system.db.ar.CActiveRecord] Addr.findByPk()
2023/10/23 08:57:59 [trace] [system.db.CDbCommand] Querying SQL: SHOW FULL COLUMNS FROM `addr`
2023/10/23 08:57:59 [trace] [system.db.CDbCommand] Querying SQL: SHOW CREATE TABLE `addr`
2023/10/23 08:57:59 [trace] [system.db.CDbCommand] Querying SQL: SELECT * FROM `addr` `t` WHERE `t`.`id`='142274894' LIMIT 1
2023/10/23 08:57:59 [trace] [system.db.ar.CActiveRecord] lazy loading ImParcel.cnee
2023/10/23 08:57:59 [trace] [system.db.CDbCommand] Querying SQL: SELECT `cnee`.`id` AS `t1_c0`, `cnee`.`owner_id` AS `t1_c1`, `cnee`.`cnid_id` AS `t1_c2`, `cnee`.`name` AS `t1_c3`, `cnee`.`company` AS `t1_c4`, `cnee`.`address` AS `t1_c5`, `cnee`.`suburb` AS `t1_c6`, `cnee`.`city` AS `t1_c7`, `cnee`.`state` AS `t1_c8`, `cnee`.`postcode` AS `t1_c9`, `cnee`.`country` AS `t1_c10`, `cnee`.`tel` AS `t1_c11`, `cnee`.`email` AS `t1_c12`, `cnee`.`acc` AS `t1_c13`, `cnee`.`cnid_no` AS `t1_c14` FROM `addr` `cnee`  WHERE (`cnee`.`id`=:ypl0)
2023/10/23 08:58:01 [trace] [system.db.ar.CActiveRecord] ImParcel.findByPk()
2023/10/23 08:58:01 [trace] [system.db.CDbCommand] Querying SQL: SELECT * FROM `shipment` `t` WHERE (`t`.`type`=10) AND (`t`.`id`='56382311') LIMIT 1
2023/10/23 08:58:01 [trace] [system.db.ar.CActiveRecord] ImParcel.update()
2023/10/23 08:58:01 [trace] [system.db.ar.CActiveRecord] ImParcel.updateByPk()
2023/10/23 08:58:01 [trace] [system.db.CDbCommand] Executing SQL: UPDATE `shipment` SET `type`=:yp0, `id`=:yp1, `owner_id`=:yp2, `agent_id`=:yp3, `consol_id`=:yp4, `man_id`=:yp5, `rec_id`=:yp6, `odpt_id`=:yp7, `ddpt_id`=:yp8, `cnor_id`=:yp9, `cnee_id`=:yp10, `receiver_id`=:yp11, `notify_id`=:yp12, `zr_id`=:yp13, `ot_id`=:yp14, `status`=:yp15, `pickup`=:yp16, `hbn`=:yp17, `ref`=:yp18, `cref`=:yp19, `pkg`=:yp20, `packages`=:yp21, `items`=:yp22, `state`=:yp23, `postcode`=:yp24, `value`=:yp25, `dvalue`=:yp26, `tariff`=:yp27, `insurance`=:yp28, `currency`=:yp29, `weight`=:yp30, `wtck`=:yp31, `cbm`=:yp32, `sac`=:yp33, `exm`=:yp34, `can`=:yp35, `bwf`=:yp36, `cbwf`=:yp37, `meta`=:yp38, `scan`=:yp39, `scan_no`=:yp40, `note`=:yp41, `created`=:yp42, `styp`=:yp43 WHERE `shipment`.`id`='56382311'
2023/10/23 08:58:01 [trace] [system.db.ar.CActiveRecord] Tracking.count()
2023/10/23 08:58:01 [trace] [system.db.CDbCommand] Querying SQL: SHOW FULL COLUMNS FROM `tracking`
2023/10/23 08:58:01 [trace] [system.db.CDbCommand] Querying SQL: SHOW CREATE TABLE `tracking`
2023/10/23 08:58:01 [trace] [system.db.CDbCommand] Querying SQL: SELECT COUNT(*) FROM `tracking` `t` WHERE pid = :pid AND type = :t
2023/10/23 08:58:01 [trace] [system.db.ar.CActiveRecord] lazy loading ImParcel.agent
2023/10/23 08:58:01 [trace] [system.db.CDbCommand] Querying SQL: SHOW FULL COLUMNS FROM `org`
2023/10/23 08:58:01 [trace] [system.db.CDbCommand] Querying SQL: SHOW CREATE TABLE `org`
2023/10/23 08:58:01 [trace] [system.db.CDbCommand] Querying SQL: SELECT `agent`.`id` AS `t1_c0`, `agent`.`pid` AS `t1_c1`, `agent`.`type` AS `t1_c2`, `agent`.`name` AS `t1_c3`, `agent`.`code` AS `t1_c4`, `agent`.`accode` AS `t1_c5`, `agent`.`abn` AS `t1_c6`, `agent`.`address` AS `t1_c7`, `agent`.`suburb` AS `t1_c8`, `agent`.`state` AS `t1_c9`, `agent`.`postcode` AS `t1_c10`, `agent`.`country` AS `t1_c11`, `agent`.`email` AS `t1_c12`, `agent`.`phone` AS `t1_c13`, `agent`.`fax` AS `t1_c14`, `agent`.`desc` AS `t1_c15`, `agent`.`status` AS `t1_c16`, `agent`.`meta` AS `t1_c17`, `agent`.`by` AS `t1_c18`, `agent`.`manager` AS `t1_c19`, `agent`.`nln` AS `t1_c20`, `agent`.`cargo_driver_type` AS `t1_c21`, `agent`.`hash` AS `t1_c22`, `agent`.`lat` AS `t1_c23`, `agent`.`lng` AS `t1_c24` FROM `org` `agent`  WHERE (`agent`.`id`=:ypl0)
2023/10/23 08:58:01 [trace] [system.db.ar.CActiveRecord] ImParcel.refresh()
2023/10/23 08:58:01 [trace] [system.db.ar.CActiveRecord] ImParcel.findByPk()
2023/10/23 08:58:01 [trace] [system.db.CDbCommand] Querying SQL: SELECT * FROM `shipment` `t` WHERE (`t`.`type`=10) AND (`t`.`id`='56382311') LIMIT 1
2023/10/23 08:58:01 [trace] [system.db.ar.CActiveRecord] lazy loading ImParcel.cargo_process
2023/10/23 08:58:01 [trace] [system.db.CDbCommand] Querying SQL: SHOW FULL COLUMNS FROM `cargo_process`
2023/10/23 08:58:01 [trace] [system.db.CDbCommand] Querying SQL: SHOW CREATE TABLE `cargo_process`
2023/10/23 08:58:01 [trace] [system.db.CDbCommand] Querying SQL: SELECT `cargo_process`.`id` AS `t1_c0`, `cargo_process`.`shipment_id` AS `t1_c1`, `cargo_process`.`status` AS `t1_c2`, `cargo_process`.`started` AS `t1_c3`, `cargo_process`.`date` AS `t1_c4`, `cargo_process`.`note` AS `t1_c5`, `cargo_process`.`driver_id` AS `t1_c6`, `cargo_process`.`cargo_receipt` AS `t1_c7`, `cargo_process`.`gate_pass_id` AS `t1_c8`, `cargo_process`.`agg_pod_id` AS `t1_c9`, `cargo_process`.`meta` AS `t1_c10`, `cargo_process`.`type` AS `t1_c11`, `cargo_process`.`caref` AS `t1_c12`, `cargo_process`.`sub_type` AS `t1_c13`, `cargo_process`.`dpt_id` AS `t1_c14`, `cargo_process`.`was_interstate` AS `t1_c15` FROM `cargo_process` `cargo_process`  WHERE (`cargo_process`.`shipment_id`=:ypl0) ORDER BY cargo_process.id desc
2023/10/23 08:58:01 [trace] [system.db.ar.CActiveRecord] lazy loading ImParcel.trans
2023/10/23 08:58:01 [trace] [system.db.CDbCommand] Querying SQL: SHOW FULL COLUMNS FROM `tranship`
2023/10/23 08:58:01 [trace] [system.db.CDbCommand] Querying SQL: SHOW CREATE TABLE `tranship`
2023/10/23 08:58:01 [trace] [system.db.CDbCommand] Querying SQL: SELECT `trans`.`id` AS `t1_c0`, `trans`.`pid` AS `t1_c1`, `trans`.`org_id` AS `t1_c2`, `trans`.`man_id` AS `t1_c3`, `trans`.`connote` AS `t1_c4`, `trans`.`time` AS `t1_c5`, `trans`.`type` AS `t1_c6`, `trans`.`status` AS `t1_c7`, `trans`.`meta` AS `t1_c8`, `trans`.`cost` AS `t1_c9` FROM `tranship` `trans`  WHERE (`trans`.`pid`=:ypl0)
2023/10/23 08:58:01 [trace] [system.db.CDbCommand] Querying SQL: SHOW FULL COLUMNS FROM `log`
2023/10/23 08:58:01 [trace] [system.db.CDbCommand] Querying SQL: SHOW CREATE TABLE `log`
2023/10/23 08:58:01 [trace] [system.db.ar.CActiveRecord] Log.insert()
2023/10/23 08:58:01 [trace] [system.db.CDbCommand] Executing SQL: INSERT INTO `log` (`type`, `model`, `lid`, `user_id`, `time`, `meta`) VALUES (:yp0, :yp1, :yp2, :yp3, :yp4, :yp5)
2023/10/23 08:58:01 [trace] [system.db.ar.CActiveRecord] ImParcel.findByPk()
2023/10/23 08:58:01 [trace] [system.db.CDbCommand] Querying SQL: SELECT * FROM `shipment` `t` WHERE (`t`.`type`=10) AND (`t`.`id`='56382314') LIMIT 1
2023/10/23 08:58:01 [trace] [system.db.ar.CActiveRecord] OrgRate.find()
2023/10/23 08:58:01 [trace] [system.db.CDbCommand] Querying SQL: SELECT * FROM `org_rate` `t` WHERE id = :id LIMIT 1
2023/10/23 08:58:01 [trace] [system.db.ar.CActiveRecord] Addr.findByPk()
2023/10/23 08:58:01 [trace] [system.db.CDbCommand] Querying SQL: SELECT * FROM `addr` `t` WHERE `t`.`id`='142274923' LIMIT 1
2023/10/23 08:58:01 [trace] [system.db.ar.CActiveRecord] lazy loading ImParcel.cnee
2023/10/23 08:58:01 [trace] [system.db.CDbCommand] Querying SQL: SELECT `cnee`.`id` AS `t1_c0`, `cnee`.`owner_id` AS `t1_c1`, `cnee`.`cnid_id` AS `t1_c2`, `cnee`.`name` AS `t1_c3`, `cnee`.`company` AS `t1_c4`, `cnee`.`address` AS `t1_c5`, `cnee`.`suburb` AS `t1_c6`, `cnee`.`city` AS `t1_c7`, `cnee`.`state` AS `t1_c8`, `cnee`.`postcode` AS `t1_c9`, `cnee`.`country` AS `t1_c10`, `cnee`.`tel` AS `t1_c11`, `cnee`.`email` AS `t1_c12`, `cnee`.`acc` AS `t1_c13`, `cnee`.`cnid_no` AS `t1_c14` FROM `addr` `cnee`  WHERE (`cnee`.`id`=:ypl0)
2023/10/23 08:58:01 [trace] [system.db.ar.CActiveRecord] ImParcel.findByPk()
2023/10/23 08:58:01 [trace] [system.db.CDbCommand] Querying SQL: SELECT * FROM `shipment` `t` WHERE (`t`.`type`=10) AND (`t`.`id`='56382314') LIMIT 1
2023/10/23 08:58:01 [trace] [system.db.ar.CActiveRecord] ImParcel.update()
2023/10/23 08:58:01 [trace] [system.db.ar.CActiveRecord] ImParcel.updateByPk()
2023/10/23 08:58:01 [trace] [system.db.CDbCommand] Executing SQL: UPDATE `shipment` SET `type`=:yp0, `id`=:yp1, `owner_id`=:yp2, `agent_id`=:yp3, `consol_id`=:yp4, `man_id`=:yp5, `rec_id`=:yp6, `odpt_id`=:yp7, `ddpt_id`=:yp8, `cnor_id`=:yp9, `cnee_id`=:yp10, `receiver_id`=:yp11, `notify_id`=:yp12, `zr_id`=:yp13, `ot_id`=:yp14, `status`=:yp15, `pickup`=:yp16, `hbn`=:yp17, `ref`=:yp18, `cref`=:yp19, `pkg`=:yp20, `packages`=:yp21, `items`=:yp22, `state`=:yp23, `postcode`=:yp24, `value`=:yp25, `dvalue`=:yp26, `tariff`=:yp27, `insurance`=:yp28, `currency`=:yp29, `weight`=:yp30, `wtck`=:yp31, `cbm`=:yp32, `sac`=:yp33, `exm`=:yp34, `can`=:yp35, `bwf`=:yp36, `cbwf`=:yp37, `meta`=:yp38, `scan`=:yp39, `scan_no`=:yp40, `note`=:yp41, `created`=:yp42, `styp`=:yp43 WHERE `shipment`.`id`='56382314'
2023/10/23 08:58:01 [trace] [system.db.ar.CActiveRecord] Tracking.count()
2023/10/23 08:58:01 [trace] [system.db.CDbCommand] Querying SQL: SELECT COUNT(*) FROM `tracking` `t` WHERE pid = :pid AND type = :t
2023/10/23 08:58:01 [trace] [system.db.ar.CActiveRecord] lazy loading ImParcel.agent
2023/10/23 08:58:01 [trace] [system.db.CDbCommand] Querying SQL: SELECT `agent`.`id` AS `t1_c0`, `agent`.`pid` AS `t1_c1`, `agent`.`type` AS `t1_c2`, `agent`.`name` AS `t1_c3`, `agent`.`code` AS `t1_c4`, `agent`.`accode` AS `t1_c5`, `agent`.`abn` AS `t1_c6`, `agent`.`address` AS `t1_c7`, `agent`.`suburb` AS `t1_c8`, `agent`.`state` AS `t1_c9`, `agent`.`postcode` AS `t1_c10`, `agent`.`country` AS `t1_c11`, `agent`.`email` AS `t1_c12`, `agent`.`phone` AS `t1_c13`, `agent`.`fax` AS `t1_c14`, `agent`.`desc` AS `t1_c15`, `agent`.`status` AS `t1_c16`, `agent`.`meta` AS `t1_c17`, `agent`.`by` AS `t1_c18`, `agent`.`manager` AS `t1_c19`, `agent`.`nln` AS `t1_c20`, `agent`.`cargo_driver_type` AS `t1_c21`, `agent`.`hash` AS `t1_c22`, `agent`.`lat` AS `t1_c23`, `agent`.`lng` AS `t1_c24` FROM `org` `agent`  WHERE (`agent`.`id`=:ypl0)
2023/10/23 08:58:01 [trace] [system.db.ar.CActiveRecord] ImParcel.refresh()
2023/10/23 08:58:01 [trace] [system.db.ar.CActiveRecord] ImParcel.findByPk()
2023/10/23 08:58:01 [trace] [system.db.CDbCommand] Querying SQL: SELECT * FROM `shipment` `t` WHERE (`t`.`type`=10) AND (`t`.`id`='56382314') LIMIT 1
2023/10/23 08:58:01 [trace] [system.db.ar.CActiveRecord] lazy loading ImParcel.cargo_process
2023/10/23 08:58:01 [trace] [system.db.CDbCommand] Querying SQL: SELECT `cargo_process`.`id` AS `t1_c0`, `cargo_process`.`shipment_id` AS `t1_c1`, `cargo_process`.`status` AS `t1_c2`, `cargo_process`.`started` AS `t1_c3`, `cargo_process`.`date` AS `t1_c4`, `cargo_process`.`note` AS `t1_c5`, `cargo_process`.`driver_id` AS `t1_c6`, `cargo_process`.`cargo_receipt` AS `t1_c7`, `cargo_process`.`gate_pass_id` AS `t1_c8`, `cargo_process`.`agg_pod_id` AS `t1_c9`, `cargo_process`.`meta` AS `t1_c10`, `cargo_process`.`type` AS `t1_c11`, `cargo_process`.`caref` AS `t1_c12`, `cargo_process`.`sub_type` AS `t1_c13`, `cargo_process`.`dpt_id` AS `t1_c14`, `cargo_process`.`was_interstate` AS `t1_c15` FROM `cargo_process` `cargo_process`  WHERE (`cargo_process`.`shipment_id`=:ypl0) ORDER BY cargo_process.id desc
2023/10/23 08:58:01 [trace] [system.db.ar.CActiveRecord] lazy loading ImParcel.trans
2023/10/23 08:58:01 [trace] [system.db.CDbCommand] Querying SQL: SELECT `trans`.`id` AS `t1_c0`, `trans`.`pid` AS `t1_c1`, `trans`.`org_id` AS `t1_c2`, `trans`.`man_id` AS `t1_c3`, `trans`.`connote` AS `t1_c4`, `trans`.`time` AS `t1_c5`, `trans`.`type` AS `t1_c6`, `trans`.`status` AS `t1_c7`, `trans`.`meta` AS `t1_c8`, `trans`.`cost` AS `t1_c9` FROM `tranship` `trans`  WHERE (`trans`.`pid`=:ypl0)
2023/10/23 08:58:01 [trace] [system.db.ar.CActiveRecord] Log.insert()
2023/10/23 08:58:01 [trace] [system.db.CDbCommand] Executing SQL: INSERT INTO `log` (`type`, `model`, `lid`, `user_id`, `time`, `meta`) VALUES (:yp0, :yp1, :yp2, :yp3, :yp4, :yp5)
2023/10/23 08:58:01 [trace] [system.db.ar.CActiveRecord] ImParcel.findByPk()
2023/10/23 08:58:01 [trace] [system.db.CDbCommand] Querying SQL: SELECT * FROM `shipment` `t` WHERE (`t`.`type`=10) AND (`t`.`id`='56382315') LIMIT 1
2023/10/23 08:58:01 [trace] [system.db.ar.CActiveRecord] OrgRate.find()
2023/10/23 08:58:01 [trace] [system.db.CDbCommand] Querying SQL: SELECT * FROM `org_rate` `t` WHERE id = :id LIMIT 1
2023/10/23 08:58:01 [trace] [system.db.ar.CActiveRecord] Addr.findByPk()
2023/10/23 08:58:01 [trace] [system.db.CDbCommand] Querying SQL: SELECT * FROM `addr` `t` WHERE `t`.`id`='142274923' LIMIT 1
2023/10/23 08:58:01 [trace] [system.db.ar.CActiveRecord] lazy loading ImParcel.cnee
2023/10/23 08:58:01 [trace] [system.db.CDbCommand] Querying SQL: SELECT `cnee`.`id` AS `t1_c0`, `cnee`.`owner_id` AS `t1_c1`, `cnee`.`cnid_id` AS `t1_c2`, `cnee`.`name` AS `t1_c3`, `cnee`.`company` AS `t1_c4`, `cnee`.`address` AS `t1_c5`, `cnee`.`suburb` AS `t1_c6`, `cnee`.`city` AS `t1_c7`, `cnee`.`state` AS `t1_c8`, `cnee`.`postcode` AS `t1_c9`, `cnee`.`country` AS `t1_c10`, `cnee`.`tel` AS `t1_c11`, `cnee`.`email` AS `t1_c12`, `cnee`.`acc` AS `t1_c13`, `cnee`.`cnid_no` AS `t1_c14` FROM `addr` `cnee`  WHERE (`cnee`.`id`=:ypl0)
2023/10/23 08:58:01 [trace] [system.db.ar.CActiveRecord] ImParcel.findByPk()
2023/10/23 08:58:01 [trace] [system.db.CDbCommand] Querying SQL: SELECT * FROM `shipment` `t` WHERE (`t`.`type`=10) AND (`t`.`id`='56382315') LIMIT 1
2023/10/23 08:58:01 [trace] [system.db.ar.CActiveRecord] ImParcel.update()
2023/10/23 08:58:01 [trace] [system.db.ar.CActiveRecord] ImParcel.updateByPk()
2023/10/23 08:58:01 [trace] [system.db.CDbCommand] Executing SQL: UPDATE `shipment` SET `type`=:yp0, `id`=:yp1, `owner_id`=:yp2, `agent_id`=:yp3, `consol_id`=:yp4, `man_id`=:yp5, `rec_id`=:yp6, `odpt_id`=:yp7, `ddpt_id`=:yp8, `cnor_id`=:yp9, `cnee_id`=:yp10, `receiver_id`=:yp11, `notify_id`=:yp12, `zr_id`=:yp13, `ot_id`=:yp14, `status`=:yp15, `pickup`=:yp16, `hbn`=:yp17, `ref`=:yp18, `cref`=:yp19, `pkg`=:yp20, `packages`=:yp21, `items`=:yp22, `state`=:yp23, `postcode`=:yp24, `value`=:yp25, `dvalue`=:yp26, `tariff`=:yp27, `insurance`=:yp28, `currency`=:yp29, `weight`=:yp30, `wtck`=:yp31, `cbm`=:yp32, `sac`=:yp33, `exm`=:yp34, `can`=:yp35, `bwf`=:yp36, `cbwf`=:yp37, `meta`=:yp38, `scan`=:yp39, `scan_no`=:yp40, `note`=:yp41, `created`=:yp42, `styp`=:yp43 WHERE `shipment`.`id`='56382315'
2023/10/23 08:58:01 [trace] [system.db.ar.CActiveRecord] Tracking.count()
2023/10/23 08:58:01 [trace] [system.db.CDbCommand] Querying SQL: SELECT COUNT(*) FROM `tracking` `t` WHERE pid = :pid AND type = :t
2023/10/23 08:58:01 [trace] [system.db.ar.CActiveRecord] lazy loading ImParcel.agent
2023/10/23 08:58:01 [trace] [system.db.CDbCommand] Querying SQL: SELECT `agent`.`id` AS `t1_c0`, `agent`.`pid` AS `t1_c1`, `agent`.`type` AS `t1_c2`, `agent`.`name` AS `t1_c3`, `agent`.`code` AS `t1_c4`, `agent`.`accode` AS `t1_c5`, `agent`.`abn` AS `t1_c6`, `agent`.`address` AS `t1_c7`, `agent`.`suburb` AS `t1_c8`, `agent`.`state` AS `t1_c9`, `agent`.`postcode` AS `t1_c10`, `agent`.`country` AS `t1_c11`, `agent`.`email` AS `t1_c12`, `agent`.`phone` AS `t1_c13`, `agent`.`fax` AS `t1_c14`, `agent`.`desc` AS `t1_c15`, `agent`.`status` AS `t1_c16`, `agent`.`meta` AS `t1_c17`, `agent`.`by` AS `t1_c18`, `agent`.`manager` AS `t1_c19`, `agent`.`nln` AS `t1_c20`, `agent`.`cargo_driver_type` AS `t1_c21`, `agent`.`hash` AS `t1_c22`, `agent`.`lat` AS `t1_c23`, `agent`.`lng` AS `t1_c24` FROM `org` `agent`  WHERE (`agent`.`id`=:ypl0)
2023/10/23 08:58:01 [trace] [system.db.ar.CActiveRecord] ImParcel.refresh()
2023/10/23 08:58:01 [trace] [system.db.ar.CActiveRecord] ImParcel.findByPk()
2023/10/23 08:58:01 [trace] [system.db.CDbCommand] Querying SQL: SELECT * FROM `shipment` `t` WHERE (`t`.`type`=10) AND (`t`.`id`='56382315') LIMIT 1
2023/10/23 08:58:01 [trace] [system.db.ar.CActiveRecord] lazy loading ImParcel.cargo_process
2023/10/23 08:58:01 [trace] [system.db.CDbCommand] Querying SQL: SELECT `cargo_process`.`id` AS `t1_c0`, `cargo_process`.`shipment_id` AS `t1_c1`, `cargo_process`.`status` AS `t1_c2`, `cargo_process`.`started` AS `t1_c3`, `cargo_process`.`date` AS `t1_c4`, `cargo_process`.`note` AS `t1_c5`, `cargo_process`.`driver_id` AS `t1_c6`, `cargo_process`.`cargo_receipt` AS `t1_c7`, `cargo_process`.`gate_pass_id` AS `t1_c8`, `cargo_process`.`agg_pod_id` AS `t1_c9`, `cargo_process`.`meta` AS `t1_c10`, `cargo_process`.`type` AS `t1_c11`, `cargo_process`.`caref` AS `t1_c12`, `cargo_process`.`sub_type` AS `t1_c13`, `cargo_process`.`dpt_id` AS `t1_c14`, `cargo_process`.`was_interstate` AS `t1_c15` FROM `cargo_process` `cargo_process`  WHERE (`cargo_process`.`shipment_id`=:ypl0) ORDER BY cargo_process.id desc
2023/10/23 08:58:01 [trace] [system.db.ar.CActiveRecord] lazy loading ImParcel.trans
2023/10/23 08:58:01 [trace] [system.db.CDbCommand] Querying SQL: SELECT `trans`.`id` AS `t1_c0`, `trans`.`pid` AS `t1_c1`, `trans`.`org_id` AS `t1_c2`, `trans`.`man_id` AS `t1_c3`, `trans`.`connote` AS `t1_c4`, `trans`.`time` AS `t1_c5`, `trans`.`type` AS `t1_c6`, `trans`.`status` AS `t1_c7`, `trans`.`meta` AS `t1_c8`, `trans`.`cost` AS `t1_c9` FROM `tranship` `trans`  WHERE (`trans`.`pid`=:ypl0)
2023/10/23 08:58:01 [trace] [system.db.ar.CActiveRecord] Log.insert()
2023/10/23 08:58:01 [trace] [system.db.CDbCommand] Executing SQL: INSERT INTO `log` (`type`, `model`, `lid`, `user_id`, `time`, `meta`) VALUES (:yp0, :yp1, :yp2, :yp3, :yp4, :yp5)
2023/10/23 08:59:19 [trace] [system.db.CDbConnection] Opening DB connection
2023/10/23 08:59:21 [trace] [system.db.CDbCommand] Querying SQL: SHOW FULL COLUMNS FROM `shipment`
2023/10/23 08:59:21 [trace] [system.db.CDbCommand] Querying SQL: SHOW CREATE TABLE `shipment`
2023/10/23 08:59:21 [trace] [system.db.ar.CActiveRecord] ImParcel.findByPk()
2023/10/23 08:59:21 [trace] [system.db.CDbCommand] Querying SQL: SELECT * FROM `shipment` `t` WHERE (`t`.`type`=10) AND (`t`.`id`='56382311') LIMIT 1
2023/10/23 08:59:21 [trace] [system.db.ar.CActiveRecord] OrgRate.find()
2023/10/23 08:59:21 [trace] [system.db.CDbCommand] Querying SQL: SHOW FULL COLUMNS FROM `org_rate`
2023/10/23 08:59:21 [trace] [system.db.CDbCommand] Querying SQL: SHOW CREATE TABLE `org_rate`
2023/10/23 08:59:21 [trace] [system.db.CDbCommand] Querying SQL: SELECT * FROM `org_rate` `t` WHERE id = :id LIMIT 1
2023/10/23 08:59:21 [trace] [system.db.ar.CActiveRecord] Addr.findByPk()
2023/10/23 08:59:21 [trace] [system.db.CDbCommand] Querying SQL: SHOW FULL COLUMNS FROM `addr`
2023/10/23 08:59:21 [trace] [system.db.CDbCommand] Querying SQL: SHOW CREATE TABLE `addr`
2023/10/23 08:59:21 [trace] [system.db.CDbCommand] Querying SQL: SELECT * FROM `addr` `t` WHERE `t`.`id`='142274894' LIMIT 1
2023/10/23 08:59:21 [trace] [system.db.ar.CActiveRecord] lazy loading ImParcel.cnee
2023/10/23 08:59:21 [trace] [system.db.CDbCommand] Querying SQL: SELECT `cnee`.`id` AS `t1_c0`, `cnee`.`owner_id` AS `t1_c1`, `cnee`.`cnid_id` AS `t1_c2`, `cnee`.`name` AS `t1_c3`, `cnee`.`company` AS `t1_c4`, `cnee`.`address` AS `t1_c5`, `cnee`.`suburb` AS `t1_c6`, `cnee`.`city` AS `t1_c7`, `cnee`.`state` AS `t1_c8`, `cnee`.`postcode` AS `t1_c9`, `cnee`.`country` AS `t1_c10`, `cnee`.`tel` AS `t1_c11`, `cnee`.`email` AS `t1_c12`, `cnee`.`acc` AS `t1_c13`, `cnee`.`cnid_no` AS `t1_c14` FROM `addr` `cnee`  WHERE (`cnee`.`id`=:ypl0)
2023/10/23 08:59:23 [trace] [system.db.ar.CActiveRecord] ImParcel.findByPk()
2023/10/23 08:59:23 [trace] [system.db.CDbCommand] Querying SQL: SELECT * FROM `shipment` `t` WHERE (`t`.`type`=10) AND (`t`.`id`='56382311') LIMIT 1
2023/10/23 08:59:23 [trace] [system.db.ar.CActiveRecord] ImParcel.update()
2023/10/23 08:59:23 [trace] [system.db.ar.CActiveRecord] ImParcel.updateByPk()
2023/10/23 08:59:23 [trace] [system.db.CDbCommand] Executing SQL: UPDATE `shipment` SET `type`=:yp0, `id`=:yp1, `owner_id`=:yp2, `agent_id`=:yp3, `consol_id`=:yp4, `man_id`=:yp5, `rec_id`=:yp6, `odpt_id`=:yp7, `ddpt_id`=:yp8, `cnor_id`=:yp9, `cnee_id`=:yp10, `receiver_id`=:yp11, `notify_id`=:yp12, `zr_id`=:yp13, `ot_id`=:yp14, `status`=:yp15, `pickup`=:yp16, `hbn`=:yp17, `ref`=:yp18, `cref`=:yp19, `pkg`=:yp20, `packages`=:yp21, `items`=:yp22, `state`=:yp23, `postcode`=:yp24, `value`=:yp25, `dvalue`=:yp26, `tariff`=:yp27, `insurance`=:yp28, `currency`=:yp29, `weight`=:yp30, `wtck`=:yp31, `cbm`=:yp32, `sac`=:yp33, `exm`=:yp34, `can`=:yp35, `bwf`=:yp36, `cbwf`=:yp37, `meta`=:yp38, `scan`=:yp39, `scan_no`=:yp40, `note`=:yp41, `created`=:yp42, `styp`=:yp43 WHERE `shipment`.`id`='56382311'
2023/10/23 08:59:23 [trace] [system.db.ar.CActiveRecord] Tracking.count()
2023/10/23 08:59:23 [trace] [system.db.CDbCommand] Querying SQL: SHOW FULL COLUMNS FROM `tracking`
2023/10/23 08:59:23 [trace] [system.db.CDbCommand] Querying SQL: SHOW CREATE TABLE `tracking`
2023/10/23 08:59:23 [trace] [system.db.CDbCommand] Querying SQL: SELECT COUNT(*) FROM `tracking` `t` WHERE pid = :pid AND type = :t
2023/10/23 08:59:23 [trace] [system.db.ar.CActiveRecord] lazy loading ImParcel.agent
2023/10/23 08:59:23 [trace] [system.db.CDbCommand] Querying SQL: SHOW FULL COLUMNS FROM `org`
2023/10/23 08:59:23 [trace] [system.db.CDbCommand] Querying SQL: SHOW CREATE TABLE `org`
2023/10/23 08:59:23 [trace] [system.db.CDbCommand] Querying SQL: SELECT `agent`.`id` AS `t1_c0`, `agent`.`pid` AS `t1_c1`, `agent`.`type` AS `t1_c2`, `agent`.`name` AS `t1_c3`, `agent`.`code` AS `t1_c4`, `agent`.`accode` AS `t1_c5`, `agent`.`abn` AS `t1_c6`, `agent`.`address` AS `t1_c7`, `agent`.`suburb` AS `t1_c8`, `agent`.`state` AS `t1_c9`, `agent`.`postcode` AS `t1_c10`, `agent`.`country` AS `t1_c11`, `agent`.`email` AS `t1_c12`, `agent`.`phone` AS `t1_c13`, `agent`.`fax` AS `t1_c14`, `agent`.`desc` AS `t1_c15`, `agent`.`status` AS `t1_c16`, `agent`.`meta` AS `t1_c17`, `agent`.`by` AS `t1_c18`, `agent`.`manager` AS `t1_c19`, `agent`.`nln` AS `t1_c20`, `agent`.`cargo_driver_type` AS `t1_c21`, `agent`.`hash` AS `t1_c22`, `agent`.`lat` AS `t1_c23`, `agent`.`lng` AS `t1_c24` FROM `org` `agent`  WHERE (`agent`.`id`=:ypl0)
2023/10/23 08:59:23 [trace] [system.db.ar.CActiveRecord] ImParcel.refresh()
2023/10/23 08:59:23 [trace] [system.db.ar.CActiveRecord] ImParcel.findByPk()
2023/10/23 08:59:23 [trace] [system.db.CDbCommand] Querying SQL: SELECT * FROM `shipment` `t` WHERE (`t`.`type`=10) AND (`t`.`id`='56382311') LIMIT 1
2023/10/23 08:59:23 [trace] [system.db.ar.CActiveRecord] lazy loading ImParcel.cargo_process
2023/10/23 08:59:23 [trace] [system.db.CDbCommand] Querying SQL: SHOW FULL COLUMNS FROM `cargo_process`
2023/10/23 08:59:23 [trace] [system.db.CDbCommand] Querying SQL: SHOW CREATE TABLE `cargo_process`
2023/10/23 08:59:23 [trace] [system.db.CDbCommand] Querying SQL: SELECT `cargo_process`.`id` AS `t1_c0`, `cargo_process`.`shipment_id` AS `t1_c1`, `cargo_process`.`status` AS `t1_c2`, `cargo_process`.`started` AS `t1_c3`, `cargo_process`.`date` AS `t1_c4`, `cargo_process`.`note` AS `t1_c5`, `cargo_process`.`driver_id` AS `t1_c6`, `cargo_process`.`cargo_receipt` AS `t1_c7`, `cargo_process`.`gate_pass_id` AS `t1_c8`, `cargo_process`.`agg_pod_id` AS `t1_c9`, `cargo_process`.`meta` AS `t1_c10`, `cargo_process`.`type` AS `t1_c11`, `cargo_process`.`caref` AS `t1_c12`, `cargo_process`.`sub_type` AS `t1_c13`, `cargo_process`.`dpt_id` AS `t1_c14`, `cargo_process`.`was_interstate` AS `t1_c15` FROM `cargo_process` `cargo_process`  WHERE (`cargo_process`.`shipment_id`=:ypl0) ORDER BY cargo_process.id desc
2023/10/23 08:59:23 [trace] [system.db.ar.CActiveRecord] lazy loading ImParcel.trans
2023/10/23 08:59:23 [trace] [system.db.CDbCommand] Querying SQL: SHOW FULL COLUMNS FROM `tranship`
2023/10/23 08:59:23 [trace] [system.db.CDbCommand] Querying SQL: SHOW CREATE TABLE `tranship`
2023/10/23 08:59:23 [trace] [system.db.CDbCommand] Querying SQL: SELECT `trans`.`id` AS `t1_c0`, `trans`.`pid` AS `t1_c1`, `trans`.`org_id` AS `t1_c2`, `trans`.`man_id` AS `t1_c3`, `trans`.`connote` AS `t1_c4`, `trans`.`time` AS `t1_c5`, `trans`.`type` AS `t1_c6`, `trans`.`status` AS `t1_c7`, `trans`.`meta` AS `t1_c8`, `trans`.`cost` AS `t1_c9` FROM `tranship` `trans`  WHERE (`trans`.`pid`=:ypl0)
2023/10/23 08:59:23 [trace] [system.db.CDbCommand] Querying SQL: SHOW FULL COLUMNS FROM `log`
2023/10/23 08:59:23 [trace] [system.db.CDbCommand] Querying SQL: SHOW CREATE TABLE `log`
2023/10/23 08:59:23 [trace] [system.db.ar.CActiveRecord] Log.insert()
2023/10/23 08:59:23 [trace] [system.db.CDbCommand] Executing SQL: INSERT INTO `log` (`type`, `model`, `lid`, `user_id`, `time`, `meta`) VALUES (:yp0, :yp1, :yp2, :yp3, :yp4, :yp5)
2023/10/23 08:59:23 [trace] [system.db.ar.CActiveRecord] ImParcel.findByPk()
2023/10/23 08:59:23 [trace] [system.db.CDbCommand] Querying SQL: SELECT * FROM `shipment` `t` WHERE (`t`.`type`=10) AND (`t`.`id`='56382314') LIMIT 1
2023/10/23 08:59:23 [trace] [system.db.ar.CActiveRecord] OrgRate.find()
2023/10/23 08:59:23 [trace] [system.db.CDbCommand] Querying SQL: SELECT * FROM `org_rate` `t` WHERE id = :id LIMIT 1
2023/10/23 08:59:23 [trace] [system.db.ar.CActiveRecord] Addr.findByPk()
2023/10/23 08:59:23 [trace] [system.db.CDbCommand] Querying SQL: SELECT * FROM `addr` `t` WHERE `t`.`id`='142274923' LIMIT 1
2023/10/23 08:59:23 [trace] [system.db.ar.CActiveRecord] lazy loading ImParcel.cnee
2023/10/23 08:59:23 [trace] [system.db.CDbCommand] Querying SQL: SELECT `cnee`.`id` AS `t1_c0`, `cnee`.`owner_id` AS `t1_c1`, `cnee`.`cnid_id` AS `t1_c2`, `cnee`.`name` AS `t1_c3`, `cnee`.`company` AS `t1_c4`, `cnee`.`address` AS `t1_c5`, `cnee`.`suburb` AS `t1_c6`, `cnee`.`city` AS `t1_c7`, `cnee`.`state` AS `t1_c8`, `cnee`.`postcode` AS `t1_c9`, `cnee`.`country` AS `t1_c10`, `cnee`.`tel` AS `t1_c11`, `cnee`.`email` AS `t1_c12`, `cnee`.`acc` AS `t1_c13`, `cnee`.`cnid_no` AS `t1_c14` FROM `addr` `cnee`  WHERE (`cnee`.`id`=:ypl0)
2023/10/23 08:59:23 [trace] [system.db.ar.CActiveRecord] ImParcel.findByPk()
2023/10/23 08:59:23 [trace] [system.db.CDbCommand] Querying SQL: SELECT * FROM `shipment` `t` WHERE (`t`.`type`=10) AND (`t`.`id`='56382314') LIMIT 1
2023/10/23 08:59:23 [trace] [system.db.ar.CActiveRecord] ImParcel.update()
2023/10/23 08:59:23 [trace] [system.db.ar.CActiveRecord] ImParcel.updateByPk()
2023/10/23 08:59:23 [trace] [system.db.CDbCommand] Executing SQL: UPDATE `shipment` SET `type`=:yp0, `id`=:yp1, `owner_id`=:yp2, `agent_id`=:yp3, `consol_id`=:yp4, `man_id`=:yp5, `rec_id`=:yp6, `odpt_id`=:yp7, `ddpt_id`=:yp8, `cnor_id`=:yp9, `cnee_id`=:yp10, `receiver_id`=:yp11, `notify_id`=:yp12, `zr_id`=:yp13, `ot_id`=:yp14, `status`=:yp15, `pickup`=:yp16, `hbn`=:yp17, `ref`=:yp18, `cref`=:yp19, `pkg`=:yp20, `packages`=:yp21, `items`=:yp22, `state`=:yp23, `postcode`=:yp24, `value`=:yp25, `dvalue`=:yp26, `tariff`=:yp27, `insurance`=:yp28, `currency`=:yp29, `weight`=:yp30, `wtck`=:yp31, `cbm`=:yp32, `sac`=:yp33, `exm`=:yp34, `can`=:yp35, `bwf`=:yp36, `cbwf`=:yp37, `meta`=:yp38, `scan`=:yp39, `scan_no`=:yp40, `note`=:yp41, `created`=:yp42, `styp`=:yp43 WHERE `shipment`.`id`='56382314'
2023/10/23 08:59:23 [trace] [system.db.ar.CActiveRecord] Tracking.count()
2023/10/23 08:59:23 [trace] [system.db.CDbCommand] Querying SQL: SELECT COUNT(*) FROM `tracking` `t` WHERE pid = :pid AND type = :t
2023/10/23 08:59:23 [trace] [system.db.ar.CActiveRecord] lazy loading ImParcel.agent
2023/10/23 08:59:23 [trace] [system.db.CDbCommand] Querying SQL: SELECT `agent`.`id` AS `t1_c0`, `agent`.`pid` AS `t1_c1`, `agent`.`type` AS `t1_c2`, `agent`.`name` AS `t1_c3`, `agent`.`code` AS `t1_c4`, `agent`.`accode` AS `t1_c5`, `agent`.`abn` AS `t1_c6`, `agent`.`address` AS `t1_c7`, `agent`.`suburb` AS `t1_c8`, `agent`.`state` AS `t1_c9`, `agent`.`postcode` AS `t1_c10`, `agent`.`country` AS `t1_c11`, `agent`.`email` AS `t1_c12`, `agent`.`phone` AS `t1_c13`, `agent`.`fax` AS `t1_c14`, `agent`.`desc` AS `t1_c15`, `agent`.`status` AS `t1_c16`, `agent`.`meta` AS `t1_c17`, `agent`.`by` AS `t1_c18`, `agent`.`manager` AS `t1_c19`, `agent`.`nln` AS `t1_c20`, `agent`.`cargo_driver_type` AS `t1_c21`, `agent`.`hash` AS `t1_c22`, `agent`.`lat` AS `t1_c23`, `agent`.`lng` AS `t1_c24` FROM `org` `agent`  WHERE (`agent`.`id`=:ypl0)
2023/10/23 08:59:23 [trace] [system.db.ar.CActiveRecord] ImParcel.refresh()
2023/10/23 08:59:23 [trace] [system.db.ar.CActiveRecord] ImParcel.findByPk()
2023/10/23 08:59:23 [trace] [system.db.CDbCommand] Querying SQL: SELECT * FROM `shipment` `t` WHERE (`t`.`type`=10) AND (`t`.`id`='56382314') LIMIT 1
2023/10/23 08:59:23 [trace] [system.db.ar.CActiveRecord] lazy loading ImParcel.cargo_process
2023/10/23 08:59:23 [trace] [system.db.CDbCommand] Querying SQL: SELECT `cargo_process`.`id` AS `t1_c0`, `cargo_process`.`shipment_id` AS `t1_c1`, `cargo_process`.`status` AS `t1_c2`, `cargo_process`.`started` AS `t1_c3`, `cargo_process`.`date` AS `t1_c4`, `cargo_process`.`note` AS `t1_c5`, `cargo_process`.`driver_id` AS `t1_c6`, `cargo_process`.`cargo_receipt` AS `t1_c7`, `cargo_process`.`gate_pass_id` AS `t1_c8`, `cargo_process`.`agg_pod_id` AS `t1_c9`, `cargo_process`.`meta` AS `t1_c10`, `cargo_process`.`type` AS `t1_c11`, `cargo_process`.`caref` AS `t1_c12`, `cargo_process`.`sub_type` AS `t1_c13`, `cargo_process`.`dpt_id` AS `t1_c14`, `cargo_process`.`was_interstate` AS `t1_c15` FROM `cargo_process` `cargo_process`  WHERE (`cargo_process`.`shipment_id`=:ypl0) ORDER BY cargo_process.id desc
2023/10/23 08:59:23 [trace] [system.db.ar.CActiveRecord] lazy loading ImParcel.trans
2023/10/23 08:59:23 [trace] [system.db.CDbCommand] Querying SQL: SELECT `trans`.`id` AS `t1_c0`, `trans`.`pid` AS `t1_c1`, `trans`.`org_id` AS `t1_c2`, `trans`.`man_id` AS `t1_c3`, `trans`.`connote` AS `t1_c4`, `trans`.`time` AS `t1_c5`, `trans`.`type` AS `t1_c6`, `trans`.`status` AS `t1_c7`, `trans`.`meta` AS `t1_c8`, `trans`.`cost` AS `t1_c9` FROM `tranship` `trans`  WHERE (`trans`.`pid`=:ypl0)
2023/10/23 08:59:23 [trace] [system.db.ar.CActiveRecord] Log.insert()
2023/10/23 08:59:23 [trace] [system.db.CDbCommand] Executing SQL: INSERT INTO `log` (`type`, `model`, `lid`, `user_id`, `time`, `meta`) VALUES (:yp0, :yp1, :yp2, :yp3, :yp4, :yp5)
2023/10/23 08:59:23 [trace] [system.db.ar.CActiveRecord] ImParcel.findByPk()
2023/10/23 08:59:23 [trace] [system.db.CDbCommand] Querying SQL: SELECT * FROM `shipment` `t` WHERE (`t`.`type`=10) AND (`t`.`id`='56382315') LIMIT 1
2023/10/23 08:59:23 [trace] [system.db.ar.CActiveRecord] OrgRate.find()
2023/10/23 08:59:23 [trace] [system.db.CDbCommand] Querying SQL: SELECT * FROM `org_rate` `t` WHERE id = :id LIMIT 1
2023/10/23 08:59:23 [trace] [system.db.ar.CActiveRecord] Addr.findByPk()
2023/10/23 08:59:23 [trace] [system.db.CDbCommand] Querying SQL: SELECT * FROM `addr` `t` WHERE `t`.`id`='142274923' LIMIT 1
2023/10/23 08:59:23 [trace] [system.db.ar.CActiveRecord] lazy loading ImParcel.cnee
2023/10/23 08:59:23 [trace] [system.db.CDbCommand] Querying SQL: SELECT `cnee`.`id` AS `t1_c0`, `cnee`.`owner_id` AS `t1_c1`, `cnee`.`cnid_id` AS `t1_c2`, `cnee`.`name` AS `t1_c3`, `cnee`.`company` AS `t1_c4`, `cnee`.`address` AS `t1_c5`, `cnee`.`suburb` AS `t1_c6`, `cnee`.`city` AS `t1_c7`, `cnee`.`state` AS `t1_c8`, `cnee`.`postcode` AS `t1_c9`, `cnee`.`country` AS `t1_c10`, `cnee`.`tel` AS `t1_c11`, `cnee`.`email` AS `t1_c12`, `cnee`.`acc` AS `t1_c13`, `cnee`.`cnid_no` AS `t1_c14` FROM `addr` `cnee`  WHERE (`cnee`.`id`=:ypl0)
2023/10/23 08:59:24 [trace] [system.db.ar.CActiveRecord] ImParcel.findByPk()
2023/10/23 08:59:24 [trace] [system.db.CDbCommand] Querying SQL: SELECT * FROM `shipment` `t` WHERE (`t`.`type`=10) AND (`t`.`id`='56382315') LIMIT 1
2023/10/23 08:59:24 [trace] [system.db.ar.CActiveRecord] ImParcel.update()
2023/10/23 08:59:24 [trace] [system.db.ar.CActiveRecord] ImParcel.updateByPk()
2023/10/23 08:59:24 [trace] [system.db.CDbCommand] Executing SQL: UPDATE `shipment` SET `type`=:yp0, `id`=:yp1, `owner_id`=:yp2, `agent_id`=:yp3, `consol_id`=:yp4, `man_id`=:yp5, `rec_id`=:yp6, `odpt_id`=:yp7, `ddpt_id`=:yp8, `cnor_id`=:yp9, `cnee_id`=:yp10, `receiver_id`=:yp11, `notify_id`=:yp12, `zr_id`=:yp13, `ot_id`=:yp14, `status`=:yp15, `pickup`=:yp16, `hbn`=:yp17, `ref`=:yp18, `cref`=:yp19, `pkg`=:yp20, `packages`=:yp21, `items`=:yp22, `state`=:yp23, `postcode`=:yp24, `value`=:yp25, `dvalue`=:yp26, `tariff`=:yp27, `insurance`=:yp28, `currency`=:yp29, `weight`=:yp30, `wtck`=:yp31, `cbm`=:yp32, `sac`=:yp33, `exm`=:yp34, `can`=:yp35, `bwf`=:yp36, `cbwf`=:yp37, `meta`=:yp38, `scan`=:yp39, `scan_no`=:yp40, `note`=:yp41, `created`=:yp42, `styp`=:yp43 WHERE `shipment`.`id`='56382315'
2023/10/23 08:59:24 [trace] [system.db.ar.CActiveRecord] Tracking.count()
2023/10/23 08:59:24 [trace] [system.db.CDbCommand] Querying SQL: SELECT COUNT(*) FROM `tracking` `t` WHERE pid = :pid AND type = :t
2023/10/23 08:59:24 [trace] [system.db.ar.CActiveRecord] lazy loading ImParcel.agent
2023/10/23 08:59:24 [trace] [system.db.CDbCommand] Querying SQL: SELECT `agent`.`id` AS `t1_c0`, `agent`.`pid` AS `t1_c1`, `agent`.`type` AS `t1_c2`, `agent`.`name` AS `t1_c3`, `agent`.`code` AS `t1_c4`, `agent`.`accode` AS `t1_c5`, `agent`.`abn` AS `t1_c6`, `agent`.`address` AS `t1_c7`, `agent`.`suburb` AS `t1_c8`, `agent`.`state` AS `t1_c9`, `agent`.`postcode` AS `t1_c10`, `agent`.`country` AS `t1_c11`, `agent`.`email` AS `t1_c12`, `agent`.`phone` AS `t1_c13`, `agent`.`fax` AS `t1_c14`, `agent`.`desc` AS `t1_c15`, `agent`.`status` AS `t1_c16`, `agent`.`meta` AS `t1_c17`, `agent`.`by` AS `t1_c18`, `agent`.`manager` AS `t1_c19`, `agent`.`nln` AS `t1_c20`, `agent`.`cargo_driver_type` AS `t1_c21`, `agent`.`hash` AS `t1_c22`, `agent`.`lat` AS `t1_c23`, `agent`.`lng` AS `t1_c24` FROM `org` `agent`  WHERE (`agent`.`id`=:ypl0)
2023/10/23 08:59:24 [trace] [system.db.ar.CActiveRecord] ImParcel.refresh()
2023/10/23 08:59:24 [trace] [system.db.ar.CActiveRecord] ImParcel.findByPk()
2023/10/23 08:59:24 [trace] [system.db.CDbCommand] Querying SQL: SELECT * FROM `shipment` `t` WHERE (`t`.`type`=10) AND (`t`.`id`='56382315') LIMIT 1
2023/10/23 08:59:24 [trace] [system.db.ar.CActiveRecord] lazy loading ImParcel.cargo_process
2023/10/23 08:59:24 [trace] [system.db.CDbCommand] Querying SQL: SELECT `cargo_process`.`id` AS `t1_c0`, `cargo_process`.`shipment_id` AS `t1_c1`, `cargo_process`.`status` AS `t1_c2`, `cargo_process`.`started` AS `t1_c3`, `cargo_process`.`date` AS `t1_c4`, `cargo_process`.`note` AS `t1_c5`, `cargo_process`.`driver_id` AS `t1_c6`, `cargo_process`.`cargo_receipt` AS `t1_c7`, `cargo_process`.`gate_pass_id` AS `t1_c8`, `cargo_process`.`agg_pod_id` AS `t1_c9`, `cargo_process`.`meta` AS `t1_c10`, `cargo_process`.`type` AS `t1_c11`, `cargo_process`.`caref` AS `t1_c12`, `cargo_process`.`sub_type` AS `t1_c13`, `cargo_process`.`dpt_id` AS `t1_c14`, `cargo_process`.`was_interstate` AS `t1_c15` FROM `cargo_process` `cargo_process`  WHERE (`cargo_process`.`shipment_id`=:ypl0) ORDER BY cargo_process.id desc
2023/10/23 08:59:24 [trace] [system.db.ar.CActiveRecord] lazy loading ImParcel.trans
2023/10/23 08:59:24 [trace] [system.db.CDbCommand] Querying SQL: SELECT `trans`.`id` AS `t1_c0`, `trans`.`pid` AS `t1_c1`, `trans`.`org_id` AS `t1_c2`, `trans`.`man_id` AS `t1_c3`, `trans`.`connote` AS `t1_c4`, `trans`.`time` AS `t1_c5`, `trans`.`type` AS `t1_c6`, `trans`.`status` AS `t1_c7`, `trans`.`meta` AS `t1_c8`, `trans`.`cost` AS `t1_c9` FROM `tranship` `trans`  WHERE (`trans`.`pid`=:ypl0)
2023/10/23 08:59:24 [trace] [system.db.ar.CActiveRecord] Log.insert()
2023/10/23 08:59:24 [trace] [system.db.CDbCommand] Executing SQL: INSERT INTO `log` (`type`, `model`, `lid`, `user_id`, `time`, `meta`) VALUES (:yp0, :yp1, :yp2, :yp3, :yp4, :yp5)
2023/10/23 09:04:55 [trace] [system.db.CDbConnection] Opening DB connection
2023/10/23 09:04:57 [trace] [system.db.CDbCommand] Querying SQL: SHOW FULL COLUMNS FROM `shipment`
2023/10/23 09:04:57 [trace] [system.db.CDbCommand] Querying SQL: SHOW CREATE TABLE `shipment`
2023/10/23 09:04:57 [trace] [system.db.ar.CActiveRecord] ImParcel.findByPk()
2023/10/23 09:04:57 [trace] [system.db.CDbCommand] Querying SQL: SELECT * FROM `shipment` `t` WHERE (`t`.`type`=10) AND (`t`.`id`='56382314') LIMIT 1
2023/10/23 09:04:57 [trace] [system.db.ar.CActiveRecord] OrgRate.find()
2023/10/23 09:04:57 [trace] [system.db.CDbCommand] Querying SQL: SHOW FULL COLUMNS FROM `org_rate`
2023/10/23 09:04:57 [trace] [system.db.CDbCommand] Querying SQL: SHOW CREATE TABLE `org_rate`
2023/10/23 09:04:57 [trace] [system.db.CDbCommand] Querying SQL: SELECT * FROM `org_rate` `t` WHERE id = :id LIMIT 1
2023/10/23 09:04:57 [trace] [system.db.ar.CActiveRecord] Addr.findByPk()
2023/10/23 09:04:57 [trace] [system.db.CDbCommand] Querying SQL: SHOW FULL COLUMNS FROM `addr`
2023/10/23 09:04:57 [trace] [system.db.CDbCommand] Querying SQL: SHOW CREATE TABLE `addr`
2023/10/23 09:04:57 [trace] [system.db.CDbCommand] Querying SQL: SELECT * FROM `addr` `t` WHERE `t`.`id`='142274923' LIMIT 1
2023/10/23 09:04:57 [trace] [system.db.ar.CActiveRecord] lazy loading ImParcel.cnee
2023/10/23 09:04:57 [trace] [system.db.CDbCommand] Querying SQL: SELECT `cnee`.`id` AS `t1_c0`, `cnee`.`owner_id` AS `t1_c1`, `cnee`.`cnid_id` AS `t1_c2`, `cnee`.`name` AS `t1_c3`, `cnee`.`company` AS `t1_c4`, `cnee`.`address` AS `t1_c5`, `cnee`.`suburb` AS `t1_c6`, `cnee`.`city` AS `t1_c7`, `cnee`.`state` AS `t1_c8`, `cnee`.`postcode` AS `t1_c9`, `cnee`.`country` AS `t1_c10`, `cnee`.`tel` AS `t1_c11`, `cnee`.`email` AS `t1_c12`, `cnee`.`acc` AS `t1_c13`, `cnee`.`cnid_no` AS `t1_c14` FROM `addr` `cnee`  WHERE (`cnee`.`id`=:ypl0)
2023/10/23 09:04:58 [trace] [system.db.ar.CActiveRecord] ImParcel.findByPk()
2023/10/23 09:04:58 [trace] [system.db.CDbCommand] Querying SQL: SELECT * FROM `shipment` `t` WHERE (`t`.`type`=10) AND (`t`.`id`='56382314') LIMIT 1
2023/10/23 09:04:58 [trace] [system.db.ar.CActiveRecord] ImParcel.update()
2023/10/23 09:04:58 [trace] [system.db.ar.CActiveRecord] ImParcel.updateByPk()
2023/10/23 09:04:58 [trace] [system.db.CDbCommand] Executing SQL: UPDATE `shipment` SET `type`=:yp0, `id`=:yp1, `owner_id`=:yp2, `agent_id`=:yp3, `consol_id`=:yp4, `man_id`=:yp5, `rec_id`=:yp6, `odpt_id`=:yp7, `ddpt_id`=:yp8, `cnor_id`=:yp9, `cnee_id`=:yp10, `receiver_id`=:yp11, `notify_id`=:yp12, `zr_id`=:yp13, `ot_id`=:yp14, `status`=:yp15, `pickup`=:yp16, `hbn`=:yp17, `ref`=:yp18, `cref`=:yp19, `pkg`=:yp20, `packages`=:yp21, `items`=:yp22, `state`=:yp23, `postcode`=:yp24, `value`=:yp25, `dvalue`=:yp26, `tariff`=:yp27, `insurance`=:yp28, `currency`=:yp29, `weight`=:yp30, `wtck`=:yp31, `cbm`=:yp32, `sac`=:yp33, `exm`=:yp34, `can`=:yp35, `bwf`=:yp36, `cbwf`=:yp37, `meta`=:yp38, `scan`=:yp39, `scan_no`=:yp40, `note`=:yp41, `created`=:yp42, `styp`=:yp43 WHERE `shipment`.`id`='56382314'
2023/10/23 09:04:58 [trace] [system.db.ar.CActiveRecord] Tracking.count()
2023/10/23 09:04:58 [trace] [system.db.CDbCommand] Querying SQL: SHOW FULL COLUMNS FROM `tracking`
2023/10/23 09:04:58 [trace] [system.db.CDbCommand] Querying SQL: SHOW CREATE TABLE `tracking`
2023/10/23 09:04:58 [trace] [system.db.CDbCommand] Querying SQL: SELECT COUNT(*) FROM `tracking` `t` WHERE pid = :pid AND type = :t
2023/10/23 09:04:58 [trace] [system.db.ar.CActiveRecord] lazy loading ImParcel.agent
2023/10/23 09:04:58 [trace] [system.db.CDbCommand] Querying SQL: SHOW FULL COLUMNS FROM `org`
2023/10/23 09:04:58 [trace] [system.db.CDbCommand] Querying SQL: SHOW CREATE TABLE `org`
2023/10/23 09:04:58 [trace] [system.db.CDbCommand] Querying SQL: SELECT `agent`.`id` AS `t1_c0`, `agent`.`pid` AS `t1_c1`, `agent`.`type` AS `t1_c2`, `agent`.`name` AS `t1_c3`, `agent`.`code` AS `t1_c4`, `agent`.`accode` AS `t1_c5`, `agent`.`abn` AS `t1_c6`, `agent`.`address` AS `t1_c7`, `agent`.`suburb` AS `t1_c8`, `agent`.`state` AS `t1_c9`, `agent`.`postcode` AS `t1_c10`, `agent`.`country` AS `t1_c11`, `agent`.`email` AS `t1_c12`, `agent`.`phone` AS `t1_c13`, `agent`.`fax` AS `t1_c14`, `agent`.`desc` AS `t1_c15`, `agent`.`status` AS `t1_c16`, `agent`.`meta` AS `t1_c17`, `agent`.`by` AS `t1_c18`, `agent`.`manager` AS `t1_c19`, `agent`.`nln` AS `t1_c20`, `agent`.`cargo_driver_type` AS `t1_c21`, `agent`.`hash` AS `t1_c22`, `agent`.`lat` AS `t1_c23`, `agent`.`lng` AS `t1_c24` FROM `org` `agent`  WHERE (`agent`.`id`=:ypl0)
2023/10/23 09:04:58 [trace] [system.db.ar.CActiveRecord] ImParcel.refresh()
2023/10/23 09:04:58 [trace] [system.db.ar.CActiveRecord] ImParcel.findByPk()
2023/10/23 09:04:58 [trace] [system.db.CDbCommand] Querying SQL: SELECT * FROM `shipment` `t` WHERE (`t`.`type`=10) AND (`t`.`id`='56382314') LIMIT 1
2023/10/23 09:04:58 [trace] [system.db.ar.CActiveRecord] lazy loading ImParcel.cargo_process
2023/10/23 09:04:58 [trace] [system.db.CDbCommand] Querying SQL: SHOW FULL COLUMNS FROM `cargo_process`
2023/10/23 09:04:58 [trace] [system.db.CDbCommand] Querying SQL: SHOW CREATE TABLE `cargo_process`
2023/10/23 09:04:58 [trace] [system.db.CDbCommand] Querying SQL: SELECT `cargo_process`.`id` AS `t1_c0`, `cargo_process`.`shipment_id` AS `t1_c1`, `cargo_process`.`status` AS `t1_c2`, `cargo_process`.`started` AS `t1_c3`, `cargo_process`.`date` AS `t1_c4`, `cargo_process`.`note` AS `t1_c5`, `cargo_process`.`driver_id` AS `t1_c6`, `cargo_process`.`cargo_receipt` AS `t1_c7`, `cargo_process`.`gate_pass_id` AS `t1_c8`, `cargo_process`.`agg_pod_id` AS `t1_c9`, `cargo_process`.`meta` AS `t1_c10`, `cargo_process`.`type` AS `t1_c11`, `cargo_process`.`caref` AS `t1_c12`, `cargo_process`.`sub_type` AS `t1_c13`, `cargo_process`.`dpt_id` AS `t1_c14`, `cargo_process`.`was_interstate` AS `t1_c15` FROM `cargo_process` `cargo_process`  WHERE (`cargo_process`.`shipment_id`=:ypl0) ORDER BY cargo_process.id desc
2023/10/23 09:04:58 [trace] [system.db.ar.CActiveRecord] lazy loading ImParcel.trans
2023/10/23 09:04:58 [trace] [system.db.CDbCommand] Querying SQL: SHOW FULL COLUMNS FROM `tranship`
2023/10/23 09:04:58 [trace] [system.db.CDbCommand] Querying SQL: SHOW CREATE TABLE `tranship`
2023/10/23 09:04:58 [trace] [system.db.CDbCommand] Querying SQL: SELECT `trans`.`id` AS `t1_c0`, `trans`.`pid` AS `t1_c1`, `trans`.`org_id` AS `t1_c2`, `trans`.`man_id` AS `t1_c3`, `trans`.`connote` AS `t1_c4`, `trans`.`time` AS `t1_c5`, `trans`.`type` AS `t1_c6`, `trans`.`status` AS `t1_c7`, `trans`.`meta` AS `t1_c8`, `trans`.`cost` AS `t1_c9` FROM `tranship` `trans`  WHERE (`trans`.`pid`=:ypl0)
2023/10/23 09:04:58 [trace] [system.db.CDbCommand] Querying SQL: SHOW FULL COLUMNS FROM `log`
2023/10/23 09:04:58 [trace] [system.db.CDbCommand] Querying SQL: SHOW CREATE TABLE `log`
2023/10/23 09:04:58 [trace] [system.db.ar.CActiveRecord] Log.insert()
2023/10/23 09:04:58 [trace] [system.db.CDbCommand] Executing SQL: INSERT INTO `log` (`type`, `model`, `lid`, `user_id`, `time`, `meta`) VALUES (:yp0, :yp1, :yp2, :yp3, :yp4, :yp5)
2023/10/23 09:13:36 [trace] [system.db.CDbConnection] Opening DB connection
2023/10/23 09:13:38 [trace] [system.db.CDbCommand] Querying SQL: SHOW FULL COLUMNS FROM `shipment`
2023/10/23 09:13:38 [trace] [system.db.CDbCommand] Querying SQL: SHOW CREATE TABLE `shipment`
2023/10/23 09:13:38 [trace] [system.db.ar.CActiveRecord] ImParcel.findByPk()
2023/10/23 09:13:38 [trace] [system.db.CDbCommand] Querying SQL: SELECT * FROM `shipment` `t` WHERE (`t`.`type`=10) AND (`t`.`id`='56382314') LIMIT 1
2023/10/23 09:13:38 [trace] [system.db.ar.CActiveRecord] OrgRate.find()
2023/10/23 09:13:38 [trace] [system.db.CDbCommand] Querying SQL: SHOW FULL COLUMNS FROM `org_rate`
2023/10/23 09:13:38 [trace] [system.db.CDbCommand] Querying SQL: SHOW CREATE TABLE `org_rate`
2023/10/23 09:13:38 [trace] [system.db.CDbCommand] Querying SQL: SELECT * FROM `org_rate` `t` WHERE id = :id LIMIT 1
2023/10/23 09:13:38 [trace] [system.db.ar.CActiveRecord] Addr.findByPk()
2023/10/23 09:13:38 [trace] [system.db.CDbCommand] Querying SQL: SHOW FULL COLUMNS FROM `addr`
2023/10/23 09:13:38 [trace] [system.db.CDbCommand] Querying SQL: SHOW CREATE TABLE `addr`
2023/10/23 09:13:38 [trace] [system.db.CDbCommand] Querying SQL: SELECT * FROM `addr` `t` WHERE `t`.`id`='142274923' LIMIT 1
2023/10/23 09:13:38 [trace] [system.db.ar.CActiveRecord] lazy loading ImParcel.cnee
2023/10/23 09:13:38 [trace] [system.db.CDbCommand] Querying SQL: SELECT `cnee`.`id` AS `t1_c0`, `cnee`.`owner_id` AS `t1_c1`, `cnee`.`cnid_id` AS `t1_c2`, `cnee`.`name` AS `t1_c3`, `cnee`.`company` AS `t1_c4`, `cnee`.`address` AS `t1_c5`, `cnee`.`suburb` AS `t1_c6`, `cnee`.`city` AS `t1_c7`, `cnee`.`state` AS `t1_c8`, `cnee`.`postcode` AS `t1_c9`, `cnee`.`country` AS `t1_c10`, `cnee`.`tel` AS `t1_c11`, `cnee`.`email` AS `t1_c12`, `cnee`.`acc` AS `t1_c13`, `cnee`.`cnid_no` AS `t1_c14` FROM `addr` `cnee`  WHERE (`cnee`.`id`=:ypl0)
2023/10/23 09:13:40 [trace] [system.db.ar.CActiveRecord] ImParcel.findByPk()
2023/10/23 09:13:40 [trace] [system.db.CDbCommand] Querying SQL: SELECT * FROM `shipment` `t` WHERE (`t`.`type`=10) AND (`t`.`id`='56382314') LIMIT 1
2023/10/23 09:13:40 [trace] [system.db.ar.CActiveRecord] ImParcel.update()
2023/10/23 09:13:40 [trace] [system.db.ar.CActiveRecord] ImParcel.updateByPk()
2023/10/23 09:13:40 [trace] [system.db.CDbCommand] Executing SQL: UPDATE `shipment` SET `type`=:yp0, `id`=:yp1, `owner_id`=:yp2, `agent_id`=:yp3, `consol_id`=:yp4, `man_id`=:yp5, `rec_id`=:yp6, `odpt_id`=:yp7, `ddpt_id`=:yp8, `cnor_id`=:yp9, `cnee_id`=:yp10, `receiver_id`=:yp11, `notify_id`=:yp12, `zr_id`=:yp13, `ot_id`=:yp14, `status`=:yp15, `pickup`=:yp16, `hbn`=:yp17, `ref`=:yp18, `cref`=:yp19, `pkg`=:yp20, `packages`=:yp21, `items`=:yp22, `state`=:yp23, `postcode`=:yp24, `value`=:yp25, `dvalue`=:yp26, `tariff`=:yp27, `insurance`=:yp28, `currency`=:yp29, `weight`=:yp30, `wtck`=:yp31, `cbm`=:yp32, `sac`=:yp33, `exm`=:yp34, `can`=:yp35, `bwf`=:yp36, `cbwf`=:yp37, `meta`=:yp38, `scan`=:yp39, `scan_no`=:yp40, `note`=:yp41, `created`=:yp42, `styp`=:yp43 WHERE `shipment`.`id`='56382314'
2023/10/23 09:13:40 [trace] [system.db.ar.CActiveRecord] Tracking.count()
2023/10/23 09:13:40 [trace] [system.db.CDbCommand] Querying SQL: SHOW FULL COLUMNS FROM `tracking`
2023/10/23 09:13:40 [trace] [system.db.CDbCommand] Querying SQL: SHOW CREATE TABLE `tracking`
2023/10/23 09:13:40 [trace] [system.db.CDbCommand] Querying SQL: SELECT COUNT(*) FROM `tracking` `t` WHERE pid = :pid AND type = :t
2023/10/23 09:13:40 [trace] [system.db.ar.CActiveRecord] lazy loading ImParcel.agent
2023/10/23 09:13:40 [trace] [system.db.CDbCommand] Querying SQL: SHOW FULL COLUMNS FROM `org`
2023/10/23 09:13:40 [trace] [system.db.CDbCommand] Querying SQL: SHOW CREATE TABLE `org`
2023/10/23 09:13:40 [trace] [system.db.CDbCommand] Querying SQL: SELECT `agent`.`id` AS `t1_c0`, `agent`.`pid` AS `t1_c1`, `agent`.`type` AS `t1_c2`, `agent`.`name` AS `t1_c3`, `agent`.`code` AS `t1_c4`, `agent`.`accode` AS `t1_c5`, `agent`.`abn` AS `t1_c6`, `agent`.`address` AS `t1_c7`, `agent`.`suburb` AS `t1_c8`, `agent`.`state` AS `t1_c9`, `agent`.`postcode` AS `t1_c10`, `agent`.`country` AS `t1_c11`, `agent`.`email` AS `t1_c12`, `agent`.`phone` AS `t1_c13`, `agent`.`fax` AS `t1_c14`, `agent`.`desc` AS `t1_c15`, `agent`.`status` AS `t1_c16`, `agent`.`meta` AS `t1_c17`, `agent`.`by` AS `t1_c18`, `agent`.`manager` AS `t1_c19`, `agent`.`nln` AS `t1_c20`, `agent`.`cargo_driver_type` AS `t1_c21`, `agent`.`hash` AS `t1_c22`, `agent`.`lat` AS `t1_c23`, `agent`.`lng` AS `t1_c24` FROM `org` `agent`  WHERE (`agent`.`id`=:ypl0)
2023/10/23 09:13:40 [trace] [system.db.ar.CActiveRecord] ImParcel.refresh()
2023/10/23 09:13:40 [trace] [system.db.ar.CActiveRecord] ImParcel.findByPk()
2023/10/23 09:13:40 [trace] [system.db.CDbCommand] Querying SQL: SELECT * FROM `shipment` `t` WHERE (`t`.`type`=10) AND (`t`.`id`='56382314') LIMIT 1
2023/10/23 09:13:40 [trace] [system.db.ar.CActiveRecord] lazy loading ImParcel.cargo_process
2023/10/23 09:13:40 [trace] [system.db.CDbCommand] Querying SQL: SHOW FULL COLUMNS FROM `cargo_process`
2023/10/23 09:13:40 [trace] [system.db.CDbCommand] Querying SQL: SHOW CREATE TABLE `cargo_process`
2023/10/23 09:13:40 [trace] [system.db.CDbCommand] Querying SQL: SELECT `cargo_process`.`id` AS `t1_c0`, `cargo_process`.`shipment_id` AS `t1_c1`, `cargo_process`.`status` AS `t1_c2`, `cargo_process`.`started` AS `t1_c3`, `cargo_process`.`date` AS `t1_c4`, `cargo_process`.`note` AS `t1_c5`, `cargo_process`.`driver_id` AS `t1_c6`, `cargo_process`.`cargo_receipt` AS `t1_c7`, `cargo_process`.`gate_pass_id` AS `t1_c8`, `cargo_process`.`agg_pod_id` AS `t1_c9`, `cargo_process`.`meta` AS `t1_c10`, `cargo_process`.`type` AS `t1_c11`, `cargo_process`.`caref` AS `t1_c12`, `cargo_process`.`sub_type` AS `t1_c13`, `cargo_process`.`dpt_id` AS `t1_c14`, `cargo_process`.`was_interstate` AS `t1_c15` FROM `cargo_process` `cargo_process`  WHERE (`cargo_process`.`shipment_id`=:ypl0) ORDER BY cargo_process.id desc
2023/10/23 09:13:40 [trace] [system.db.ar.CActiveRecord] lazy loading ImParcel.trans
2023/10/23 09:13:40 [trace] [system.db.CDbCommand] Querying SQL: SHOW FULL COLUMNS FROM `tranship`
2023/10/23 09:13:40 [trace] [system.db.CDbCommand] Querying SQL: SHOW CREATE TABLE `tranship`
2023/10/23 09:13:40 [trace] [system.db.CDbCommand] Querying SQL: SELECT `trans`.`id` AS `t1_c0`, `trans`.`pid` AS `t1_c1`, `trans`.`org_id` AS `t1_c2`, `trans`.`man_id` AS `t1_c3`, `trans`.`connote` AS `t1_c4`, `trans`.`time` AS `t1_c5`, `trans`.`type` AS `t1_c6`, `trans`.`status` AS `t1_c7`, `trans`.`meta` AS `t1_c8`, `trans`.`cost` AS `t1_c9` FROM `tranship` `trans`  WHERE (`trans`.`pid`=:ypl0)
2023/10/23 09:13:40 [trace] [system.db.CDbCommand] Querying SQL: SHOW FULL COLUMNS FROM `log`
2023/10/23 09:13:40 [trace] [system.db.CDbCommand] Querying SQL: SHOW CREATE TABLE `log`
2023/10/23 09:13:40 [trace] [system.db.ar.CActiveRecord] Log.insert()
2023/10/23 09:13:40 [trace] [system.db.CDbCommand] Executing SQL: INSERT INTO `log` (`type`, `model`, `lid`, `user_id`, `time`, `meta`) VALUES (:yp0, :yp1, :yp2, :yp3, :yp4, :yp5)
2023/10/23 09:14:27 [trace] [system.db.CDbConnection] Opening DB connection
2023/10/23 09:14:29 [trace] [system.db.CDbCommand] Querying SQL: SHOW FULL COLUMNS FROM `shipment`
2023/10/23 09:14:29 [trace] [system.db.CDbCommand] Querying SQL: SHOW CREATE TABLE `shipment`
2023/10/23 09:14:29 [trace] [system.db.ar.CActiveRecord] ImParcel.findByPk()
2023/10/23 09:14:29 [trace] [system.db.CDbCommand] Querying SQL: SELECT * FROM `shipment` `t` WHERE (`t`.`type`=10) AND (`t`.`id`='56382314') LIMIT 1
2023/10/23 09:14:29 [trace] [system.db.ar.CActiveRecord] OrgRate.find()
2023/10/23 09:14:29 [trace] [system.db.CDbCommand] Querying SQL: SHOW FULL COLUMNS FROM `org_rate`
2023/10/23 09:14:29 [trace] [system.db.CDbCommand] Querying SQL: SHOW CREATE TABLE `org_rate`
2023/10/23 09:14:29 [trace] [system.db.CDbCommand] Querying SQL: SELECT * FROM `org_rate` `t` WHERE id = :id LIMIT 1
2023/10/23 09:14:29 [trace] [system.db.ar.CActiveRecord] Addr.findByPk()
2023/10/23 09:14:29 [trace] [system.db.CDbCommand] Querying SQL: SHOW FULL COLUMNS FROM `addr`
2023/10/23 09:14:29 [trace] [system.db.CDbCommand] Querying SQL: SHOW CREATE TABLE `addr`
2023/10/23 09:14:29 [trace] [system.db.CDbCommand] Querying SQL: SELECT * FROM `addr` `t` WHERE `t`.`id`='142274923' LIMIT 1
2023/10/23 09:14:29 [trace] [system.db.ar.CActiveRecord] lazy loading ImParcel.cnee
2023/10/23 09:14:29 [trace] [system.db.CDbCommand] Querying SQL: SELECT `cnee`.`id` AS `t1_c0`, `cnee`.`owner_id` AS `t1_c1`, `cnee`.`cnid_id` AS `t1_c2`, `cnee`.`name` AS `t1_c3`, `cnee`.`company` AS `t1_c4`, `cnee`.`address` AS `t1_c5`, `cnee`.`suburb` AS `t1_c6`, `cnee`.`city` AS `t1_c7`, `cnee`.`state` AS `t1_c8`, `cnee`.`postcode` AS `t1_c9`, `cnee`.`country` AS `t1_c10`, `cnee`.`tel` AS `t1_c11`, `cnee`.`email` AS `t1_c12`, `cnee`.`acc` AS `t1_c13`, `cnee`.`cnid_no` AS `t1_c14` FROM `addr` `cnee`  WHERE (`cnee`.`id`=:ypl0)
2023/10/23 09:14:32 [trace] [system.db.ar.CActiveRecord] ImParcel.findByPk()
2023/10/23 09:14:32 [trace] [system.db.CDbCommand] Querying SQL: SELECT * FROM `shipment` `t` WHERE (`t`.`type`=10) AND (`t`.`id`='56382314') LIMIT 1
2023/10/23 09:14:32 [trace] [system.db.ar.CActiveRecord] ImParcel.update()
2023/10/23 09:14:32 [trace] [system.db.ar.CActiveRecord] ImParcel.updateByPk()
2023/10/23 09:14:32 [trace] [system.db.CDbCommand] Executing SQL: UPDATE `shipment` SET `type`=:yp0, `id`=:yp1, `owner_id`=:yp2, `agent_id`=:yp3, `consol_id`=:yp4, `man_id`=:yp5, `rec_id`=:yp6, `odpt_id`=:yp7, `ddpt_id`=:yp8, `cnor_id`=:yp9, `cnee_id`=:yp10, `receiver_id`=:yp11, `notify_id`=:yp12, `zr_id`=:yp13, `ot_id`=:yp14, `status`=:yp15, `pickup`=:yp16, `hbn`=:yp17, `ref`=:yp18, `cref`=:yp19, `pkg`=:yp20, `packages`=:yp21, `items`=:yp22, `state`=:yp23, `postcode`=:yp24, `value`=:yp25, `dvalue`=:yp26, `tariff`=:yp27, `insurance`=:yp28, `currency`=:yp29, `weight`=:yp30, `wtck`=:yp31, `cbm`=:yp32, `sac`=:yp33, `exm`=:yp34, `can`=:yp35, `bwf`=:yp36, `cbwf`=:yp37, `meta`=:yp38, `scan`=:yp39, `scan_no`=:yp40, `note`=:yp41, `created`=:yp42, `styp`=:yp43 WHERE `shipment`.`id`='56382314'
2023/10/23 09:14:32 [trace] [system.db.ar.CActiveRecord] Tracking.count()
2023/10/23 09:14:32 [trace] [system.db.CDbCommand] Querying SQL: SHOW FULL COLUMNS FROM `tracking`
2023/10/23 09:14:32 [trace] [system.db.CDbCommand] Querying SQL: SHOW CREATE TABLE `tracking`
2023/10/23 09:14:32 [trace] [system.db.CDbCommand] Querying SQL: SELECT COUNT(*) FROM `tracking` `t` WHERE pid = :pid AND type = :t
2023/10/23 09:14:32 [trace] [system.db.ar.CActiveRecord] lazy loading ImParcel.agent
2023/10/23 09:14:32 [trace] [system.db.CDbCommand] Querying SQL: SHOW FULL COLUMNS FROM `org`
2023/10/23 09:14:32 [trace] [system.db.CDbCommand] Querying SQL: SHOW CREATE TABLE `org`
2023/10/23 09:14:32 [trace] [system.db.CDbCommand] Querying SQL: SELECT `agent`.`id` AS `t1_c0`, `agent`.`pid` AS `t1_c1`, `agent`.`type` AS `t1_c2`, `agent`.`name` AS `t1_c3`, `agent`.`code` AS `t1_c4`, `agent`.`accode` AS `t1_c5`, `agent`.`abn` AS `t1_c6`, `agent`.`address` AS `t1_c7`, `agent`.`suburb` AS `t1_c8`, `agent`.`state` AS `t1_c9`, `agent`.`postcode` AS `t1_c10`, `agent`.`country` AS `t1_c11`, `agent`.`email` AS `t1_c12`, `agent`.`phone` AS `t1_c13`, `agent`.`fax` AS `t1_c14`, `agent`.`desc` AS `t1_c15`, `agent`.`status` AS `t1_c16`, `agent`.`meta` AS `t1_c17`, `agent`.`by` AS `t1_c18`, `agent`.`manager` AS `t1_c19`, `agent`.`nln` AS `t1_c20`, `agent`.`cargo_driver_type` AS `t1_c21`, `agent`.`hash` AS `t1_c22`, `agent`.`lat` AS `t1_c23`, `agent`.`lng` AS `t1_c24` FROM `org` `agent`  WHERE (`agent`.`id`=:ypl0)
2023/10/23 09:14:32 [trace] [system.db.ar.CActiveRecord] ImParcel.refresh()
2023/10/23 09:14:32 [trace] [system.db.ar.CActiveRecord] ImParcel.findByPk()
2023/10/23 09:14:32 [trace] [system.db.CDbCommand] Querying SQL: SELECT * FROM `shipment` `t` WHERE (`t`.`type`=10) AND (`t`.`id`='56382314') LIMIT 1
2023/10/23 09:14:32 [trace] [system.db.ar.CActiveRecord] lazy loading ImParcel.cargo_process
2023/10/23 09:14:32 [trace] [system.db.CDbCommand] Querying SQL: SHOW FULL COLUMNS FROM `cargo_process`
2023/10/23 09:14:32 [trace] [system.db.CDbCommand] Querying SQL: SHOW CREATE TABLE `cargo_process`
2023/10/23 09:14:32 [trace] [system.db.CDbCommand] Querying SQL: SELECT `cargo_process`.`id` AS `t1_c0`, `cargo_process`.`shipment_id` AS `t1_c1`, `cargo_process`.`status` AS `t1_c2`, `cargo_process`.`started` AS `t1_c3`, `cargo_process`.`date` AS `t1_c4`, `cargo_process`.`note` AS `t1_c5`, `cargo_process`.`driver_id` AS `t1_c6`, `cargo_process`.`cargo_receipt` AS `t1_c7`, `cargo_process`.`gate_pass_id` AS `t1_c8`, `cargo_process`.`agg_pod_id` AS `t1_c9`, `cargo_process`.`meta` AS `t1_c10`, `cargo_process`.`type` AS `t1_c11`, `cargo_process`.`caref` AS `t1_c12`, `cargo_process`.`sub_type` AS `t1_c13`, `cargo_process`.`dpt_id` AS `t1_c14`, `cargo_process`.`was_interstate` AS `t1_c15` FROM `cargo_process` `cargo_process`  WHERE (`cargo_process`.`shipment_id`=:ypl0) ORDER BY cargo_process.id desc
2023/10/23 09:14:32 [trace] [system.db.ar.CActiveRecord] lazy loading ImParcel.trans
2023/10/23 09:14:32 [trace] [system.db.CDbCommand] Querying SQL: SHOW FULL COLUMNS FROM `tranship`
2023/10/23 09:14:32 [trace] [system.db.CDbCommand] Querying SQL: SHOW CREATE TABLE `tranship`
2023/10/23 09:14:32 [trace] [system.db.CDbCommand] Querying SQL: SELECT `trans`.`id` AS `t1_c0`, `trans`.`pid` AS `t1_c1`, `trans`.`org_id` AS `t1_c2`, `trans`.`man_id` AS `t1_c3`, `trans`.`connote` AS `t1_c4`, `trans`.`time` AS `t1_c5`, `trans`.`type` AS `t1_c6`, `trans`.`status` AS `t1_c7`, `trans`.`meta` AS `t1_c8`, `trans`.`cost` AS `t1_c9` FROM `tranship` `trans`  WHERE (`trans`.`pid`=:ypl0)
2023/10/23 09:14:32 [trace] [system.db.CDbCommand] Querying SQL: SHOW FULL COLUMNS FROM `log`
2023/10/23 09:14:32 [trace] [system.db.CDbCommand] Querying SQL: SHOW CREATE TABLE `log`
2023/10/23 09:14:32 [trace] [system.db.ar.CActiveRecord] Log.insert()
2023/10/23 09:14:32 [trace] [system.db.CDbCommand] Executing SQL: INSERT INTO `log` (`type`, `model`, `lid`, `user_id`, `time`, `meta`) VALUES (:yp0, :yp1, :yp2, :yp3, :yp4, :yp5)
2023/10/23 09:15:40 [trace] [system.db.CDbConnection] Opening DB connection
2023/10/23 09:15:42 [trace] [system.db.CDbCommand] Querying SQL: SHOW FULL COLUMNS FROM `shipment`
2023/10/23 09:15:42 [trace] [system.db.CDbCommand] Querying SQL: SHOW CREATE TABLE `shipment`
2023/10/23 09:15:42 [trace] [system.db.ar.CActiveRecord] ImParcel.findByPk()
2023/10/23 09:15:42 [trace] [system.db.CDbCommand] Querying SQL: SELECT * FROM `shipment` `t` WHERE (`t`.`type`=10) AND (`t`.`id`='56382310') LIMIT 1
2023/10/23 09:15:42 [trace] [system.db.ar.CActiveRecord] OrgRate.find()
2023/10/23 09:15:42 [trace] [system.db.CDbCommand] Querying SQL: SHOW FULL COLUMNS FROM `org_rate`
2023/10/23 09:15:42 [trace] [system.db.CDbCommand] Querying SQL: SHOW CREATE TABLE `org_rate`
2023/10/23 09:15:42 [trace] [system.db.CDbCommand] Querying SQL: SELECT * FROM `org_rate` `t` WHERE id = :id LIMIT 1
2023/10/23 09:15:42 [trace] [system.db.ar.CActiveRecord] Addr.findByPk()
2023/10/23 09:15:42 [trace] [system.db.CDbCommand] Querying SQL: SHOW FULL COLUMNS FROM `addr`
2023/10/23 09:15:42 [trace] [system.db.CDbCommand] Querying SQL: SHOW CREATE TABLE `addr`
2023/10/23 09:15:42 [trace] [system.db.CDbCommand] Querying SQL: SELECT * FROM `addr` `t` WHERE `t`.`id`='142274892' LIMIT 1
2023/10/23 09:15:42 [trace] [system.db.ar.CActiveRecord] lazy loading ImParcel.cnee
2023/10/23 09:15:42 [trace] [system.db.CDbCommand] Querying SQL: SELECT `cnee`.`id` AS `t1_c0`, `cnee`.`owner_id` AS `t1_c1`, `cnee`.`cnid_id` AS `t1_c2`, `cnee`.`name` AS `t1_c3`, `cnee`.`company` AS `t1_c4`, `cnee`.`address` AS `t1_c5`, `cnee`.`suburb` AS `t1_c6`, `cnee`.`city` AS `t1_c7`, `cnee`.`state` AS `t1_c8`, `cnee`.`postcode` AS `t1_c9`, `cnee`.`country` AS `t1_c10`, `cnee`.`tel` AS `t1_c11`, `cnee`.`email` AS `t1_c12`, `cnee`.`acc` AS `t1_c13`, `cnee`.`cnid_no` AS `t1_c14` FROM `addr` `cnee`  WHERE (`cnee`.`id`=:ypl0)
2023/10/23 09:15:45 [trace] [system.db.ar.CActiveRecord] ImParcel.findByPk()
2023/10/23 09:15:45 [trace] [system.db.CDbCommand] Querying SQL: SELECT * FROM `shipment` `t` WHERE (`t`.`type`=10) AND (`t`.`id`='56382310') LIMIT 1
2023/10/23 09:15:45 [trace] [system.db.ar.CActiveRecord] ImParcel.update()
2023/10/23 09:15:45 [trace] [system.db.ar.CActiveRecord] ImParcel.updateByPk()
2023/10/23 09:15:45 [trace] [system.db.CDbCommand] Executing SQL: UPDATE `shipment` SET `type`=:yp0, `id`=:yp1, `owner_id`=:yp2, `agent_id`=:yp3, `consol_id`=:yp4, `man_id`=:yp5, `rec_id`=:yp6, `odpt_id`=:yp7, `ddpt_id`=:yp8, `cnor_id`=:yp9, `cnee_id`=:yp10, `receiver_id`=:yp11, `notify_id`=:yp12, `zr_id`=:yp13, `ot_id`=:yp14, `status`=:yp15, `pickup`=:yp16, `hbn`=:yp17, `ref`=:yp18, `cref`=:yp19, `pkg`=:yp20, `packages`=:yp21, `items`=:yp22, `state`=:yp23, `postcode`=:yp24, `value`=:yp25, `dvalue`=:yp26, `tariff`=:yp27, `insurance`=:yp28, `currency`=:yp29, `weight`=:yp30, `wtck`=:yp31, `cbm`=:yp32, `sac`=:yp33, `exm`=:yp34, `can`=:yp35, `bwf`=:yp36, `cbwf`=:yp37, `meta`=:yp38, `scan`=:yp39, `scan_no`=:yp40, `note`=:yp41, `created`=:yp42, `styp`=:yp43 WHERE `shipment`.`id`='56382310'
2023/10/23 09:15:45 [trace] [system.db.ar.CActiveRecord] Tracking.count()
2023/10/23 09:15:45 [trace] [system.db.CDbCommand] Querying SQL: SHOW FULL COLUMNS FROM `tracking`
2023/10/23 09:15:45 [trace] [system.db.CDbCommand] Querying SQL: SHOW CREATE TABLE `tracking`
2023/10/23 09:15:45 [trace] [system.db.CDbCommand] Querying SQL: SELECT COUNT(*) FROM `tracking` `t` WHERE pid = :pid AND type = :t
2023/10/23 09:15:45 [trace] [system.db.ar.CActiveRecord] lazy loading ImParcel.agent
2023/10/23 09:15:45 [trace] [system.db.CDbCommand] Querying SQL: SHOW FULL COLUMNS FROM `org`
2023/10/23 09:15:45 [trace] [system.db.CDbCommand] Querying SQL: SHOW CREATE TABLE `org`
2023/10/23 09:15:45 [trace] [system.db.CDbCommand] Querying SQL: SELECT `agent`.`id` AS `t1_c0`, `agent`.`pid` AS `t1_c1`, `agent`.`type` AS `t1_c2`, `agent`.`name` AS `t1_c3`, `agent`.`code` AS `t1_c4`, `agent`.`accode` AS `t1_c5`, `agent`.`abn` AS `t1_c6`, `agent`.`address` AS `t1_c7`, `agent`.`suburb` AS `t1_c8`, `agent`.`state` AS `t1_c9`, `agent`.`postcode` AS `t1_c10`, `agent`.`country` AS `t1_c11`, `agent`.`email` AS `t1_c12`, `agent`.`phone` AS `t1_c13`, `agent`.`fax` AS `t1_c14`, `agent`.`desc` AS `t1_c15`, `agent`.`status` AS `t1_c16`, `agent`.`meta` AS `t1_c17`, `agent`.`by` AS `t1_c18`, `agent`.`manager` AS `t1_c19`, `agent`.`nln` AS `t1_c20`, `agent`.`cargo_driver_type` AS `t1_c21`, `agent`.`hash` AS `t1_c22`, `agent`.`lat` AS `t1_c23`, `agent`.`lng` AS `t1_c24` FROM `org` `agent`  WHERE (`agent`.`id`=:ypl0)
2023/10/23 09:15:45 [trace] [system.db.ar.CActiveRecord] ImParcel.refresh()
2023/10/23 09:15:45 [trace] [system.db.ar.CActiveRecord] ImParcel.findByPk()
2023/10/23 09:15:45 [trace] [system.db.CDbCommand] Querying SQL: SELECT * FROM `shipment` `t` WHERE (`t`.`type`=10) AND (`t`.`id`='56382310') LIMIT 1
2023/10/23 09:15:45 [trace] [system.db.ar.CActiveRecord] lazy loading ImParcel.cargo_process
2023/10/23 09:15:45 [trace] [system.db.CDbCommand] Querying SQL: SHOW FULL COLUMNS FROM `cargo_process`
2023/10/23 09:15:45 [trace] [system.db.CDbCommand] Querying SQL: SHOW CREATE TABLE `cargo_process`
2023/10/23 09:15:45 [trace] [system.db.CDbCommand] Querying SQL: SELECT `cargo_process`.`id` AS `t1_c0`, `cargo_process`.`shipment_id` AS `t1_c1`, `cargo_process`.`status` AS `t1_c2`, `cargo_process`.`started` AS `t1_c3`, `cargo_process`.`date` AS `t1_c4`, `cargo_process`.`note` AS `t1_c5`, `cargo_process`.`driver_id` AS `t1_c6`, `cargo_process`.`cargo_receipt` AS `t1_c7`, `cargo_process`.`gate_pass_id` AS `t1_c8`, `cargo_process`.`agg_pod_id` AS `t1_c9`, `cargo_process`.`meta` AS `t1_c10`, `cargo_process`.`type` AS `t1_c11`, `cargo_process`.`caref` AS `t1_c12`, `cargo_process`.`sub_type` AS `t1_c13`, `cargo_process`.`dpt_id` AS `t1_c14`, `cargo_process`.`was_interstate` AS `t1_c15` FROM `cargo_process` `cargo_process`  WHERE (`cargo_process`.`shipment_id`=:ypl0) ORDER BY cargo_process.id desc
2023/10/23 09:15:45 [trace] [system.db.ar.CActiveRecord] lazy loading ImParcel.trans
2023/10/23 09:15:45 [trace] [system.db.CDbCommand] Querying SQL: SHOW FULL COLUMNS FROM `tranship`
2023/10/23 09:15:45 [trace] [system.db.CDbCommand] Querying SQL: SHOW CREATE TABLE `tranship`
2023/10/23 09:15:45 [trace] [system.db.CDbCommand] Querying SQL: SELECT `trans`.`id` AS `t1_c0`, `trans`.`pid` AS `t1_c1`, `trans`.`org_id` AS `t1_c2`, `trans`.`man_id` AS `t1_c3`, `trans`.`connote` AS `t1_c4`, `trans`.`time` AS `t1_c5`, `trans`.`type` AS `t1_c6`, `trans`.`status` AS `t1_c7`, `trans`.`meta` AS `t1_c8`, `trans`.`cost` AS `t1_c9` FROM `tranship` `trans`  WHERE (`trans`.`pid`=:ypl0)
2023/10/23 09:15:45 [trace] [system.db.CDbCommand] Querying SQL: SHOW FULL COLUMNS FROM `log`
2023/10/23 09:15:45 [trace] [system.db.CDbCommand] Querying SQL: SHOW CREATE TABLE `log`
2023/10/23 09:15:45 [trace] [system.db.ar.CActiveRecord] Log.insert()
2023/10/23 09:15:45 [trace] [system.db.CDbCommand] Executing SQL: INSERT INTO `log` (`type`, `model`, `lid`, `user_id`, `time`, `meta`) VALUES (:yp0, :yp1, :yp2, :yp3, :yp4, :yp5)
2023/10/23 09:15:45 [trace] [system.db.ar.CActiveRecord] ImParcel.findByPk()
2023/10/23 09:15:45 [trace] [system.db.CDbCommand] Querying SQL: SELECT * FROM `shipment` `t` WHERE (`t`.`type`=10) AND (`t`.`id`='56382311') LIMIT 1
2023/10/23 09:15:45 [trace] [system.db.ar.CActiveRecord] OrgRate.find()
2023/10/23 09:15:45 [trace] [system.db.CDbCommand] Querying SQL: SELECT * FROM `org_rate` `t` WHERE id = :id LIMIT 1
2023/10/23 09:15:45 [trace] [system.db.ar.CActiveRecord] Addr.findByPk()
2023/10/23 09:15:45 [trace] [system.db.CDbCommand] Querying SQL: SELECT * FROM `addr` `t` WHERE `t`.`id`='142274894' LIMIT 1
2023/10/23 09:15:45 [trace] [system.db.ar.CActiveRecord] lazy loading ImParcel.cnee
2023/10/23 09:15:45 [trace] [system.db.CDbCommand] Querying SQL: SELECT `cnee`.`id` AS `t1_c0`, `cnee`.`owner_id` AS `t1_c1`, `cnee`.`cnid_id` AS `t1_c2`, `cnee`.`name` AS `t1_c3`, `cnee`.`company` AS `t1_c4`, `cnee`.`address` AS `t1_c5`, `cnee`.`suburb` AS `t1_c6`, `cnee`.`city` AS `t1_c7`, `cnee`.`state` AS `t1_c8`, `cnee`.`postcode` AS `t1_c9`, `cnee`.`country` AS `t1_c10`, `cnee`.`tel` AS `t1_c11`, `cnee`.`email` AS `t1_c12`, `cnee`.`acc` AS `t1_c13`, `cnee`.`cnid_no` AS `t1_c14` FROM `addr` `cnee`  WHERE (`cnee`.`id`=:ypl0)
2023/10/23 09:15:45 [trace] [system.db.ar.CActiveRecord] ImParcel.findByPk()
2023/10/23 09:15:45 [trace] [system.db.CDbCommand] Querying SQL: SELECT * FROM `shipment` `t` WHERE (`t`.`type`=10) AND (`t`.`id`='56382311') LIMIT 1
2023/10/23 09:15:45 [trace] [system.db.ar.CActiveRecord] ImParcel.update()
2023/10/23 09:15:45 [trace] [system.db.ar.CActiveRecord] ImParcel.updateByPk()
2023/10/23 09:15:45 [trace] [system.db.CDbCommand] Executing SQL: UPDATE `shipment` SET `type`=:yp0, `id`=:yp1, `owner_id`=:yp2, `agent_id`=:yp3, `consol_id`=:yp4, `man_id`=:yp5, `rec_id`=:yp6, `odpt_id`=:yp7, `ddpt_id`=:yp8, `cnor_id`=:yp9, `cnee_id`=:yp10, `receiver_id`=:yp11, `notify_id`=:yp12, `zr_id`=:yp13, `ot_id`=:yp14, `status`=:yp15, `pickup`=:yp16, `hbn`=:yp17, `ref`=:yp18, `cref`=:yp19, `pkg`=:yp20, `packages`=:yp21, `items`=:yp22, `state`=:yp23, `postcode`=:yp24, `value`=:yp25, `dvalue`=:yp26, `tariff`=:yp27, `insurance`=:yp28, `currency`=:yp29, `weight`=:yp30, `wtck`=:yp31, `cbm`=:yp32, `sac`=:yp33, `exm`=:yp34, `can`=:yp35, `bwf`=:yp36, `cbwf`=:yp37, `meta`=:yp38, `scan`=:yp39, `scan_no`=:yp40, `note`=:yp41, `created`=:yp42, `styp`=:yp43 WHERE `shipment`.`id`='56382311'
2023/10/23 09:15:45 [trace] [system.db.ar.CActiveRecord] Tracking.count()
2023/10/23 09:15:45 [trace] [system.db.CDbCommand] Querying SQL: SELECT COUNT(*) FROM `tracking` `t` WHERE pid = :pid AND type = :t
2023/10/23 09:15:45 [trace] [system.db.ar.CActiveRecord] lazy loading ImParcel.agent
2023/10/23 09:15:45 [trace] [system.db.CDbCommand] Querying SQL: SELECT `agent`.`id` AS `t1_c0`, `agent`.`pid` AS `t1_c1`, `agent`.`type` AS `t1_c2`, `agent`.`name` AS `t1_c3`, `agent`.`code` AS `t1_c4`, `agent`.`accode` AS `t1_c5`, `agent`.`abn` AS `t1_c6`, `agent`.`address` AS `t1_c7`, `agent`.`suburb` AS `t1_c8`, `agent`.`state` AS `t1_c9`, `agent`.`postcode` AS `t1_c10`, `agent`.`country` AS `t1_c11`, `agent`.`email` AS `t1_c12`, `agent`.`phone` AS `t1_c13`, `agent`.`fax` AS `t1_c14`, `agent`.`desc` AS `t1_c15`, `agent`.`status` AS `t1_c16`, `agent`.`meta` AS `t1_c17`, `agent`.`by` AS `t1_c18`, `agent`.`manager` AS `t1_c19`, `agent`.`nln` AS `t1_c20`, `agent`.`cargo_driver_type` AS `t1_c21`, `agent`.`hash` AS `t1_c22`, `agent`.`lat` AS `t1_c23`, `agent`.`lng` AS `t1_c24` FROM `org` `agent`  WHERE (`agent`.`id`=:ypl0)
2023/10/23 09:15:45 [trace] [system.db.ar.CActiveRecord] ImParcel.refresh()
2023/10/23 09:15:45 [trace] [system.db.ar.CActiveRecord] ImParcel.findByPk()
2023/10/23 09:15:45 [trace] [system.db.CDbCommand] Querying SQL: SELECT * FROM `shipment` `t` WHERE (`t`.`type`=10) AND (`t`.`id`='56382311') LIMIT 1
2023/10/23 09:15:45 [trace] [system.db.ar.CActiveRecord] lazy loading ImParcel.cargo_process
2023/10/23 09:15:45 [trace] [system.db.CDbCommand] Querying SQL: SELECT `cargo_process`.`id` AS `t1_c0`, `cargo_process`.`shipment_id` AS `t1_c1`, `cargo_process`.`status` AS `t1_c2`, `cargo_process`.`started` AS `t1_c3`, `cargo_process`.`date` AS `t1_c4`, `cargo_process`.`note` AS `t1_c5`, `cargo_process`.`driver_id` AS `t1_c6`, `cargo_process`.`cargo_receipt` AS `t1_c7`, `cargo_process`.`gate_pass_id` AS `t1_c8`, `cargo_process`.`agg_pod_id` AS `t1_c9`, `cargo_process`.`meta` AS `t1_c10`, `cargo_process`.`type` AS `t1_c11`, `cargo_process`.`caref` AS `t1_c12`, `cargo_process`.`sub_type` AS `t1_c13`, `cargo_process`.`dpt_id` AS `t1_c14`, `cargo_process`.`was_interstate` AS `t1_c15` FROM `cargo_process` `cargo_process`  WHERE (`cargo_process`.`shipment_id`=:ypl0) ORDER BY cargo_process.id desc
2023/10/23 09:15:45 [trace] [system.db.ar.CActiveRecord] lazy loading ImParcel.trans
2023/10/23 09:15:45 [trace] [system.db.CDbCommand] Querying SQL: SELECT `trans`.`id` AS `t1_c0`, `trans`.`pid` AS `t1_c1`, `trans`.`org_id` AS `t1_c2`, `trans`.`man_id` AS `t1_c3`, `trans`.`connote` AS `t1_c4`, `trans`.`time` AS `t1_c5`, `trans`.`type` AS `t1_c6`, `trans`.`status` AS `t1_c7`, `trans`.`meta` AS `t1_c8`, `trans`.`cost` AS `t1_c9` FROM `tranship` `trans`  WHERE (`trans`.`pid`=:ypl0)
2023/10/23 09:15:45 [trace] [system.db.ar.CActiveRecord] Log.insert()
2023/10/23 09:15:45 [trace] [system.db.CDbCommand] Executing SQL: INSERT INTO `log` (`type`, `model`, `lid`, `user_id`, `time`, `meta`) VALUES (:yp0, :yp1, :yp2, :yp3, :yp4, :yp5)
2023/10/23 09:15:45 [trace] [system.db.ar.CActiveRecord] ImParcel.findByPk()
2023/10/23 09:15:45 [trace] [system.db.CDbCommand] Querying SQL: SELECT * FROM `shipment` `t` WHERE (`t`.`type`=10) AND (`t`.`id`='56382314') LIMIT 1
2023/10/23 09:15:45 [trace] [system.db.ar.CActiveRecord] OrgRate.find()
2023/10/23 09:15:45 [trace] [system.db.CDbCommand] Querying SQL: SELECT * FROM `org_rate` `t` WHERE id = :id LIMIT 1
2023/10/23 09:15:45 [trace] [system.db.ar.CActiveRecord] Addr.findByPk()
2023/10/23 09:15:45 [trace] [system.db.CDbCommand] Querying SQL: SELECT * FROM `addr` `t` WHERE `t`.`id`='142274923' LIMIT 1
2023/10/23 09:15:45 [trace] [system.db.ar.CActiveRecord] lazy loading ImParcel.cnee
2023/10/23 09:15:45 [trace] [system.db.CDbCommand] Querying SQL: SELECT `cnee`.`id` AS `t1_c0`, `cnee`.`owner_id` AS `t1_c1`, `cnee`.`cnid_id` AS `t1_c2`, `cnee`.`name` AS `t1_c3`, `cnee`.`company` AS `t1_c4`, `cnee`.`address` AS `t1_c5`, `cnee`.`suburb` AS `t1_c6`, `cnee`.`city` AS `t1_c7`, `cnee`.`state` AS `t1_c8`, `cnee`.`postcode` AS `t1_c9`, `cnee`.`country` AS `t1_c10`, `cnee`.`tel` AS `t1_c11`, `cnee`.`email` AS `t1_c12`, `cnee`.`acc` AS `t1_c13`, `cnee`.`cnid_no` AS `t1_c14` FROM `addr` `cnee`  WHERE (`cnee`.`id`=:ypl0)
2023/10/23 09:15:46 [trace] [system.db.ar.CActiveRecord] ImParcel.findByPk()
2023/10/23 09:15:46 [trace] [system.db.CDbCommand] Querying SQL: SELECT * FROM `shipment` `t` WHERE (`t`.`type`=10) AND (`t`.`id`='56382314') LIMIT 1
2023/10/23 09:15:46 [trace] [system.db.ar.CActiveRecord] ImParcel.update()
2023/10/23 09:15:46 [trace] [system.db.ar.CActiveRecord] ImParcel.updateByPk()
2023/10/23 09:15:46 [trace] [system.db.CDbCommand] Executing SQL: UPDATE `shipment` SET `type`=:yp0, `id`=:yp1, `owner_id`=:yp2, `agent_id`=:yp3, `consol_id`=:yp4, `man_id`=:yp5, `rec_id`=:yp6, `odpt_id`=:yp7, `ddpt_id`=:yp8, `cnor_id`=:yp9, `cnee_id`=:yp10, `receiver_id`=:yp11, `notify_id`=:yp12, `zr_id`=:yp13, `ot_id`=:yp14, `status`=:yp15, `pickup`=:yp16, `hbn`=:yp17, `ref`=:yp18, `cref`=:yp19, `pkg`=:yp20, `packages`=:yp21, `items`=:yp22, `state`=:yp23, `postcode`=:yp24, `value`=:yp25, `dvalue`=:yp26, `tariff`=:yp27, `insurance`=:yp28, `currency`=:yp29, `weight`=:yp30, `wtck`=:yp31, `cbm`=:yp32, `sac`=:yp33, `exm`=:yp34, `can`=:yp35, `bwf`=:yp36, `cbwf`=:yp37, `meta`=:yp38, `scan`=:yp39, `scan_no`=:yp40, `note`=:yp41, `created`=:yp42, `styp`=:yp43 WHERE `shipment`.`id`='56382314'
2023/10/23 09:15:46 [trace] [system.db.ar.CActiveRecord] Tracking.count()
2023/10/23 09:15:46 [trace] [system.db.CDbCommand] Querying SQL: SELECT COUNT(*) FROM `tracking` `t` WHERE pid = :pid AND type = :t
2023/10/23 09:15:46 [trace] [system.db.ar.CActiveRecord] lazy loading ImParcel.agent
2023/10/23 09:15:46 [trace] [system.db.CDbCommand] Querying SQL: SELECT `agent`.`id` AS `t1_c0`, `agent`.`pid` AS `t1_c1`, `agent`.`type` AS `t1_c2`, `agent`.`name` AS `t1_c3`, `agent`.`code` AS `t1_c4`, `agent`.`accode` AS `t1_c5`, `agent`.`abn` AS `t1_c6`, `agent`.`address` AS `t1_c7`, `agent`.`suburb` AS `t1_c8`, `agent`.`state` AS `t1_c9`, `agent`.`postcode` AS `t1_c10`, `agent`.`country` AS `t1_c11`, `agent`.`email` AS `t1_c12`, `agent`.`phone` AS `t1_c13`, `agent`.`fax` AS `t1_c14`, `agent`.`desc` AS `t1_c15`, `agent`.`status` AS `t1_c16`, `agent`.`meta` AS `t1_c17`, `agent`.`by` AS `t1_c18`, `agent`.`manager` AS `t1_c19`, `agent`.`nln` AS `t1_c20`, `agent`.`cargo_driver_type` AS `t1_c21`, `agent`.`hash` AS `t1_c22`, `agent`.`lat` AS `t1_c23`, `agent`.`lng` AS `t1_c24` FROM `org` `agent`  WHERE (`agent`.`id`=:ypl0)
2023/10/23 09:15:46 [trace] [system.db.ar.CActiveRecord] ImParcel.refresh()
2023/10/23 09:15:46 [trace] [system.db.ar.CActiveRecord] ImParcel.findByPk()
2023/10/23 09:15:46 [trace] [system.db.CDbCommand] Querying SQL: SELECT * FROM `shipment` `t` WHERE (`t`.`type`=10) AND (`t`.`id`='56382314') LIMIT 1
2023/10/23 09:15:46 [trace] [system.db.ar.CActiveRecord] lazy loading ImParcel.cargo_process
2023/10/23 09:15:46 [trace] [system.db.CDbCommand] Querying SQL: SELECT `cargo_process`.`id` AS `t1_c0`, `cargo_process`.`shipment_id` AS `t1_c1`, `cargo_process`.`status` AS `t1_c2`, `cargo_process`.`started` AS `t1_c3`, `cargo_process`.`date` AS `t1_c4`, `cargo_process`.`note` AS `t1_c5`, `cargo_process`.`driver_id` AS `t1_c6`, `cargo_process`.`cargo_receipt` AS `t1_c7`, `cargo_process`.`gate_pass_id` AS `t1_c8`, `cargo_process`.`agg_pod_id` AS `t1_c9`, `cargo_process`.`meta` AS `t1_c10`, `cargo_process`.`type` AS `t1_c11`, `cargo_process`.`caref` AS `t1_c12`, `cargo_process`.`sub_type` AS `t1_c13`, `cargo_process`.`dpt_id` AS `t1_c14`, `cargo_process`.`was_interstate` AS `t1_c15` FROM `cargo_process` `cargo_process`  WHERE (`cargo_process`.`shipment_id`=:ypl0) ORDER BY cargo_process.id desc
2023/10/23 09:15:46 [trace] [system.db.ar.CActiveRecord] lazy loading ImParcel.trans
2023/10/23 09:15:46 [trace] [system.db.CDbCommand] Querying SQL: SELECT `trans`.`id` AS `t1_c0`, `trans`.`pid` AS `t1_c1`, `trans`.`org_id` AS `t1_c2`, `trans`.`man_id` AS `t1_c3`, `trans`.`connote` AS `t1_c4`, `trans`.`time` AS `t1_c5`, `trans`.`type` AS `t1_c6`, `trans`.`status` AS `t1_c7`, `trans`.`meta` AS `t1_c8`, `trans`.`cost` AS `t1_c9` FROM `tranship` `trans`  WHERE (`trans`.`pid`=:ypl0)
2023/10/23 09:15:46 [trace] [system.db.ar.CActiveRecord] Log.insert()
2023/10/23 09:15:46 [trace] [system.db.CDbCommand] Executing SQL: INSERT INTO `log` (`type`, `model`, `lid`, `user_id`, `time`, `meta`) VALUES (:yp0, :yp1, :yp2, :yp3, :yp4, :yp5)
2023/10/23 09:15:46 [trace] [system.db.ar.CActiveRecord] ImParcel.findByPk()
2023/10/23 09:15:46 [trace] [system.db.CDbCommand] Querying SQL: SELECT * FROM `shipment` `t` WHERE (`t`.`type`=10) AND (`t`.`id`='56382315') LIMIT 1
2023/10/23 09:15:46 [trace] [system.db.ar.CActiveRecord] OrgRate.find()
2023/10/23 09:15:46 [trace] [system.db.CDbCommand] Querying SQL: SELECT * FROM `org_rate` `t` WHERE id = :id LIMIT 1
2023/10/23 09:15:46 [trace] [system.db.ar.CActiveRecord] Addr.findByPk()
2023/10/23 09:15:46 [trace] [system.db.CDbCommand] Querying SQL: SELECT * FROM `addr` `t` WHERE `t`.`id`='142274923' LIMIT 1
2023/10/23 09:15:46 [trace] [system.db.ar.CActiveRecord] lazy loading ImParcel.cnee
2023/10/23 09:15:46 [trace] [system.db.CDbCommand] Querying SQL: SELECT `cnee`.`id` AS `t1_c0`, `cnee`.`owner_id` AS `t1_c1`, `cnee`.`cnid_id` AS `t1_c2`, `cnee`.`name` AS `t1_c3`, `cnee`.`company` AS `t1_c4`, `cnee`.`address` AS `t1_c5`, `cnee`.`suburb` AS `t1_c6`, `cnee`.`city` AS `t1_c7`, `cnee`.`state` AS `t1_c8`, `cnee`.`postcode` AS `t1_c9`, `cnee`.`country` AS `t1_c10`, `cnee`.`tel` AS `t1_c11`, `cnee`.`email` AS `t1_c12`, `cnee`.`acc` AS `t1_c13`, `cnee`.`cnid_no` AS `t1_c14` FROM `addr` `cnee`  WHERE (`cnee`.`id`=:ypl0)
2023/10/23 09:15:46 [trace] [system.db.ar.CActiveRecord] ImParcel.findByPk()
2023/10/23 09:15:46 [trace] [system.db.CDbCommand] Querying SQL: SELECT * FROM `shipment` `t` WHERE (`t`.`type`=10) AND (`t`.`id`='56382315') LIMIT 1
2023/10/23 09:15:46 [trace] [system.db.ar.CActiveRecord] ImParcel.update()
2023/10/23 09:15:46 [trace] [system.db.ar.CActiveRecord] ImParcel.updateByPk()
2023/10/23 09:15:46 [trace] [system.db.CDbCommand] Executing SQL: UPDATE `shipment` SET `type`=:yp0, `id`=:yp1, `owner_id`=:yp2, `agent_id`=:yp3, `consol_id`=:yp4, `man_id`=:yp5, `rec_id`=:yp6, `odpt_id`=:yp7, `ddpt_id`=:yp8, `cnor_id`=:yp9, `cnee_id`=:yp10, `receiver_id`=:yp11, `notify_id`=:yp12, `zr_id`=:yp13, `ot_id`=:yp14, `status`=:yp15, `pickup`=:yp16, `hbn`=:yp17, `ref`=:yp18, `cref`=:yp19, `pkg`=:yp20, `packages`=:yp21, `items`=:yp22, `state`=:yp23, `postcode`=:yp24, `value`=:yp25, `dvalue`=:yp26, `tariff`=:yp27, `insurance`=:yp28, `currency`=:yp29, `weight`=:yp30, `wtck`=:yp31, `cbm`=:yp32, `sac`=:yp33, `exm`=:yp34, `can`=:yp35, `bwf`=:yp36, `cbwf`=:yp37, `meta`=:yp38, `scan`=:yp39, `scan_no`=:yp40, `note`=:yp41, `created`=:yp42, `styp`=:yp43 WHERE `shipment`.`id`='56382315'
2023/10/23 09:15:46 [trace] [system.db.ar.CActiveRecord] Tracking.count()
2023/10/23 09:15:46 [trace] [system.db.CDbCommand] Querying SQL: SELECT COUNT(*) FROM `tracking` `t` WHERE pid = :pid AND type = :t
2023/10/23 09:15:46 [trace] [system.db.ar.CActiveRecord] lazy loading ImParcel.agent
2023/10/23 09:15:46 [trace] [system.db.CDbCommand] Querying SQL: SELECT `agent`.`id` AS `t1_c0`, `agent`.`pid` AS `t1_c1`, `agent`.`type` AS `t1_c2`, `agent`.`name` AS `t1_c3`, `agent`.`code` AS `t1_c4`, `agent`.`accode` AS `t1_c5`, `agent`.`abn` AS `t1_c6`, `agent`.`address` AS `t1_c7`, `agent`.`suburb` AS `t1_c8`, `agent`.`state` AS `t1_c9`, `agent`.`postcode` AS `t1_c10`, `agent`.`country` AS `t1_c11`, `agent`.`email` AS `t1_c12`, `agent`.`phone` AS `t1_c13`, `agent`.`fax` AS `t1_c14`, `agent`.`desc` AS `t1_c15`, `agent`.`status` AS `t1_c16`, `agent`.`meta` AS `t1_c17`, `agent`.`by` AS `t1_c18`, `agent`.`manager` AS `t1_c19`, `agent`.`nln` AS `t1_c20`, `agent`.`cargo_driver_type` AS `t1_c21`, `agent`.`hash` AS `t1_c22`, `agent`.`lat` AS `t1_c23`, `agent`.`lng` AS `t1_c24` FROM `org` `agent`  WHERE (`agent`.`id`=:ypl0)
2023/10/23 09:15:46 [trace] [system.db.ar.CActiveRecord] ImParcel.refresh()
2023/10/23 09:15:46 [trace] [system.db.ar.CActiveRecord] ImParcel.findByPk()
2023/10/23 09:15:46 [trace] [system.db.CDbCommand] Querying SQL: SELECT * FROM `shipment` `t` WHERE (`t`.`type`=10) AND (`t`.`id`='56382315') LIMIT 1
2023/10/23 09:15:46 [trace] [system.db.ar.CActiveRecord] lazy loading ImParcel.cargo_process
2023/10/23 09:15:46 [trace] [system.db.CDbCommand] Querying SQL: SELECT `cargo_process`.`id` AS `t1_c0`, `cargo_process`.`shipment_id` AS `t1_c1`, `cargo_process`.`status` AS `t1_c2`, `cargo_process`.`started` AS `t1_c3`, `cargo_process`.`date` AS `t1_c4`, `cargo_process`.`note` AS `t1_c5`, `cargo_process`.`driver_id` AS `t1_c6`, `cargo_process`.`cargo_receipt` AS `t1_c7`, `cargo_process`.`gate_pass_id` AS `t1_c8`, `cargo_process`.`agg_pod_id` AS `t1_c9`, `cargo_process`.`meta` AS `t1_c10`, `cargo_process`.`type` AS `t1_c11`, `cargo_process`.`caref` AS `t1_c12`, `cargo_process`.`sub_type` AS `t1_c13`, `cargo_process`.`dpt_id` AS `t1_c14`, `cargo_process`.`was_interstate` AS `t1_c15` FROM `cargo_process` `cargo_process`  WHERE (`cargo_process`.`shipment_id`=:ypl0) ORDER BY cargo_process.id desc
2023/10/23 09:15:46 [trace] [system.db.ar.CActiveRecord] lazy loading ImParcel.trans
2023/10/23 09:15:46 [trace] [system.db.CDbCommand] Querying SQL: SELECT `trans`.`id` AS `t1_c0`, `trans`.`pid` AS `t1_c1`, `trans`.`org_id` AS `t1_c2`, `trans`.`man_id` AS `t1_c3`, `trans`.`connote` AS `t1_c4`, `trans`.`time` AS `t1_c5`, `trans`.`type` AS `t1_c6`, `trans`.`status` AS `t1_c7`, `trans`.`meta` AS `t1_c8`, `trans`.`cost` AS `t1_c9` FROM `tranship` `trans`  WHERE (`trans`.`pid`=:ypl0)
2023/10/23 09:15:46 [trace] [system.db.ar.CActiveRecord] Log.insert()
2023/10/23 09:15:46 [trace] [system.db.CDbCommand] Executing SQL: INSERT INTO `log` (`type`, `model`, `lid`, `user_id`, `time`, `meta`) VALUES (:yp0, :yp1, :yp2, :yp3, :yp4, :yp5)
2023/10/23 09:16:12 [trace] [system.db.CDbConnection] Opening DB connection
2023/10/23 09:16:14 [trace] [system.db.CDbCommand] Querying SQL: SHOW FULL COLUMNS FROM `shipment`
2023/10/23 09:16:14 [trace] [system.db.CDbCommand] Querying SQL: SHOW CREATE TABLE `shipment`
2023/10/23 09:16:14 [trace] [system.db.ar.CActiveRecord] ImParcel.findByPk()
2023/10/23 09:16:14 [trace] [system.db.CDbCommand] Querying SQL: SELECT * FROM `shipment` `t` WHERE (`t`.`type`=10) AND (`t`.`id`='56382314') LIMIT 1
2023/10/23 09:16:14 [trace] [system.db.ar.CActiveRecord] OrgRate.find()
2023/10/23 09:16:14 [trace] [system.db.CDbCommand] Querying SQL: SHOW FULL COLUMNS FROM `org_rate`
2023/10/23 09:16:14 [trace] [system.db.CDbCommand] Querying SQL: SHOW CREATE TABLE `org_rate`
2023/10/23 09:16:14 [trace] [system.db.CDbCommand] Querying SQL: SELECT * FROM `org_rate` `t` WHERE id = :id LIMIT 1
2023/10/23 09:16:14 [trace] [system.db.ar.CActiveRecord] Addr.findByPk()
2023/10/23 09:16:14 [trace] [system.db.CDbCommand] Querying SQL: SHOW FULL COLUMNS FROM `addr`
2023/10/23 09:16:14 [trace] [system.db.CDbCommand] Querying SQL: SHOW CREATE TABLE `addr`
2023/10/23 09:16:14 [trace] [system.db.CDbCommand] Querying SQL: SELECT * FROM `addr` `t` WHERE `t`.`id`='142274923' LIMIT 1
2023/10/23 09:16:14 [trace] [system.db.ar.CActiveRecord] lazy loading ImParcel.cnee
2023/10/23 09:16:14 [trace] [system.db.CDbCommand] Querying SQL: SELECT `cnee`.`id` AS `t1_c0`, `cnee`.`owner_id` AS `t1_c1`, `cnee`.`cnid_id` AS `t1_c2`, `cnee`.`name` AS `t1_c3`, `cnee`.`company` AS `t1_c4`, `cnee`.`address` AS `t1_c5`, `cnee`.`suburb` AS `t1_c6`, `cnee`.`city` AS `t1_c7`, `cnee`.`state` AS `t1_c8`, `cnee`.`postcode` AS `t1_c9`, `cnee`.`country` AS `t1_c10`, `cnee`.`tel` AS `t1_c11`, `cnee`.`email` AS `t1_c12`, `cnee`.`acc` AS `t1_c13`, `cnee`.`cnid_no` AS `t1_c14` FROM `addr` `cnee`  WHERE (`cnee`.`id`=:ypl0)
2023/10/23 09:16:15 [trace] [system.db.ar.CActiveRecord] ImParcel.findByPk()
2023/10/23 09:16:15 [trace] [system.db.CDbCommand] Querying SQL: SELECT * FROM `shipment` `t` WHERE (`t`.`type`=10) AND (`t`.`id`='56382314') LIMIT 1
2023/10/23 09:16:15 [trace] [system.db.ar.CActiveRecord] ImParcel.update()
2023/10/23 09:16:15 [trace] [system.db.ar.CActiveRecord] ImParcel.updateByPk()
2023/10/23 09:16:15 [trace] [system.db.CDbCommand] Executing SQL: UPDATE `shipment` SET `type`=:yp0, `id`=:yp1, `owner_id`=:yp2, `agent_id`=:yp3, `consol_id`=:yp4, `man_id`=:yp5, `rec_id`=:yp6, `odpt_id`=:yp7, `ddpt_id`=:yp8, `cnor_id`=:yp9, `cnee_id`=:yp10, `receiver_id`=:yp11, `notify_id`=:yp12, `zr_id`=:yp13, `ot_id`=:yp14, `status`=:yp15, `pickup`=:yp16, `hbn`=:yp17, `ref`=:yp18, `cref`=:yp19, `pkg`=:yp20, `packages`=:yp21, `items`=:yp22, `state`=:yp23, `postcode`=:yp24, `value`=:yp25, `dvalue`=:yp26, `tariff`=:yp27, `insurance`=:yp28, `currency`=:yp29, `weight`=:yp30, `wtck`=:yp31, `cbm`=:yp32, `sac`=:yp33, `exm`=:yp34, `can`=:yp35, `bwf`=:yp36, `cbwf`=:yp37, `meta`=:yp38, `scan`=:yp39, `scan_no`=:yp40, `note`=:yp41, `created`=:yp42, `styp`=:yp43 WHERE `shipment`.`id`='56382314'
2023/10/23 09:16:15 [trace] [system.db.ar.CActiveRecord] Tracking.count()
2023/10/23 09:16:15 [trace] [system.db.CDbCommand] Querying SQL: SHOW FULL COLUMNS FROM `tracking`
2023/10/23 09:16:15 [trace] [system.db.CDbCommand] Querying SQL: SHOW CREATE TABLE `tracking`
2023/10/23 09:16:15 [trace] [system.db.CDbCommand] Querying SQL: SELECT COUNT(*) FROM `tracking` `t` WHERE pid = :pid AND type = :t
2023/10/23 09:16:15 [trace] [system.db.ar.CActiveRecord] lazy loading ImParcel.agent
2023/10/23 09:16:15 [trace] [system.db.CDbCommand] Querying SQL: SHOW FULL COLUMNS FROM `org`
2023/10/23 09:16:15 [trace] [system.db.CDbCommand] Querying SQL: SHOW CREATE TABLE `org`
2023/10/23 09:16:15 [trace] [system.db.CDbCommand] Querying SQL: SELECT `agent`.`id` AS `t1_c0`, `agent`.`pid` AS `t1_c1`, `agent`.`type` AS `t1_c2`, `agent`.`name` AS `t1_c3`, `agent`.`code` AS `t1_c4`, `agent`.`accode` AS `t1_c5`, `agent`.`abn` AS `t1_c6`, `agent`.`address` AS `t1_c7`, `agent`.`suburb` AS `t1_c8`, `agent`.`state` AS `t1_c9`, `agent`.`postcode` AS `t1_c10`, `agent`.`country` AS `t1_c11`, `agent`.`email` AS `t1_c12`, `agent`.`phone` AS `t1_c13`, `agent`.`fax` AS `t1_c14`, `agent`.`desc` AS `t1_c15`, `agent`.`status` AS `t1_c16`, `agent`.`meta` AS `t1_c17`, `agent`.`by` AS `t1_c18`, `agent`.`manager` AS `t1_c19`, `agent`.`nln` AS `t1_c20`, `agent`.`cargo_driver_type` AS `t1_c21`, `agent`.`hash` AS `t1_c22`, `agent`.`lat` AS `t1_c23`, `agent`.`lng` AS `t1_c24` FROM `org` `agent`  WHERE (`agent`.`id`=:ypl0)
2023/10/23 09:16:15 [trace] [system.db.ar.CActiveRecord] ImParcel.refresh()
2023/10/23 09:16:15 [trace] [system.db.ar.CActiveRecord] ImParcel.findByPk()
2023/10/23 09:16:15 [trace] [system.db.CDbCommand] Querying SQL: SELECT * FROM `shipment` `t` WHERE (`t`.`type`=10) AND (`t`.`id`='56382314') LIMIT 1
2023/10/23 09:16:15 [trace] [system.db.ar.CActiveRecord] lazy loading ImParcel.cargo_process
2023/10/23 09:16:15 [trace] [system.db.CDbCommand] Querying SQL: SHOW FULL COLUMNS FROM `cargo_process`
2023/10/23 09:16:15 [trace] [system.db.CDbCommand] Querying SQL: SHOW CREATE TABLE `cargo_process`
2023/10/23 09:16:15 [trace] [system.db.CDbCommand] Querying SQL: SELECT `cargo_process`.`id` AS `t1_c0`, `cargo_process`.`shipment_id` AS `t1_c1`, `cargo_process`.`status` AS `t1_c2`, `cargo_process`.`started` AS `t1_c3`, `cargo_process`.`date` AS `t1_c4`, `cargo_process`.`note` AS `t1_c5`, `cargo_process`.`driver_id` AS `t1_c6`, `cargo_process`.`cargo_receipt` AS `t1_c7`, `cargo_process`.`gate_pass_id` AS `t1_c8`, `cargo_process`.`agg_pod_id` AS `t1_c9`, `cargo_process`.`meta` AS `t1_c10`, `cargo_process`.`type` AS `t1_c11`, `cargo_process`.`caref` AS `t1_c12`, `cargo_process`.`sub_type` AS `t1_c13`, `cargo_process`.`dpt_id` AS `t1_c14`, `cargo_process`.`was_interstate` AS `t1_c15` FROM `cargo_process` `cargo_process`  WHERE (`cargo_process`.`shipment_id`=:ypl0) ORDER BY cargo_process.id desc
2023/10/23 09:16:15 [trace] [system.db.ar.CActiveRecord] lazy loading ImParcel.trans
2023/10/23 09:16:15 [trace] [system.db.CDbCommand] Querying SQL: SHOW FULL COLUMNS FROM `tranship`
2023/10/23 09:16:15 [trace] [system.db.CDbCommand] Querying SQL: SHOW CREATE TABLE `tranship`
2023/10/23 09:16:15 [trace] [system.db.CDbCommand] Querying SQL: SELECT `trans`.`id` AS `t1_c0`, `trans`.`pid` AS `t1_c1`, `trans`.`org_id` AS `t1_c2`, `trans`.`man_id` AS `t1_c3`, `trans`.`connote` AS `t1_c4`, `trans`.`time` AS `t1_c5`, `trans`.`type` AS `t1_c6`, `trans`.`status` AS `t1_c7`, `trans`.`meta` AS `t1_c8`, `trans`.`cost` AS `t1_c9` FROM `tranship` `trans`  WHERE (`trans`.`pid`=:ypl0)
2023/10/23 09:16:15 [trace] [system.db.CDbCommand] Querying SQL: SHOW FULL COLUMNS FROM `log`
2023/10/23 09:16:15 [trace] [system.db.CDbCommand] Querying SQL: SHOW CREATE TABLE `log`
2023/10/23 09:16:15 [trace] [system.db.ar.CActiveRecord] Log.insert()
2023/10/23 09:16:15 [trace] [system.db.CDbCommand] Executing SQL: INSERT INTO `log` (`type`, `model`, `lid`, `user_id`, `time`, `meta`) VALUES (:yp0, :yp1, :yp2, :yp3, :yp4, :yp5)
2023/10/23 09:19:29 [trace] [system.db.CDbConnection] Opening DB connection
2023/10/23 09:19:31 [trace] [system.db.CDbCommand] Querying SQL: SHOW FULL COLUMNS FROM `shipment`
2023/10/23 09:19:31 [trace] [system.db.CDbCommand] Querying SQL: SHOW CREATE TABLE `shipment`
2023/10/23 09:19:31 [trace] [system.db.ar.CActiveRecord] ImParcel.findByPk()
2023/10/23 09:19:31 [trace] [system.db.CDbCommand] Querying SQL: SELECT * FROM `shipment` `t` WHERE (`t`.`type`=10) AND (`t`.`id`='56382310') LIMIT 1
2023/10/23 09:19:31 [trace] [system.db.ar.CActiveRecord] OrgRate.find()
2023/10/23 09:19:31 [trace] [system.db.CDbCommand] Querying SQL: SHOW FULL COLUMNS FROM `org_rate`
2023/10/23 09:19:31 [trace] [system.db.CDbCommand] Querying SQL: SHOW CREATE TABLE `org_rate`
2023/10/23 09:19:31 [trace] [system.db.CDbCommand] Querying SQL: SELECT * FROM `org_rate` `t` WHERE id = :id LIMIT 1
2023/10/23 09:19:31 [trace] [system.db.ar.CActiveRecord] Addr.findByPk()
2023/10/23 09:19:31 [trace] [system.db.CDbCommand] Querying SQL: SHOW FULL COLUMNS FROM `addr`
2023/10/23 09:19:31 [trace] [system.db.CDbCommand] Querying SQL: SHOW CREATE TABLE `addr`
2023/10/23 09:19:31 [trace] [system.db.CDbCommand] Querying SQL: SELECT * FROM `addr` `t` WHERE `t`.`id`='142274892' LIMIT 1
2023/10/23 09:19:31 [trace] [system.db.ar.CActiveRecord] lazy loading ImParcel.cnee
2023/10/23 09:19:31 [trace] [system.db.CDbCommand] Querying SQL: SELECT `cnee`.`id` AS `t1_c0`, `cnee`.`owner_id` AS `t1_c1`, `cnee`.`cnid_id` AS `t1_c2`, `cnee`.`name` AS `t1_c3`, `cnee`.`company` AS `t1_c4`, `cnee`.`address` AS `t1_c5`, `cnee`.`suburb` AS `t1_c6`, `cnee`.`city` AS `t1_c7`, `cnee`.`state` AS `t1_c8`, `cnee`.`postcode` AS `t1_c9`, `cnee`.`country` AS `t1_c10`, `cnee`.`tel` AS `t1_c11`, `cnee`.`email` AS `t1_c12`, `cnee`.`acc` AS `t1_c13`, `cnee`.`cnid_no` AS `t1_c14` FROM `addr` `cnee`  WHERE (`cnee`.`id`=:ypl0)
2023/10/23 09:19:33 [trace] [system.db.ar.CActiveRecord] ImParcel.findByPk()
2023/10/23 09:19:33 [trace] [system.db.CDbCommand] Querying SQL: SELECT * FROM `shipment` `t` WHERE (`t`.`type`=10) AND (`t`.`id`='56382310') LIMIT 1
2023/10/23 09:19:33 [trace] [system.db.ar.CActiveRecord] ImParcel.update()
2023/10/23 09:19:33 [trace] [system.db.ar.CActiveRecord] ImParcel.updateByPk()
2023/10/23 09:19:33 [trace] [system.db.CDbCommand] Executing SQL: UPDATE `shipment` SET `meta`=:yp0 WHERE `shipment`.`id`='56382310'
2023/10/23 09:19:33 [trace] [system.db.ar.CActiveRecord] Tracking.count()
2023/10/23 09:19:33 [trace] [system.db.CDbCommand] Querying SQL: SHOW FULL COLUMNS FROM `tracking`
2023/10/23 09:19:33 [trace] [system.db.CDbCommand] Querying SQL: SHOW CREATE TABLE `tracking`
2023/10/23 09:19:33 [trace] [system.db.CDbCommand] Querying SQL: SELECT COUNT(*) FROM `tracking` `t` WHERE pid = :pid AND type = :t
2023/10/23 09:19:33 [trace] [system.db.ar.CActiveRecord] lazy loading ImParcel.agent
2023/10/23 09:19:33 [trace] [system.db.CDbCommand] Querying SQL: SHOW FULL COLUMNS FROM `org`
2023/10/23 09:19:33 [trace] [system.db.CDbCommand] Querying SQL: SHOW CREATE TABLE `org`
2023/10/23 09:19:33 [trace] [system.db.CDbCommand] Querying SQL: SELECT `agent`.`id` AS `t1_c0`, `agent`.`pid` AS `t1_c1`, `agent`.`type` AS `t1_c2`, `agent`.`name` AS `t1_c3`, `agent`.`code` AS `t1_c4`, `agent`.`accode` AS `t1_c5`, `agent`.`abn` AS `t1_c6`, `agent`.`address` AS `t1_c7`, `agent`.`suburb` AS `t1_c8`, `agent`.`state` AS `t1_c9`, `agent`.`postcode` AS `t1_c10`, `agent`.`country` AS `t1_c11`, `agent`.`email` AS `t1_c12`, `agent`.`phone` AS `t1_c13`, `agent`.`fax` AS `t1_c14`, `agent`.`desc` AS `t1_c15`, `agent`.`status` AS `t1_c16`, `agent`.`meta` AS `t1_c17`, `agent`.`by` AS `t1_c18`, `agent`.`manager` AS `t1_c19`, `agent`.`nln` AS `t1_c20`, `agent`.`cargo_driver_type` AS `t1_c21`, `agent`.`hash` AS `t1_c22`, `agent`.`lat` AS `t1_c23`, `agent`.`lng` AS `t1_c24` FROM `org` `agent`  WHERE (`agent`.`id`=:ypl0)
2023/10/23 09:19:33 [trace] [system.db.ar.CActiveRecord] ImParcel.refresh()
2023/10/23 09:19:33 [trace] [system.db.ar.CActiveRecord] ImParcel.findByPk()
2023/10/23 09:19:33 [trace] [system.db.CDbCommand] Querying SQL: SELECT * FROM `shipment` `t` WHERE (`t`.`type`=10) AND (`t`.`id`='56382310') LIMIT 1
2023/10/23 09:19:33 [trace] [system.db.ar.CActiveRecord] lazy loading ImParcel.cargo_process
2023/10/23 09:19:33 [trace] [system.db.CDbCommand] Querying SQL: SHOW FULL COLUMNS FROM `cargo_process`
2023/10/23 09:19:33 [trace] [system.db.CDbCommand] Querying SQL: SHOW CREATE TABLE `cargo_process`
2023/10/23 09:19:33 [trace] [system.db.CDbCommand] Querying SQL: SELECT `cargo_process`.`id` AS `t1_c0`, `cargo_process`.`shipment_id` AS `t1_c1`, `cargo_process`.`status` AS `t1_c2`, `cargo_process`.`started` AS `t1_c3`, `cargo_process`.`date` AS `t1_c4`, `cargo_process`.`note` AS `t1_c5`, `cargo_process`.`driver_id` AS `t1_c6`, `cargo_process`.`cargo_receipt` AS `t1_c7`, `cargo_process`.`gate_pass_id` AS `t1_c8`, `cargo_process`.`agg_pod_id` AS `t1_c9`, `cargo_process`.`meta` AS `t1_c10`, `cargo_process`.`type` AS `t1_c11`, `cargo_process`.`caref` AS `t1_c12`, `cargo_process`.`sub_type` AS `t1_c13`, `cargo_process`.`dpt_id` AS `t1_c14`, `cargo_process`.`was_interstate` AS `t1_c15` FROM `cargo_process` `cargo_process`  WHERE (`cargo_process`.`shipment_id`=:ypl0) ORDER BY cargo_process.id desc
2023/10/23 09:19:33 [trace] [system.db.ar.CActiveRecord] ImParcel.findByPk()
2023/10/23 09:19:33 [trace] [system.db.CDbCommand] Querying SQL: SELECT * FROM `shipment` `t` WHERE (`t`.`type`=10) AND (`t`.`id`='56382314') LIMIT 1
2023/10/23 09:19:33 [trace] [system.db.ar.CActiveRecord] OrgRate.find()
2023/10/23 09:19:33 [trace] [system.db.CDbCommand] Querying SQL: SELECT * FROM `org_rate` `t` WHERE id = :id LIMIT 1
2023/10/23 09:19:33 [trace] [system.db.ar.CActiveRecord] Addr.findByPk()
2023/10/23 09:19:33 [trace] [system.db.CDbCommand] Querying SQL: SELECT * FROM `addr` `t` WHERE `t`.`id`='142274923' LIMIT 1
2023/10/23 09:19:33 [trace] [system.db.ar.CActiveRecord] lazy loading ImParcel.cnee
2023/10/23 09:19:33 [trace] [system.db.CDbCommand] Querying SQL: SELECT `cnee`.`id` AS `t1_c0`, `cnee`.`owner_id` AS `t1_c1`, `cnee`.`cnid_id` AS `t1_c2`, `cnee`.`name` AS `t1_c3`, `cnee`.`company` AS `t1_c4`, `cnee`.`address` AS `t1_c5`, `cnee`.`suburb` AS `t1_c6`, `cnee`.`city` AS `t1_c7`, `cnee`.`state` AS `t1_c8`, `cnee`.`postcode` AS `t1_c9`, `cnee`.`country` AS `t1_c10`, `cnee`.`tel` AS `t1_c11`, `cnee`.`email` AS `t1_c12`, `cnee`.`acc` AS `t1_c13`, `cnee`.`cnid_no` AS `t1_c14` FROM `addr` `cnee`  WHERE (`cnee`.`id`=:ypl0)
2023/10/23 09:19:33 [trace] [system.db.ar.CActiveRecord] ImParcel.findByPk()
2023/10/23 09:19:33 [trace] [system.db.CDbCommand] Querying SQL: SELECT * FROM `shipment` `t` WHERE (`t`.`type`=10) AND (`t`.`id`='56382314') LIMIT 1
2023/10/23 09:19:33 [trace] [system.db.ar.CActiveRecord] ImParcel.update()
2023/10/23 09:19:33 [trace] [system.db.ar.CActiveRecord] ImParcel.updateByPk()
2023/10/23 09:19:33 [trace] [system.db.CDbCommand] Executing SQL: UPDATE `shipment` SET `meta`=:yp0 WHERE `shipment`.`id`='56382314'
2023/10/23 09:19:33 [trace] [system.db.ar.CActiveRecord] Tracking.count()
2023/10/23 09:19:33 [trace] [system.db.CDbCommand] Querying SQL: SELECT COUNT(*) FROM `tracking` `t` WHERE pid = :pid AND type = :t
2023/10/23 09:19:33 [trace] [system.db.ar.CActiveRecord] lazy loading ImParcel.agent
2023/10/23 09:19:33 [trace] [system.db.CDbCommand] Querying SQL: SELECT `agent`.`id` AS `t1_c0`, `agent`.`pid` AS `t1_c1`, `agent`.`type` AS `t1_c2`, `agent`.`name` AS `t1_c3`, `agent`.`code` AS `t1_c4`, `agent`.`accode` AS `t1_c5`, `agent`.`abn` AS `t1_c6`, `agent`.`address` AS `t1_c7`, `agent`.`suburb` AS `t1_c8`, `agent`.`state` AS `t1_c9`, `agent`.`postcode` AS `t1_c10`, `agent`.`country` AS `t1_c11`, `agent`.`email` AS `t1_c12`, `agent`.`phone` AS `t1_c13`, `agent`.`fax` AS `t1_c14`, `agent`.`desc` AS `t1_c15`, `agent`.`status` AS `t1_c16`, `agent`.`meta` AS `t1_c17`, `agent`.`by` AS `t1_c18`, `agent`.`manager` AS `t1_c19`, `agent`.`nln` AS `t1_c20`, `agent`.`cargo_driver_type` AS `t1_c21`, `agent`.`hash` AS `t1_c22`, `agent`.`lat` AS `t1_c23`, `agent`.`lng` AS `t1_c24` FROM `org` `agent`  WHERE (`agent`.`id`=:ypl0)
2023/10/23 09:19:33 [trace] [system.db.ar.CActiveRecord] ImParcel.refresh()
2023/10/23 09:19:33 [trace] [system.db.ar.CActiveRecord] ImParcel.findByPk()
2023/10/23 09:19:33 [trace] [system.db.CDbCommand] Querying SQL: SELECT * FROM `shipment` `t` WHERE (`t`.`type`=10) AND (`t`.`id`='56382314') LIMIT 1
2023/10/23 09:19:33 [trace] [system.db.ar.CActiveRecord] lazy loading ImParcel.cargo_process
2023/10/23 09:19:33 [trace] [system.db.CDbCommand] Querying SQL: SELECT `cargo_process`.`id` AS `t1_c0`, `cargo_process`.`shipment_id` AS `t1_c1`, `cargo_process`.`status` AS `t1_c2`, `cargo_process`.`started` AS `t1_c3`, `cargo_process`.`date` AS `t1_c4`, `cargo_process`.`note` AS `t1_c5`, `cargo_process`.`driver_id` AS `t1_c6`, `cargo_process`.`cargo_receipt` AS `t1_c7`, `cargo_process`.`gate_pass_id` AS `t1_c8`, `cargo_process`.`agg_pod_id` AS `t1_c9`, `cargo_process`.`meta` AS `t1_c10`, `cargo_process`.`type` AS `t1_c11`, `cargo_process`.`caref` AS `t1_c12`, `cargo_process`.`sub_type` AS `t1_c13`, `cargo_process`.`dpt_id` AS `t1_c14`, `cargo_process`.`was_interstate` AS `t1_c15` FROM `cargo_process` `cargo_process`  WHERE (`cargo_process`.`shipment_id`=:ypl0) ORDER BY cargo_process.id desc
2023/10/23 09:19:33 [trace] [system.db.ar.CActiveRecord] ImParcel.findByPk()
2023/10/23 09:19:33 [trace] [system.db.CDbCommand] Querying SQL: SELECT * FROM `shipment` `t` WHERE (`t`.`type`=10) AND (`t`.`id`='56382311') LIMIT 1
2023/10/23 09:19:33 [trace] [system.db.ar.CActiveRecord] OrgRate.find()
2023/10/23 09:19:33 [trace] [system.db.CDbCommand] Querying SQL: SELECT * FROM `org_rate` `t` WHERE id = :id LIMIT 1
2023/10/23 09:19:33 [trace] [system.db.ar.CActiveRecord] Addr.findByPk()
2023/10/23 09:19:33 [trace] [system.db.CDbCommand] Querying SQL: SELECT * FROM `addr` `t` WHERE `t`.`id`='142274894' LIMIT 1
2023/10/23 09:19:33 [trace] [system.db.ar.CActiveRecord] lazy loading ImParcel.cnee
2023/10/23 09:19:33 [trace] [system.db.CDbCommand] Querying SQL: SELECT `cnee`.`id` AS `t1_c0`, `cnee`.`owner_id` AS `t1_c1`, `cnee`.`cnid_id` AS `t1_c2`, `cnee`.`name` AS `t1_c3`, `cnee`.`company` AS `t1_c4`, `cnee`.`address` AS `t1_c5`, `cnee`.`suburb` AS `t1_c6`, `cnee`.`city` AS `t1_c7`, `cnee`.`state` AS `t1_c8`, `cnee`.`postcode` AS `t1_c9`, `cnee`.`country` AS `t1_c10`, `cnee`.`tel` AS `t1_c11`, `cnee`.`email` AS `t1_c12`, `cnee`.`acc` AS `t1_c13`, `cnee`.`cnid_no` AS `t1_c14` FROM `addr` `cnee`  WHERE (`cnee`.`id`=:ypl0)
2023/10/23 09:19:34 [trace] [system.db.ar.CActiveRecord] ImParcel.findByPk()
2023/10/23 09:19:34 [trace] [system.db.CDbCommand] Querying SQL: SELECT * FROM `shipment` `t` WHERE (`t`.`type`=10) AND (`t`.`id`='56382311') LIMIT 1
2023/10/23 09:19:34 [trace] [system.db.ar.CActiveRecord] ImParcel.update()
2023/10/23 09:19:34 [trace] [system.db.ar.CActiveRecord] ImParcel.updateByPk()
2023/10/23 09:19:34 [trace] [system.db.CDbCommand] Executing SQL: UPDATE `shipment` SET `meta`=:yp0 WHERE `shipment`.`id`='56382311'
2023/10/23 09:19:34 [trace] [system.db.ar.CActiveRecord] Tracking.count()
2023/10/23 09:19:34 [trace] [system.db.CDbCommand] Querying SQL: SELECT COUNT(*) FROM `tracking` `t` WHERE pid = :pid AND type = :t
2023/10/23 09:19:34 [trace] [system.db.ar.CActiveRecord] lazy loading ImParcel.agent
2023/10/23 09:19:34 [trace] [system.db.CDbCommand] Querying SQL: SELECT `agent`.`id` AS `t1_c0`, `agent`.`pid` AS `t1_c1`, `agent`.`type` AS `t1_c2`, `agent`.`name` AS `t1_c3`, `agent`.`code` AS `t1_c4`, `agent`.`accode` AS `t1_c5`, `agent`.`abn` AS `t1_c6`, `agent`.`address` AS `t1_c7`, `agent`.`suburb` AS `t1_c8`, `agent`.`state` AS `t1_c9`, `agent`.`postcode` AS `t1_c10`, `agent`.`country` AS `t1_c11`, `agent`.`email` AS `t1_c12`, `agent`.`phone` AS `t1_c13`, `agent`.`fax` AS `t1_c14`, `agent`.`desc` AS `t1_c15`, `agent`.`status` AS `t1_c16`, `agent`.`meta` AS `t1_c17`, `agent`.`by` AS `t1_c18`, `agent`.`manager` AS `t1_c19`, `agent`.`nln` AS `t1_c20`, `agent`.`cargo_driver_type` AS `t1_c21`, `agent`.`hash` AS `t1_c22`, `agent`.`lat` AS `t1_c23`, `agent`.`lng` AS `t1_c24` FROM `org` `agent`  WHERE (`agent`.`id`=:ypl0)
2023/10/23 09:19:34 [trace] [system.db.ar.CActiveRecord] ImParcel.refresh()
2023/10/23 09:19:34 [trace] [system.db.ar.CActiveRecord] ImParcel.findByPk()
2023/10/23 09:19:34 [trace] [system.db.CDbCommand] Querying SQL: SELECT * FROM `shipment` `t` WHERE (`t`.`type`=10) AND (`t`.`id`='56382311') LIMIT 1
2023/10/23 09:19:34 [trace] [system.db.ar.CActiveRecord] lazy loading ImParcel.cargo_process
2023/10/23 09:19:34 [trace] [system.db.CDbCommand] Querying SQL: SELECT `cargo_process`.`id` AS `t1_c0`, `cargo_process`.`shipment_id` AS `t1_c1`, `cargo_process`.`status` AS `t1_c2`, `cargo_process`.`started` AS `t1_c3`, `cargo_process`.`date` AS `t1_c4`, `cargo_process`.`note` AS `t1_c5`, `cargo_process`.`driver_id` AS `t1_c6`, `cargo_process`.`cargo_receipt` AS `t1_c7`, `cargo_process`.`gate_pass_id` AS `t1_c8`, `cargo_process`.`agg_pod_id` AS `t1_c9`, `cargo_process`.`meta` AS `t1_c10`, `cargo_process`.`type` AS `t1_c11`, `cargo_process`.`caref` AS `t1_c12`, `cargo_process`.`sub_type` AS `t1_c13`, `cargo_process`.`dpt_id` AS `t1_c14`, `cargo_process`.`was_interstate` AS `t1_c15` FROM `cargo_process` `cargo_process`  WHERE (`cargo_process`.`shipment_id`=:ypl0) ORDER BY cargo_process.id desc
2023/10/23 09:19:34 [trace] [system.db.ar.CActiveRecord] ImParcel.findByPk()
2023/10/23 09:19:34 [trace] [system.db.CDbCommand] Querying SQL: SELECT * FROM `shipment` `t` WHERE (`t`.`type`=10) AND (`t`.`id`='56382315') LIMIT 1
2023/10/23 09:19:34 [trace] [system.db.ar.CActiveRecord] OrgRate.find()
2023/10/23 09:19:34 [trace] [system.db.CDbCommand] Querying SQL: SELECT * FROM `org_rate` `t` WHERE id = :id LIMIT 1
2023/10/23 09:19:34 [trace] [system.db.ar.CActiveRecord] Addr.findByPk()
2023/10/23 09:19:34 [trace] [system.db.CDbCommand] Querying SQL: SELECT * FROM `addr` `t` WHERE `t`.`id`='142274923' LIMIT 1
2023/10/23 09:19:34 [trace] [system.db.ar.CActiveRecord] lazy loading ImParcel.cnee
2023/10/23 09:19:34 [trace] [system.db.CDbCommand] Querying SQL: SELECT `cnee`.`id` AS `t1_c0`, `cnee`.`owner_id` AS `t1_c1`, `cnee`.`cnid_id` AS `t1_c2`, `cnee`.`name` AS `t1_c3`, `cnee`.`company` AS `t1_c4`, `cnee`.`address` AS `t1_c5`, `cnee`.`suburb` AS `t1_c6`, `cnee`.`city` AS `t1_c7`, `cnee`.`state` AS `t1_c8`, `cnee`.`postcode` AS `t1_c9`, `cnee`.`country` AS `t1_c10`, `cnee`.`tel` AS `t1_c11`, `cnee`.`email` AS `t1_c12`, `cnee`.`acc` AS `t1_c13`, `cnee`.`cnid_no` AS `t1_c14` FROM `addr` `cnee`  WHERE (`cnee`.`id`=:ypl0)
2023/10/23 09:19:34 [trace] [system.db.ar.CActiveRecord] ImParcel.findByPk()
2023/10/23 09:19:34 [trace] [system.db.CDbCommand] Querying SQL: SELECT * FROM `shipment` `t` WHERE (`t`.`type`=10) AND (`t`.`id`='56382315') LIMIT 1
2023/10/23 09:19:34 [trace] [system.db.ar.CActiveRecord] ImParcel.update()
2023/10/23 09:19:34 [trace] [system.db.ar.CActiveRecord] ImParcel.updateByPk()
2023/10/23 09:19:34 [trace] [system.db.CDbCommand] Executing SQL: UPDATE `shipment` SET `meta`=:yp0 WHERE `shipment`.`id`='56382315'
2023/10/23 09:19:34 [trace] [system.db.ar.CActiveRecord] Tracking.count()
2023/10/23 09:19:34 [trace] [system.db.CDbCommand] Querying SQL: SELECT COUNT(*) FROM `tracking` `t` WHERE pid = :pid AND type = :t
2023/10/23 09:19:34 [trace] [system.db.ar.CActiveRecord] lazy loading ImParcel.agent
2023/10/23 09:19:34 [trace] [system.db.CDbCommand] Querying SQL: SELECT `agent`.`id` AS `t1_c0`, `agent`.`pid` AS `t1_c1`, `agent`.`type` AS `t1_c2`, `agent`.`name` AS `t1_c3`, `agent`.`code` AS `t1_c4`, `agent`.`accode` AS `t1_c5`, `agent`.`abn` AS `t1_c6`, `agent`.`address` AS `t1_c7`, `agent`.`suburb` AS `t1_c8`, `agent`.`state` AS `t1_c9`, `agent`.`postcode` AS `t1_c10`, `agent`.`country` AS `t1_c11`, `agent`.`email` AS `t1_c12`, `agent`.`phone` AS `t1_c13`, `agent`.`fax` AS `t1_c14`, `agent`.`desc` AS `t1_c15`, `agent`.`status` AS `t1_c16`, `agent`.`meta` AS `t1_c17`, `agent`.`by` AS `t1_c18`, `agent`.`manager` AS `t1_c19`, `agent`.`nln` AS `t1_c20`, `agent`.`cargo_driver_type` AS `t1_c21`, `agent`.`hash` AS `t1_c22`, `agent`.`lat` AS `t1_c23`, `agent`.`lng` AS `t1_c24` FROM `org` `agent`  WHERE (`agent`.`id`=:ypl0)
2023/10/23 09:19:34 [trace] [system.db.ar.CActiveRecord] ImParcel.refresh()
2023/10/23 09:19:34 [trace] [system.db.ar.CActiveRecord] ImParcel.findByPk()
2023/10/23 09:19:34 [trace] [system.db.CDbCommand] Querying SQL: SELECT * FROM `shipment` `t` WHERE (`t`.`type`=10) AND (`t`.`id`='56382315') LIMIT 1
2023/10/23 09:19:34 [trace] [system.db.ar.CActiveRecord] lazy loading ImParcel.cargo_process
2023/10/23 09:19:34 [trace] [system.db.CDbCommand] Querying SQL: SELECT `cargo_process`.`id` AS `t1_c0`, `cargo_process`.`shipment_id` AS `t1_c1`, `cargo_process`.`status` AS `t1_c2`, `cargo_process`.`started` AS `t1_c3`, `cargo_process`.`date` AS `t1_c4`, `cargo_process`.`note` AS `t1_c5`, `cargo_process`.`driver_id` AS `t1_c6`, `cargo_process`.`cargo_receipt` AS `t1_c7`, `cargo_process`.`gate_pass_id` AS `t1_c8`, `cargo_process`.`agg_pod_id` AS `t1_c9`, `cargo_process`.`meta` AS `t1_c10`, `cargo_process`.`type` AS `t1_c11`, `cargo_process`.`caref` AS `t1_c12`, `cargo_process`.`sub_type` AS `t1_c13`, `cargo_process`.`dpt_id` AS `t1_c14`, `cargo_process`.`was_interstate` AS `t1_c15` FROM `cargo_process` `cargo_process`  WHERE (`cargo_process`.`shipment_id`=:ypl0) ORDER BY cargo_process.id desc
2023/10/23 09:19:55 [trace] [system.db.CDbConnection] Opening DB connection
2023/10/23 09:19:57 [trace] [system.db.CDbCommand] Querying SQL: SHOW FULL COLUMNS FROM `shipment`
2023/10/23 09:19:57 [trace] [system.db.CDbCommand] Querying SQL: SHOW CREATE TABLE `shipment`
2023/10/23 09:19:57 [trace] [system.db.ar.CActiveRecord] ImParcel.findByPk()
2023/10/23 09:19:57 [trace] [system.db.CDbCommand] Querying SQL: SELECT * FROM `shipment` `t` WHERE (`t`.`type`=10) AND (`t`.`id`='56382310') LIMIT 1
2023/10/23 09:19:57 [trace] [system.db.ar.CActiveRecord] OrgRate.find()
2023/10/23 09:19:57 [trace] [system.db.CDbCommand] Querying SQL: SHOW FULL COLUMNS FROM `org_rate`
2023/10/23 09:19:57 [trace] [system.db.CDbCommand] Querying SQL: SHOW CREATE TABLE `org_rate`
2023/10/23 09:19:57 [trace] [system.db.CDbCommand] Querying SQL: SELECT * FROM `org_rate` `t` WHERE id = :id LIMIT 1
2023/10/23 09:19:57 [trace] [system.db.ar.CActiveRecord] Addr.findByPk()
2023/10/23 09:19:57 [trace] [system.db.CDbCommand] Querying SQL: SHOW FULL COLUMNS FROM `addr`
2023/10/23 09:19:57 [trace] [system.db.CDbCommand] Querying SQL: SHOW CREATE TABLE `addr`
2023/10/23 09:19:57 [trace] [system.db.CDbCommand] Querying SQL: SELECT * FROM `addr` `t` WHERE `t`.`id`='142274892' LIMIT 1
2023/10/23 09:19:57 [trace] [system.db.ar.CActiveRecord] lazy loading ImParcel.cnee
2023/10/23 09:19:57 [trace] [system.db.CDbCommand] Querying SQL: SELECT `cnee`.`id` AS `t1_c0`, `cnee`.`owner_id` AS `t1_c1`, `cnee`.`cnid_id` AS `t1_c2`, `cnee`.`name` AS `t1_c3`, `cnee`.`company` AS `t1_c4`, `cnee`.`address` AS `t1_c5`, `cnee`.`suburb` AS `t1_c6`, `cnee`.`city` AS `t1_c7`, `cnee`.`state` AS `t1_c8`, `cnee`.`postcode` AS `t1_c9`, `cnee`.`country` AS `t1_c10`, `cnee`.`tel` AS `t1_c11`, `cnee`.`email` AS `t1_c12`, `cnee`.`acc` AS `t1_c13`, `cnee`.`cnid_no` AS `t1_c14` FROM `addr` `cnee`  WHERE (`cnee`.`id`=:ypl0)
2023/10/23 09:19:58 [trace] [system.db.ar.CActiveRecord] ImParcel.findByPk()
2023/10/23 09:19:58 [trace] [system.db.CDbCommand] Querying SQL: SELECT * FROM `shipment` `t` WHERE (`t`.`type`=10) AND (`t`.`id`='56382310') LIMIT 1
2023/10/23 09:19:58 [trace] [system.db.ar.CActiveRecord] ImParcel.update()
2023/10/23 09:19:58 [trace] [system.db.ar.CActiveRecord] ImParcel.updateByPk()
2023/10/23 09:19:58 [trace] [system.db.CDbCommand] Executing SQL: UPDATE `shipment` SET `meta`=:yp0 WHERE `shipment`.`id`='56382310'
2023/10/23 09:19:58 [trace] [system.db.ar.CActiveRecord] Tracking.count()
2023/10/23 09:19:58 [trace] [system.db.CDbCommand] Querying SQL: SHOW FULL COLUMNS FROM `tracking`
2023/10/23 09:19:58 [trace] [system.db.CDbCommand] Querying SQL: SHOW CREATE TABLE `tracking`
2023/10/23 09:19:58 [trace] [system.db.CDbCommand] Querying SQL: SELECT COUNT(*) FROM `tracking` `t` WHERE pid = :pid AND type = :t
2023/10/23 09:19:58 [trace] [system.db.ar.CActiveRecord] lazy loading ImParcel.agent
2023/10/23 09:19:58 [trace] [system.db.CDbCommand] Querying SQL: SHOW FULL COLUMNS FROM `org`
2023/10/23 09:19:58 [trace] [system.db.CDbCommand] Querying SQL: SHOW CREATE TABLE `org`
2023/10/23 09:19:58 [trace] [system.db.CDbCommand] Querying SQL: SELECT `agent`.`id` AS `t1_c0`, `agent`.`pid` AS `t1_c1`, `agent`.`type` AS `t1_c2`, `agent`.`name` AS `t1_c3`, `agent`.`code` AS `t1_c4`, `agent`.`accode` AS `t1_c5`, `agent`.`abn` AS `t1_c6`, `agent`.`address` AS `t1_c7`, `agent`.`suburb` AS `t1_c8`, `agent`.`state` AS `t1_c9`, `agent`.`postcode` AS `t1_c10`, `agent`.`country` AS `t1_c11`, `agent`.`email` AS `t1_c12`, `agent`.`phone` AS `t1_c13`, `agent`.`fax` AS `t1_c14`, `agent`.`desc` AS `t1_c15`, `agent`.`status` AS `t1_c16`, `agent`.`meta` AS `t1_c17`, `agent`.`by` AS `t1_c18`, `agent`.`manager` AS `t1_c19`, `agent`.`nln` AS `t1_c20`, `agent`.`cargo_driver_type` AS `t1_c21`, `agent`.`hash` AS `t1_c22`, `agent`.`lat` AS `t1_c23`, `agent`.`lng` AS `t1_c24` FROM `org` `agent`  WHERE (`agent`.`id`=:ypl0)
2023/10/23 09:19:58 [trace] [system.db.ar.CActiveRecord] ImParcel.refresh()
2023/10/23 09:19:58 [trace] [system.db.ar.CActiveRecord] ImParcel.findByPk()
2023/10/23 09:19:58 [trace] [system.db.CDbCommand] Querying SQL: SELECT * FROM `shipment` `t` WHERE (`t`.`type`=10) AND (`t`.`id`='56382310') LIMIT 1
2023/10/23 09:19:58 [trace] [system.db.ar.CActiveRecord] lazy loading ImParcel.cargo_process
2023/10/23 09:19:58 [trace] [system.db.CDbCommand] Querying SQL: SHOW FULL COLUMNS FROM `cargo_process`
2023/10/23 09:19:58 [trace] [system.db.CDbCommand] Querying SQL: SHOW CREATE TABLE `cargo_process`
2023/10/23 09:19:58 [trace] [system.db.CDbCommand] Querying SQL: SELECT `cargo_process`.`id` AS `t1_c0`, `cargo_process`.`shipment_id` AS `t1_c1`, `cargo_process`.`status` AS `t1_c2`, `cargo_process`.`started` AS `t1_c3`, `cargo_process`.`date` AS `t1_c4`, `cargo_process`.`note` AS `t1_c5`, `cargo_process`.`driver_id` AS `t1_c6`, `cargo_process`.`cargo_receipt` AS `t1_c7`, `cargo_process`.`gate_pass_id` AS `t1_c8`, `cargo_process`.`agg_pod_id` AS `t1_c9`, `cargo_process`.`meta` AS `t1_c10`, `cargo_process`.`type` AS `t1_c11`, `cargo_process`.`caref` AS `t1_c12`, `cargo_process`.`sub_type` AS `t1_c13`, `cargo_process`.`dpt_id` AS `t1_c14`, `cargo_process`.`was_interstate` AS `t1_c15` FROM `cargo_process` `cargo_process`  WHERE (`cargo_process`.`shipment_id`=:ypl0) ORDER BY cargo_process.id desc
2023/10/23 09:19:58 [trace] [system.db.ar.CActiveRecord] ImParcel.findByPk()
2023/10/23 09:19:58 [trace] [system.db.CDbCommand] Querying SQL: SELECT * FROM `shipment` `t` WHERE (`t`.`type`=10) AND (`t`.`id`='56382314') LIMIT 1
2023/10/23 09:19:58 [trace] [system.db.ar.CActiveRecord] OrgRate.find()
2023/10/23 09:19:58 [trace] [system.db.CDbCommand] Querying SQL: SELECT * FROM `org_rate` `t` WHERE id = :id LIMIT 1
2023/10/23 09:19:58 [trace] [system.db.ar.CActiveRecord] Addr.findByPk()
2023/10/23 09:19:58 [trace] [system.db.CDbCommand] Querying SQL: SELECT * FROM `addr` `t` WHERE `t`.`id`='142274923' LIMIT 1
2023/10/23 09:19:58 [trace] [system.db.ar.CActiveRecord] lazy loading ImParcel.cnee
2023/10/23 09:19:58 [trace] [system.db.CDbCommand] Querying SQL: SELECT `cnee`.`id` AS `t1_c0`, `cnee`.`owner_id` AS `t1_c1`, `cnee`.`cnid_id` AS `t1_c2`, `cnee`.`name` AS `t1_c3`, `cnee`.`company` AS `t1_c4`, `cnee`.`address` AS `t1_c5`, `cnee`.`suburb` AS `t1_c6`, `cnee`.`city` AS `t1_c7`, `cnee`.`state` AS `t1_c8`, `cnee`.`postcode` AS `t1_c9`, `cnee`.`country` AS `t1_c10`, `cnee`.`tel` AS `t1_c11`, `cnee`.`email` AS `t1_c12`, `cnee`.`acc` AS `t1_c13`, `cnee`.`cnid_no` AS `t1_c14` FROM `addr` `cnee`  WHERE (`cnee`.`id`=:ypl0)
2023/10/23 09:19:58 [trace] [system.db.ar.CActiveRecord] ImParcel.findByPk()
2023/10/23 09:19:58 [trace] [system.db.CDbCommand] Querying SQL: SELECT * FROM `shipment` `t` WHERE (`t`.`type`=10) AND (`t`.`id`='56382314') LIMIT 1
2023/10/23 09:19:58 [trace] [system.db.ar.CActiveRecord] ImParcel.update()
2023/10/23 09:19:58 [trace] [system.db.ar.CActiveRecord] ImParcel.updateByPk()
2023/10/23 09:19:58 [trace] [system.db.CDbCommand] Executing SQL: UPDATE `shipment` SET `meta`=:yp0 WHERE `shipment`.`id`='56382314'
2023/10/23 09:19:58 [trace] [system.db.ar.CActiveRecord] Tracking.count()
2023/10/23 09:19:58 [trace] [system.db.CDbCommand] Querying SQL: SELECT COUNT(*) FROM `tracking` `t` WHERE pid = :pid AND type = :t
2023/10/23 09:19:58 [trace] [system.db.ar.CActiveRecord] lazy loading ImParcel.agent
2023/10/23 09:19:58 [trace] [system.db.CDbCommand] Querying SQL: SELECT `agent`.`id` AS `t1_c0`, `agent`.`pid` AS `t1_c1`, `agent`.`type` AS `t1_c2`, `agent`.`name` AS `t1_c3`, `agent`.`code` AS `t1_c4`, `agent`.`accode` AS `t1_c5`, `agent`.`abn` AS `t1_c6`, `agent`.`address` AS `t1_c7`, `agent`.`suburb` AS `t1_c8`, `agent`.`state` AS `t1_c9`, `agent`.`postcode` AS `t1_c10`, `agent`.`country` AS `t1_c11`, `agent`.`email` AS `t1_c12`, `agent`.`phone` AS `t1_c13`, `agent`.`fax` AS `t1_c14`, `agent`.`desc` AS `t1_c15`, `agent`.`status` AS `t1_c16`, `agent`.`meta` AS `t1_c17`, `agent`.`by` AS `t1_c18`, `agent`.`manager` AS `t1_c19`, `agent`.`nln` AS `t1_c20`, `agent`.`cargo_driver_type` AS `t1_c21`, `agent`.`hash` AS `t1_c22`, `agent`.`lat` AS `t1_c23`, `agent`.`lng` AS `t1_c24` FROM `org` `agent`  WHERE (`agent`.`id`=:ypl0)
2023/10/23 09:19:58 [trace] [system.db.ar.CActiveRecord] ImParcel.refresh()
2023/10/23 09:19:58 [trace] [system.db.ar.CActiveRecord] ImParcel.findByPk()
2023/10/23 09:19:58 [trace] [system.db.CDbCommand] Querying SQL: SELECT * FROM `shipment` `t` WHERE (`t`.`type`=10) AND (`t`.`id`='56382314') LIMIT 1
2023/10/23 09:19:58 [trace] [system.db.ar.CActiveRecord] lazy loading ImParcel.cargo_process
2023/10/23 09:19:58 [trace] [system.db.CDbCommand] Querying SQL: SELECT `cargo_process`.`id` AS `t1_c0`, `cargo_process`.`shipment_id` AS `t1_c1`, `cargo_process`.`status` AS `t1_c2`, `cargo_process`.`started` AS `t1_c3`, `cargo_process`.`date` AS `t1_c4`, `cargo_process`.`note` AS `t1_c5`, `cargo_process`.`driver_id` AS `t1_c6`, `cargo_process`.`cargo_receipt` AS `t1_c7`, `cargo_process`.`gate_pass_id` AS `t1_c8`, `cargo_process`.`agg_pod_id` AS `t1_c9`, `cargo_process`.`meta` AS `t1_c10`, `cargo_process`.`type` AS `t1_c11`, `cargo_process`.`caref` AS `t1_c12`, `cargo_process`.`sub_type` AS `t1_c13`, `cargo_process`.`dpt_id` AS `t1_c14`, `cargo_process`.`was_interstate` AS `t1_c15` FROM `cargo_process` `cargo_process`  WHERE (`cargo_process`.`shipment_id`=:ypl0) ORDER BY cargo_process.id desc
2023/10/23 09:19:58 [trace] [system.db.ar.CActiveRecord] ImParcel.findByPk()
2023/10/23 09:19:58 [trace] [system.db.CDbCommand] Querying SQL: SELECT * FROM `shipment` `t` WHERE (`t`.`type`=10) AND (`t`.`id`='56382311') LIMIT 1
2023/10/23 09:19:58 [trace] [system.db.ar.CActiveRecord] OrgRate.find()
2023/10/23 09:19:58 [trace] [system.db.CDbCommand] Querying SQL: SELECT * FROM `org_rate` `t` WHERE id = :id LIMIT 1
2023/10/23 09:19:58 [trace] [system.db.ar.CActiveRecord] Addr.findByPk()
2023/10/23 09:19:58 [trace] [system.db.CDbCommand] Querying SQL: SELECT * FROM `addr` `t` WHERE `t`.`id`='142274894' LIMIT 1
2023/10/23 09:19:58 [trace] [system.db.ar.CActiveRecord] lazy loading ImParcel.cnee
2023/10/23 09:19:58 [trace] [system.db.CDbCommand] Querying SQL: SELECT `cnee`.`id` AS `t1_c0`, `cnee`.`owner_id` AS `t1_c1`, `cnee`.`cnid_id` AS `t1_c2`, `cnee`.`name` AS `t1_c3`, `cnee`.`company` AS `t1_c4`, `cnee`.`address` AS `t1_c5`, `cnee`.`suburb` AS `t1_c6`, `cnee`.`city` AS `t1_c7`, `cnee`.`state` AS `t1_c8`, `cnee`.`postcode` AS `t1_c9`, `cnee`.`country` AS `t1_c10`, `cnee`.`tel` AS `t1_c11`, `cnee`.`email` AS `t1_c12`, `cnee`.`acc` AS `t1_c13`, `cnee`.`cnid_no` AS `t1_c14` FROM `addr` `cnee`  WHERE (`cnee`.`id`=:ypl0)
2023/10/23 09:19:59 [trace] [system.db.ar.CActiveRecord] ImParcel.findByPk()
2023/10/23 09:19:59 [trace] [system.db.CDbCommand] Querying SQL: SELECT * FROM `shipment` `t` WHERE (`t`.`type`=10) AND (`t`.`id`='56382311') LIMIT 1
2023/10/23 09:19:59 [trace] [system.db.ar.CActiveRecord] ImParcel.update()
2023/10/23 09:19:59 [trace] [system.db.ar.CActiveRecord] ImParcel.updateByPk()
2023/10/23 09:19:59 [trace] [system.db.CDbCommand] Executing SQL: UPDATE `shipment` SET `meta`=:yp0 WHERE `shipment`.`id`='56382311'
2023/10/23 09:19:59 [trace] [system.db.ar.CActiveRecord] Tracking.count()
2023/10/23 09:19:59 [trace] [system.db.CDbCommand] Querying SQL: SELECT COUNT(*) FROM `tracking` `t` WHERE pid = :pid AND type = :t
2023/10/23 09:19:59 [trace] [system.db.ar.CActiveRecord] lazy loading ImParcel.agent
2023/10/23 09:19:59 [trace] [system.db.CDbCommand] Querying SQL: SELECT `agent`.`id` AS `t1_c0`, `agent`.`pid` AS `t1_c1`, `agent`.`type` AS `t1_c2`, `agent`.`name` AS `t1_c3`, `agent`.`code` AS `t1_c4`, `agent`.`accode` AS `t1_c5`, `agent`.`abn` AS `t1_c6`, `agent`.`address` AS `t1_c7`, `agent`.`suburb` AS `t1_c8`, `agent`.`state` AS `t1_c9`, `agent`.`postcode` AS `t1_c10`, `agent`.`country` AS `t1_c11`, `agent`.`email` AS `t1_c12`, `agent`.`phone` AS `t1_c13`, `agent`.`fax` AS `t1_c14`, `agent`.`desc` AS `t1_c15`, `agent`.`status` AS `t1_c16`, `agent`.`meta` AS `t1_c17`, `agent`.`by` AS `t1_c18`, `agent`.`manager` AS `t1_c19`, `agent`.`nln` AS `t1_c20`, `agent`.`cargo_driver_type` AS `t1_c21`, `agent`.`hash` AS `t1_c22`, `agent`.`lat` AS `t1_c23`, `agent`.`lng` AS `t1_c24` FROM `org` `agent`  WHERE (`agent`.`id`=:ypl0)
2023/10/23 09:19:59 [trace] [system.db.ar.CActiveRecord] ImParcel.refresh()
2023/10/23 09:19:59 [trace] [system.db.ar.CActiveRecord] ImParcel.findByPk()
2023/10/23 09:19:59 [trace] [system.db.CDbCommand] Querying SQL: SELECT * FROM `shipment` `t` WHERE (`t`.`type`=10) AND (`t`.`id`='56382311') LIMIT 1
2023/10/23 09:19:59 [trace] [system.db.ar.CActiveRecord] lazy loading ImParcel.cargo_process
2023/10/23 09:19:59 [trace] [system.db.CDbCommand] Querying SQL: SELECT `cargo_process`.`id` AS `t1_c0`, `cargo_process`.`shipment_id` AS `t1_c1`, `cargo_process`.`status` AS `t1_c2`, `cargo_process`.`started` AS `t1_c3`, `cargo_process`.`date` AS `t1_c4`, `cargo_process`.`note` AS `t1_c5`, `cargo_process`.`driver_id` AS `t1_c6`, `cargo_process`.`cargo_receipt` AS `t1_c7`, `cargo_process`.`gate_pass_id` AS `t1_c8`, `cargo_process`.`agg_pod_id` AS `t1_c9`, `cargo_process`.`meta` AS `t1_c10`, `cargo_process`.`type` AS `t1_c11`, `cargo_process`.`caref` AS `t1_c12`, `cargo_process`.`sub_type` AS `t1_c13`, `cargo_process`.`dpt_id` AS `t1_c14`, `cargo_process`.`was_interstate` AS `t1_c15` FROM `cargo_process` `cargo_process`  WHERE (`cargo_process`.`shipment_id`=:ypl0) ORDER BY cargo_process.id desc
2023/10/23 09:19:59 [trace] [system.db.ar.CActiveRecord] ImParcel.findByPk()
2023/10/23 09:19:59 [trace] [system.db.CDbCommand] Querying SQL: SELECT * FROM `shipment` `t` WHERE (`t`.`type`=10) AND (`t`.`id`='56382315') LIMIT 1
2023/10/23 09:19:59 [trace] [system.db.ar.CActiveRecord] OrgRate.find()
2023/10/23 09:19:59 [trace] [system.db.CDbCommand] Querying SQL: SELECT * FROM `org_rate` `t` WHERE id = :id LIMIT 1
2023/10/23 09:19:59 [trace] [system.db.ar.CActiveRecord] Addr.findByPk()
2023/10/23 09:19:59 [trace] [system.db.CDbCommand] Querying SQL: SELECT * FROM `addr` `t` WHERE `t`.`id`='142274923' LIMIT 1
2023/10/23 09:19:59 [trace] [system.db.ar.CActiveRecord] lazy loading ImParcel.cnee
2023/10/23 09:19:59 [trace] [system.db.CDbCommand] Querying SQL: SELECT `cnee`.`id` AS `t1_c0`, `cnee`.`owner_id` AS `t1_c1`, `cnee`.`cnid_id` AS `t1_c2`, `cnee`.`name` AS `t1_c3`, `cnee`.`company` AS `t1_c4`, `cnee`.`address` AS `t1_c5`, `cnee`.`suburb` AS `t1_c6`, `cnee`.`city` AS `t1_c7`, `cnee`.`state` AS `t1_c8`, `cnee`.`postcode` AS `t1_c9`, `cnee`.`country` AS `t1_c10`, `cnee`.`tel` AS `t1_c11`, `cnee`.`email` AS `t1_c12`, `cnee`.`acc` AS `t1_c13`, `cnee`.`cnid_no` AS `t1_c14` FROM `addr` `cnee`  WHERE (`cnee`.`id`=:ypl0)
2023/10/23 09:19:59 [trace] [system.db.ar.CActiveRecord] ImParcel.findByPk()
2023/10/23 09:19:59 [trace] [system.db.CDbCommand] Querying SQL: SELECT * FROM `shipment` `t` WHERE (`t`.`type`=10) AND (`t`.`id`='56382315') LIMIT 1
2023/10/23 09:19:59 [trace] [system.db.ar.CActiveRecord] ImParcel.update()
2023/10/23 09:19:59 [trace] [system.db.ar.CActiveRecord] ImParcel.updateByPk()
2023/10/23 09:19:59 [trace] [system.db.CDbCommand] Executing SQL: UPDATE `shipment` SET `meta`=:yp0 WHERE `shipment`.`id`='56382315'
2023/10/23 09:19:59 [trace] [system.db.ar.CActiveRecord] Tracking.count()
2023/10/23 09:19:59 [trace] [system.db.CDbCommand] Querying SQL: SELECT COUNT(*) FROM `tracking` `t` WHERE pid = :pid AND type = :t
2023/10/23 09:19:59 [trace] [system.db.ar.CActiveRecord] lazy loading ImParcel.agent
2023/10/23 09:19:59 [trace] [system.db.CDbCommand] Querying SQL: SELECT `agent`.`id` AS `t1_c0`, `agent`.`pid` AS `t1_c1`, `agent`.`type` AS `t1_c2`, `agent`.`name` AS `t1_c3`, `agent`.`code` AS `t1_c4`, `agent`.`accode` AS `t1_c5`, `agent`.`abn` AS `t1_c6`, `agent`.`address` AS `t1_c7`, `agent`.`suburb` AS `t1_c8`, `agent`.`state` AS `t1_c9`, `agent`.`postcode` AS `t1_c10`, `agent`.`country` AS `t1_c11`, `agent`.`email` AS `t1_c12`, `agent`.`phone` AS `t1_c13`, `agent`.`fax` AS `t1_c14`, `agent`.`desc` AS `t1_c15`, `agent`.`status` AS `t1_c16`, `agent`.`meta` AS `t1_c17`, `agent`.`by` AS `t1_c18`, `agent`.`manager` AS `t1_c19`, `agent`.`nln` AS `t1_c20`, `agent`.`cargo_driver_type` AS `t1_c21`, `agent`.`hash` AS `t1_c22`, `agent`.`lat` AS `t1_c23`, `agent`.`lng` AS `t1_c24` FROM `org` `agent`  WHERE (`agent`.`id`=:ypl0)
2023/10/23 09:19:59 [trace] [system.db.ar.CActiveRecord] ImParcel.refresh()
2023/10/23 09:19:59 [trace] [system.db.ar.CActiveRecord] ImParcel.findByPk()
2023/10/23 09:19:59 [trace] [system.db.CDbCommand] Querying SQL: SELECT * FROM `shipment` `t` WHERE (`t`.`type`=10) AND (`t`.`id`='56382315') LIMIT 1
2023/10/23 09:19:59 [trace] [system.db.ar.CActiveRecord] lazy loading ImParcel.cargo_process
2023/10/23 09:19:59 [trace] [system.db.CDbCommand] Querying SQL: SELECT `cargo_process`.`id` AS `t1_c0`, `cargo_process`.`shipment_id` AS `t1_c1`, `cargo_process`.`status` AS `t1_c2`, `cargo_process`.`started` AS `t1_c3`, `cargo_process`.`date` AS `t1_c4`, `cargo_process`.`note` AS `t1_c5`, `cargo_process`.`driver_id` AS `t1_c6`, `cargo_process`.`cargo_receipt` AS `t1_c7`, `cargo_process`.`gate_pass_id` AS `t1_c8`, `cargo_process`.`agg_pod_id` AS `t1_c9`, `cargo_process`.`meta` AS `t1_c10`, `cargo_process`.`type` AS `t1_c11`, `cargo_process`.`caref` AS `t1_c12`, `cargo_process`.`sub_type` AS `t1_c13`, `cargo_process`.`dpt_id` AS `t1_c14`, `cargo_process`.`was_interstate` AS `t1_c15` FROM `cargo_process` `cargo_process`  WHERE (`cargo_process`.`shipment_id`=:ypl0) ORDER BY cargo_process.id desc
2023/10/23 09:45:21 [trace] [system.db.CDbConnection] Opening DB connection
2023/10/23 09:45:23 [trace] [system.db.CDbCommand] Querying SQL: SHOW FULL COLUMNS FROM `shipment`
2023/10/23 09:45:23 [trace] [system.db.CDbCommand] Querying SQL: SHOW CREATE TABLE `shipment`
2023/10/23 09:45:23 [trace] [system.db.ar.CActiveRecord] ImParcel.findByPk()
2023/10/23 09:45:23 [trace] [system.db.CDbCommand] Querying SQL: SELECT * FROM `shipment` `t` WHERE (`t`.`type`=10) AND (`t`.`id`='56382310') LIMIT 1
2023/10/23 09:45:23 [trace] [system.db.ar.CActiveRecord] OrgRate.find()
2023/10/23 09:45:23 [trace] [system.db.CDbCommand] Querying SQL: SHOW FULL COLUMNS FROM `org_rate`
2023/10/23 09:45:23 [trace] [system.db.CDbCommand] Querying SQL: SHOW CREATE TABLE `org_rate`
2023/10/23 09:45:23 [trace] [system.db.CDbCommand] Querying SQL: SELECT * FROM `org_rate` `t` WHERE id = :id LIMIT 1
2023/10/23 09:45:23 [trace] [system.db.ar.CActiveRecord] Addr.findByPk()
2023/10/23 09:45:23 [trace] [system.db.CDbCommand] Querying SQL: SHOW FULL COLUMNS FROM `addr`
2023/10/23 09:45:23 [trace] [system.db.CDbCommand] Querying SQL: SHOW CREATE TABLE `addr`
2023/10/23 09:45:23 [trace] [system.db.CDbCommand] Querying SQL: SELECT * FROM `addr` `t` WHERE `t`.`id`='142274892' LIMIT 1
2023/10/23 09:45:23 [trace] [system.db.ar.CActiveRecord] lazy loading ImParcel.cnee
2023/10/23 09:45:23 [trace] [system.db.CDbCommand] Querying SQL: SELECT `cnee`.`id` AS `t1_c0`, `cnee`.`owner_id` AS `t1_c1`, `cnee`.`cnid_id` AS `t1_c2`, `cnee`.`name` AS `t1_c3`, `cnee`.`company` AS `t1_c4`, `cnee`.`address` AS `t1_c5`, `cnee`.`suburb` AS `t1_c6`, `cnee`.`city` AS `t1_c7`, `cnee`.`state` AS `t1_c8`, `cnee`.`postcode` AS `t1_c9`, `cnee`.`country` AS `t1_c10`, `cnee`.`tel` AS `t1_c11`, `cnee`.`email` AS `t1_c12`, `cnee`.`acc` AS `t1_c13`, `cnee`.`cnid_no` AS `t1_c14` FROM `addr` `cnee`  WHERE (`cnee`.`id`=:ypl0)
2023/10/23 09:45:25 [trace] [system.db.ar.CActiveRecord] ImParcel.findByPk()
2023/10/23 09:45:25 [trace] [system.db.CDbCommand] Querying SQL: SELECT * FROM `shipment` `t` WHERE (`t`.`type`=10) AND (`t`.`id`='56382310') LIMIT 1
2023/10/23 09:45:25 [trace] [system.db.ar.CActiveRecord] ImParcel.update()
2023/10/23 09:45:25 [trace] [system.db.ar.CActiveRecord] ImParcel.updateByPk()
2023/10/23 09:45:25 [trace] [system.db.CDbCommand] Executing SQL: UPDATE `shipment` SET `meta`=:yp0 WHERE `shipment`.`id`='56382310'
2023/10/23 09:45:25 [trace] [system.db.ar.CActiveRecord] Tracking.count()
2023/10/23 09:45:25 [trace] [system.db.CDbCommand] Querying SQL: SHOW FULL COLUMNS FROM `tracking`
2023/10/23 09:45:25 [trace] [system.db.CDbCommand] Querying SQL: SHOW CREATE TABLE `tracking`
2023/10/23 09:45:25 [trace] [system.db.CDbCommand] Querying SQL: SELECT COUNT(*) FROM `tracking` `t` WHERE pid = :pid AND type = :t
2023/10/23 09:45:25 [trace] [system.db.ar.CActiveRecord] lazy loading ImParcel.agent
2023/10/23 09:45:25 [trace] [system.db.CDbCommand] Querying SQL: SHOW FULL COLUMNS FROM `org`
2023/10/23 09:45:25 [trace] [system.db.CDbCommand] Querying SQL: SHOW CREATE TABLE `org`
2023/10/23 09:45:25 [trace] [system.db.CDbCommand] Querying SQL: SELECT `agent`.`id` AS `t1_c0`, `agent`.`pid` AS `t1_c1`, `agent`.`type` AS `t1_c2`, `agent`.`name` AS `t1_c3`, `agent`.`code` AS `t1_c4`, `agent`.`accode` AS `t1_c5`, `agent`.`abn` AS `t1_c6`, `agent`.`address` AS `t1_c7`, `agent`.`suburb` AS `t1_c8`, `agent`.`state` AS `t1_c9`, `agent`.`postcode` AS `t1_c10`, `agent`.`country` AS `t1_c11`, `agent`.`email` AS `t1_c12`, `agent`.`phone` AS `t1_c13`, `agent`.`fax` AS `t1_c14`, `agent`.`desc` AS `t1_c15`, `agent`.`status` AS `t1_c16`, `agent`.`meta` AS `t1_c17`, `agent`.`by` AS `t1_c18`, `agent`.`manager` AS `t1_c19`, `agent`.`nln` AS `t1_c20`, `agent`.`cargo_driver_type` AS `t1_c21`, `agent`.`hash` AS `t1_c22`, `agent`.`lat` AS `t1_c23`, `agent`.`lng` AS `t1_c24` FROM `org` `agent`  WHERE (`agent`.`id`=:ypl0)
2023/10/23 09:45:25 [trace] [system.db.ar.CActiveRecord] ImParcel.refresh()
2023/10/23 09:45:25 [trace] [system.db.ar.CActiveRecord] ImParcel.findByPk()
2023/10/23 09:45:25 [trace] [system.db.CDbCommand] Querying SQL: SELECT * FROM `shipment` `t` WHERE (`t`.`type`=10) AND (`t`.`id`='56382310') LIMIT 1
2023/10/23 09:45:25 [trace] [system.db.ar.CActiveRecord] lazy loading ImParcel.cargo_process
2023/10/23 09:45:25 [trace] [system.db.CDbCommand] Querying SQL: SHOW FULL COLUMNS FROM `cargo_process`
2023/10/23 09:45:25 [trace] [system.db.CDbCommand] Querying SQL: SHOW CREATE TABLE `cargo_process`
2023/10/23 09:45:25 [trace] [system.db.CDbCommand] Querying SQL: SELECT `cargo_process`.`id` AS `t1_c0`, `cargo_process`.`shipment_id` AS `t1_c1`, `cargo_process`.`status` AS `t1_c2`, `cargo_process`.`started` AS `t1_c3`, `cargo_process`.`date` AS `t1_c4`, `cargo_process`.`note` AS `t1_c5`, `cargo_process`.`driver_id` AS `t1_c6`, `cargo_process`.`cargo_receipt` AS `t1_c7`, `cargo_process`.`gate_pass_id` AS `t1_c8`, `cargo_process`.`agg_pod_id` AS `t1_c9`, `cargo_process`.`meta` AS `t1_c10`, `cargo_process`.`type` AS `t1_c11`, `cargo_process`.`caref` AS `t1_c12`, `cargo_process`.`sub_type` AS `t1_c13`, `cargo_process`.`dpt_id` AS `t1_c14`, `cargo_process`.`was_interstate` AS `t1_c15` FROM `cargo_process` `cargo_process`  WHERE (`cargo_process`.`shipment_id`=:ypl0) ORDER BY cargo_process.id desc
2023/10/23 09:45:25 [trace] [system.db.ar.CActiveRecord] ImParcel.findByPk()
2023/10/23 09:45:25 [trace] [system.db.CDbCommand] Querying SQL: SELECT * FROM `shipment` `t` WHERE (`t`.`type`=10) AND (`t`.`id`='56382314') LIMIT 1
2023/10/23 09:47:03 [trace] [system.db.CDbConnection] Opening DB connection
2023/10/23 09:47:06 [trace] [system.db.CDbCommand] Querying SQL: SHOW FULL COLUMNS FROM `shipment`
2023/10/23 09:47:06 [trace] [system.db.CDbCommand] Querying SQL: SHOW CREATE TABLE `shipment`
2023/10/23 09:47:06 [trace] [system.db.ar.CActiveRecord] ImParcel.findByPk()
2023/10/23 09:47:06 [trace] [system.db.CDbCommand] Querying SQL: SELECT * FROM `shipment` `t` WHERE (`t`.`type`=10) AND (`t`.`id`='56382310') LIMIT 1
2023/10/23 09:47:06 [trace] [system.db.ar.CActiveRecord] OrgRate.find()
2023/10/23 09:47:06 [trace] [system.db.CDbCommand] Querying SQL: SHOW FULL COLUMNS FROM `org_rate`
2023/10/23 09:47:06 [trace] [system.db.CDbCommand] Querying SQL: SHOW CREATE TABLE `org_rate`
2023/10/23 09:47:06 [trace] [system.db.CDbCommand] Querying SQL: SELECT * FROM `org_rate` `t` WHERE id = :id LIMIT 1
2023/10/23 09:47:06 [trace] [system.db.ar.CActiveRecord] Addr.findByPk()
2023/10/23 09:47:06 [trace] [system.db.CDbCommand] Querying SQL: SHOW FULL COLUMNS FROM `addr`
2023/10/23 09:47:06 [trace] [system.db.CDbCommand] Querying SQL: SHOW CREATE TABLE `addr`
2023/10/23 09:47:06 [trace] [system.db.CDbCommand] Querying SQL: SELECT * FROM `addr` `t` WHERE `t`.`id`='142274892' LIMIT 1
2023/10/23 09:47:06 [trace] [system.db.ar.CActiveRecord] lazy loading ImParcel.cnee
2023/10/23 09:47:06 [trace] [system.db.CDbCommand] Querying SQL: SELECT `cnee`.`id` AS `t1_c0`, `cnee`.`owner_id` AS `t1_c1`, `cnee`.`cnid_id` AS `t1_c2`, `cnee`.`name` AS `t1_c3`, `cnee`.`company` AS `t1_c4`, `cnee`.`address` AS `t1_c5`, `cnee`.`suburb` AS `t1_c6`, `cnee`.`city` AS `t1_c7`, `cnee`.`state` AS `t1_c8`, `cnee`.`postcode` AS `t1_c9`, `cnee`.`country` AS `t1_c10`, `cnee`.`tel` AS `t1_c11`, `cnee`.`email` AS `t1_c12`, `cnee`.`acc` AS `t1_c13`, `cnee`.`cnid_no` AS `t1_c14` FROM `addr` `cnee`  WHERE (`cnee`.`id`=:ypl0)
2023/10/23 09:47:07 [trace] [system.db.ar.CActiveRecord] ImParcel.findByPk()
2023/10/23 09:47:07 [trace] [system.db.CDbCommand] Querying SQL: SELECT * FROM `shipment` `t` WHERE (`t`.`type`=10) AND (`t`.`id`='56382310') LIMIT 1
2023/10/23 09:47:07 [trace] [system.db.ar.CActiveRecord] ImParcel.update()
2023/10/23 09:47:07 [trace] [system.db.ar.CActiveRecord] ImParcel.updateByPk()
2023/10/23 09:47:07 [trace] [system.db.CDbCommand] Executing SQL: UPDATE `shipment` SET `meta`=:yp0 WHERE `shipment`.`id`='56382310'
2023/10/23 09:47:07 [trace] [system.db.ar.CActiveRecord] Tracking.count()
2023/10/23 09:47:07 [trace] [system.db.CDbCommand] Querying SQL: SHOW FULL COLUMNS FROM `tracking`
2023/10/23 09:47:07 [trace] [system.db.CDbCommand] Querying SQL: SHOW CREATE TABLE `tracking`
2023/10/23 09:47:07 [trace] [system.db.CDbCommand] Querying SQL: SELECT COUNT(*) FROM `tracking` `t` WHERE pid = :pid AND type = :t
2023/10/23 09:47:07 [trace] [system.db.ar.CActiveRecord] lazy loading ImParcel.agent
2023/10/23 09:47:07 [trace] [system.db.CDbCommand] Querying SQL: SHOW FULL COLUMNS FROM `org`
2023/10/23 09:47:07 [trace] [system.db.CDbCommand] Querying SQL: SHOW CREATE TABLE `org`
2023/10/23 09:47:07 [trace] [system.db.CDbCommand] Querying SQL: SELECT `agent`.`id` AS `t1_c0`, `agent`.`pid` AS `t1_c1`, `agent`.`type` AS `t1_c2`, `agent`.`name` AS `t1_c3`, `agent`.`code` AS `t1_c4`, `agent`.`accode` AS `t1_c5`, `agent`.`abn` AS `t1_c6`, `agent`.`address` AS `t1_c7`, `agent`.`suburb` AS `t1_c8`, `agent`.`state` AS `t1_c9`, `agent`.`postcode` AS `t1_c10`, `agent`.`country` AS `t1_c11`, `agent`.`email` AS `t1_c12`, `agent`.`phone` AS `t1_c13`, `agent`.`fax` AS `t1_c14`, `agent`.`desc` AS `t1_c15`, `agent`.`status` AS `t1_c16`, `agent`.`meta` AS `t1_c17`, `agent`.`by` AS `t1_c18`, `agent`.`manager` AS `t1_c19`, `agent`.`nln` AS `t1_c20`, `agent`.`cargo_driver_type` AS `t1_c21`, `agent`.`hash` AS `t1_c22`, `agent`.`lat` AS `t1_c23`, `agent`.`lng` AS `t1_c24` FROM `org` `agent`  WHERE (`agent`.`id`=:ypl0)
2023/10/23 09:47:07 [trace] [system.db.ar.CActiveRecord] ImParcel.refresh()
2023/10/23 09:47:07 [trace] [system.db.ar.CActiveRecord] ImParcel.findByPk()
2023/10/23 09:47:07 [trace] [system.db.CDbCommand] Querying SQL: SELECT * FROM `shipment` `t` WHERE (`t`.`type`=10) AND (`t`.`id`='56382310') LIMIT 1
2023/10/23 09:47:07 [trace] [system.db.ar.CActiveRecord] lazy loading ImParcel.cargo_process
2023/10/23 09:47:07 [trace] [system.db.CDbCommand] Querying SQL: SHOW FULL COLUMNS FROM `cargo_process`
2023/10/23 09:47:07 [trace] [system.db.CDbCommand] Querying SQL: SHOW CREATE TABLE `cargo_process`
2023/10/23 09:47:07 [trace] [system.db.CDbCommand] Querying SQL: SELECT `cargo_process`.`id` AS `t1_c0`, `cargo_process`.`shipment_id` AS `t1_c1`, `cargo_process`.`status` AS `t1_c2`, `cargo_process`.`started` AS `t1_c3`, `cargo_process`.`date` AS `t1_c4`, `cargo_process`.`note` AS `t1_c5`, `cargo_process`.`driver_id` AS `t1_c6`, `cargo_process`.`cargo_receipt` AS `t1_c7`, `cargo_process`.`gate_pass_id` AS `t1_c8`, `cargo_process`.`agg_pod_id` AS `t1_c9`, `cargo_process`.`meta` AS `t1_c10`, `cargo_process`.`type` AS `t1_c11`, `cargo_process`.`caref` AS `t1_c12`, `cargo_process`.`sub_type` AS `t1_c13`, `cargo_process`.`dpt_id` AS `t1_c14`, `cargo_process`.`was_interstate` AS `t1_c15` FROM `cargo_process` `cargo_process`  WHERE (`cargo_process`.`shipment_id`=:ypl0) ORDER BY cargo_process.id desc
2023/10/23 09:47:07 [trace] [system.db.ar.CActiveRecord] ImParcel.findByPk()
2023/10/23 09:47:07 [trace] [system.db.CDbCommand] Querying SQL: SELECT * FROM `shipment` `t` WHERE (`t`.`type`=10) AND (`t`.`id`='56382311') LIMIT 1
2023/10/23 09:47:07 [trace] [system.db.ar.CActiveRecord] OrgRate.find()
2023/10/23 09:47:07 [trace] [system.db.CDbCommand] Querying SQL: SELECT * FROM `org_rate` `t` WHERE id = :id LIMIT 1
2023/10/23 09:47:07 [trace] [system.db.ar.CActiveRecord] Addr.findByPk()
2023/10/23 09:47:07 [trace] [system.db.CDbCommand] Querying SQL: SELECT * FROM `addr` `t` WHERE `t`.`id`='142274894' LIMIT 1
2023/10/23 09:47:07 [trace] [system.db.ar.CActiveRecord] lazy loading ImParcel.cnee
2023/10/23 09:47:07 [trace] [system.db.CDbCommand] Querying SQL: SELECT `cnee`.`id` AS `t1_c0`, `cnee`.`owner_id` AS `t1_c1`, `cnee`.`cnid_id` AS `t1_c2`, `cnee`.`name` AS `t1_c3`, `cnee`.`company` AS `t1_c4`, `cnee`.`address` AS `t1_c5`, `cnee`.`suburb` AS `t1_c6`, `cnee`.`city` AS `t1_c7`, `cnee`.`state` AS `t1_c8`, `cnee`.`postcode` AS `t1_c9`, `cnee`.`country` AS `t1_c10`, `cnee`.`tel` AS `t1_c11`, `cnee`.`email` AS `t1_c12`, `cnee`.`acc` AS `t1_c13`, `cnee`.`cnid_no` AS `t1_c14` FROM `addr` `cnee`  WHERE (`cnee`.`id`=:ypl0)
2023/10/23 09:47:07 [trace] [system.db.ar.CActiveRecord] ImParcel.findByPk()
2023/10/23 09:47:07 [trace] [system.db.CDbCommand] Querying SQL: SELECT * FROM `shipment` `t` WHERE (`t`.`type`=10) AND (`t`.`id`='56382311') LIMIT 1
2023/10/23 09:47:07 [trace] [system.db.ar.CActiveRecord] ImParcel.update()
2023/10/23 09:47:07 [trace] [system.db.ar.CActiveRecord] ImParcel.updateByPk()
2023/10/23 09:47:07 [trace] [system.db.CDbCommand] Executing SQL: UPDATE `shipment` SET `meta`=:yp0 WHERE `shipment`.`id`='56382311'
2023/10/23 09:47:07 [trace] [system.db.ar.CActiveRecord] Tracking.count()
2023/10/23 09:47:07 [trace] [system.db.CDbCommand] Querying SQL: SELECT COUNT(*) FROM `tracking` `t` WHERE pid = :pid AND type = :t
2023/10/23 09:47:07 [trace] [system.db.ar.CActiveRecord] lazy loading ImParcel.agent
2023/10/23 09:47:07 [trace] [system.db.CDbCommand] Querying SQL: SELECT `agent`.`id` AS `t1_c0`, `agent`.`pid` AS `t1_c1`, `agent`.`type` AS `t1_c2`, `agent`.`name` AS `t1_c3`, `agent`.`code` AS `t1_c4`, `agent`.`accode` AS `t1_c5`, `agent`.`abn` AS `t1_c6`, `agent`.`address` AS `t1_c7`, `agent`.`suburb` AS `t1_c8`, `agent`.`state` AS `t1_c9`, `agent`.`postcode` AS `t1_c10`, `agent`.`country` AS `t1_c11`, `agent`.`email` AS `t1_c12`, `agent`.`phone` AS `t1_c13`, `agent`.`fax` AS `t1_c14`, `agent`.`desc` AS `t1_c15`, `agent`.`status` AS `t1_c16`, `agent`.`meta` AS `t1_c17`, `agent`.`by` AS `t1_c18`, `agent`.`manager` AS `t1_c19`, `agent`.`nln` AS `t1_c20`, `agent`.`cargo_driver_type` AS `t1_c21`, `agent`.`hash` AS `t1_c22`, `agent`.`lat` AS `t1_c23`, `agent`.`lng` AS `t1_c24` FROM `org` `agent`  WHERE (`agent`.`id`=:ypl0)
2023/10/23 09:47:07 [trace] [system.db.ar.CActiveRecord] ImParcel.refresh()
2023/10/23 09:47:07 [trace] [system.db.ar.CActiveRecord] ImParcel.findByPk()
2023/10/23 09:47:07 [trace] [system.db.CDbCommand] Querying SQL: SELECT * FROM `shipment` `t` WHERE (`t`.`type`=10) AND (`t`.`id`='56382311') LIMIT 1
2023/10/23 09:47:07 [trace] [system.db.ar.CActiveRecord] lazy loading ImParcel.cargo_process
2023/10/23 09:47:07 [trace] [system.db.CDbCommand] Querying SQL: SELECT `cargo_process`.`id` AS `t1_c0`, `cargo_process`.`shipment_id` AS `t1_c1`, `cargo_process`.`status` AS `t1_c2`, `cargo_process`.`started` AS `t1_c3`, `cargo_process`.`date` AS `t1_c4`, `cargo_process`.`note` AS `t1_c5`, `cargo_process`.`driver_id` AS `t1_c6`, `cargo_process`.`cargo_receipt` AS `t1_c7`, `cargo_process`.`gate_pass_id` AS `t1_c8`, `cargo_process`.`agg_pod_id` AS `t1_c9`, `cargo_process`.`meta` AS `t1_c10`, `cargo_process`.`type` AS `t1_c11`, `cargo_process`.`caref` AS `t1_c12`, `cargo_process`.`sub_type` AS `t1_c13`, `cargo_process`.`dpt_id` AS `t1_c14`, `cargo_process`.`was_interstate` AS `t1_c15` FROM `cargo_process` `cargo_process`  WHERE (`cargo_process`.`shipment_id`=:ypl0) ORDER BY cargo_process.id desc
2023/10/23 09:47:07 [trace] [system.db.ar.CActiveRecord] ImParcel.findByPk()
2023/10/23 09:47:07 [trace] [system.db.CDbCommand] Querying SQL: SELECT * FROM `shipment` `t` WHERE (`t`.`type`=10) AND (`t`.`id`='56382315') LIMIT 1
2023/10/23 09:47:07 [trace] [system.db.ar.CActiveRecord] OrgRate.find()
2023/10/23 09:47:07 [trace] [system.db.CDbCommand] Querying SQL: SELECT * FROM `org_rate` `t` WHERE id = :id LIMIT 1
2023/10/23 09:47:07 [trace] [system.db.ar.CActiveRecord] Addr.findByPk()
2023/10/23 09:47:07 [trace] [system.db.CDbCommand] Querying SQL: SELECT * FROM `addr` `t` WHERE `t`.`id`='142274923' LIMIT 1
2023/10/23 09:47:07 [trace] [system.db.ar.CActiveRecord] lazy loading ImParcel.cnee
2023/10/23 09:47:07 [trace] [system.db.CDbCommand] Querying SQL: SELECT `cnee`.`id` AS `t1_c0`, `cnee`.`owner_id` AS `t1_c1`, `cnee`.`cnid_id` AS `t1_c2`, `cnee`.`name` AS `t1_c3`, `cnee`.`company` AS `t1_c4`, `cnee`.`address` AS `t1_c5`, `cnee`.`suburb` AS `t1_c6`, `cnee`.`city` AS `t1_c7`, `cnee`.`state` AS `t1_c8`, `cnee`.`postcode` AS `t1_c9`, `cnee`.`country` AS `t1_c10`, `cnee`.`tel` AS `t1_c11`, `cnee`.`email` AS `t1_c12`, `cnee`.`acc` AS `t1_c13`, `cnee`.`cnid_no` AS `t1_c14` FROM `addr` `cnee`  WHERE (`cnee`.`id`=:ypl0)
2023/10/23 09:47:08 [trace] [system.db.ar.CActiveRecord] ImParcel.findByPk()
2023/10/23 09:47:08 [trace] [system.db.CDbCommand] Querying SQL: SELECT * FROM `shipment` `t` WHERE (`t`.`type`=10) AND (`t`.`id`='56382315') LIMIT 1
2023/10/23 09:47:08 [trace] [system.db.ar.CActiveRecord] ImParcel.update()
2023/10/23 09:47:08 [trace] [system.db.ar.CActiveRecord] ImParcel.updateByPk()
2023/10/23 09:47:08 [trace] [system.db.CDbCommand] Executing SQL: UPDATE `shipment` SET `meta`=:yp0 WHERE `shipment`.`id`='56382315'
2023/10/23 09:47:08 [trace] [system.db.ar.CActiveRecord] Tracking.count()
2023/10/23 09:47:08 [trace] [system.db.CDbCommand] Querying SQL: SELECT COUNT(*) FROM `tracking` `t` WHERE pid = :pid AND type = :t
2023/10/23 09:47:08 [trace] [system.db.ar.CActiveRecord] lazy loading ImParcel.agent
2023/10/23 09:47:08 [trace] [system.db.CDbCommand] Querying SQL: SELECT `agent`.`id` AS `t1_c0`, `agent`.`pid` AS `t1_c1`, `agent`.`type` AS `t1_c2`, `agent`.`name` AS `t1_c3`, `agent`.`code` AS `t1_c4`, `agent`.`accode` AS `t1_c5`, `agent`.`abn` AS `t1_c6`, `agent`.`address` AS `t1_c7`, `agent`.`suburb` AS `t1_c8`, `agent`.`state` AS `t1_c9`, `agent`.`postcode` AS `t1_c10`, `agent`.`country` AS `t1_c11`, `agent`.`email` AS `t1_c12`, `agent`.`phone` AS `t1_c13`, `agent`.`fax` AS `t1_c14`, `agent`.`desc` AS `t1_c15`, `agent`.`status` AS `t1_c16`, `agent`.`meta` AS `t1_c17`, `agent`.`by` AS `t1_c18`, `agent`.`manager` AS `t1_c19`, `agent`.`nln` AS `t1_c20`, `agent`.`cargo_driver_type` AS `t1_c21`, `agent`.`hash` AS `t1_c22`, `agent`.`lat` AS `t1_c23`, `agent`.`lng` AS `t1_c24` FROM `org` `agent`  WHERE (`agent`.`id`=:ypl0)
2023/10/23 09:47:08 [trace] [system.db.ar.CActiveRecord] ImParcel.refresh()
2023/10/23 09:47:08 [trace] [system.db.ar.CActiveRecord] ImParcel.findByPk()
2023/10/23 09:47:08 [trace] [system.db.CDbCommand] Querying SQL: SELECT * FROM `shipment` `t` WHERE (`t`.`type`=10) AND (`t`.`id`='56382315') LIMIT 1
2023/10/23 09:47:08 [trace] [system.db.ar.CActiveRecord] lazy loading ImParcel.cargo_process
2023/10/23 09:47:08 [trace] [system.db.CDbCommand] Querying SQL: SELECT `cargo_process`.`id` AS `t1_c0`, `cargo_process`.`shipment_id` AS `t1_c1`, `cargo_process`.`status` AS `t1_c2`, `cargo_process`.`started` AS `t1_c3`, `cargo_process`.`date` AS `t1_c4`, `cargo_process`.`note` AS `t1_c5`, `cargo_process`.`driver_id` AS `t1_c6`, `cargo_process`.`cargo_receipt` AS `t1_c7`, `cargo_process`.`gate_pass_id` AS `t1_c8`, `cargo_process`.`agg_pod_id` AS `t1_c9`, `cargo_process`.`meta` AS `t1_c10`, `cargo_process`.`type` AS `t1_c11`, `cargo_process`.`caref` AS `t1_c12`, `cargo_process`.`sub_type` AS `t1_c13`, `cargo_process`.`dpt_id` AS `t1_c14`, `cargo_process`.`was_interstate` AS `t1_c15` FROM `cargo_process` `cargo_process`  WHERE (`cargo_process`.`shipment_id`=:ypl0) ORDER BY cargo_process.id desc
2023/10/23 09:47:58 [trace] [system.db.CDbConnection] Opening DB connection
2023/10/23 09:48:00 [trace] [system.db.CDbCommand] Querying SQL: SHOW FULL COLUMNS FROM `shipment`
2023/10/23 09:48:00 [trace] [system.db.CDbCommand] Querying SQL: SHOW CREATE TABLE `shipment`
2023/10/23 09:48:00 [trace] [system.db.ar.CActiveRecord] ImParcel.findByPk()
2023/10/23 09:48:00 [trace] [system.db.CDbCommand] Querying SQL: SELECT * FROM `shipment` `t` WHERE (`t`.`type`=10) AND (`t`.`id`='56382310') LIMIT 1
2023/10/23 09:48:00 [trace] [system.db.ar.CActiveRecord] OrgRate.find()
2023/10/23 09:48:00 [trace] [system.db.CDbCommand] Querying SQL: SHOW FULL COLUMNS FROM `org_rate`
2023/10/23 09:48:00 [trace] [system.db.CDbCommand] Querying SQL: SHOW CREATE TABLE `org_rate`
2023/10/23 09:48:00 [trace] [system.db.CDbCommand] Querying SQL: SELECT * FROM `org_rate` `t` WHERE id = :id LIMIT 1
2023/10/23 09:48:00 [trace] [system.db.ar.CActiveRecord] Addr.findByPk()
2023/10/23 09:48:00 [trace] [system.db.CDbCommand] Querying SQL: SHOW FULL COLUMNS FROM `addr`
2023/10/23 09:48:00 [trace] [system.db.CDbCommand] Querying SQL: SHOW CREATE TABLE `addr`
2023/10/23 09:48:00 [trace] [system.db.CDbCommand] Querying SQL: SELECT * FROM `addr` `t` WHERE `t`.`id`='142274892' LIMIT 1
2023/10/23 09:48:00 [trace] [system.db.ar.CActiveRecord] lazy loading ImParcel.cnee
2023/10/23 09:48:00 [trace] [system.db.CDbCommand] Querying SQL: SELECT `cnee`.`id` AS `t1_c0`, `cnee`.`owner_id` AS `t1_c1`, `cnee`.`cnid_id` AS `t1_c2`, `cnee`.`name` AS `t1_c3`, `cnee`.`company` AS `t1_c4`, `cnee`.`address` AS `t1_c5`, `cnee`.`suburb` AS `t1_c6`, `cnee`.`city` AS `t1_c7`, `cnee`.`state` AS `t1_c8`, `cnee`.`postcode` AS `t1_c9`, `cnee`.`country` AS `t1_c10`, `cnee`.`tel` AS `t1_c11`, `cnee`.`email` AS `t1_c12`, `cnee`.`acc` AS `t1_c13`, `cnee`.`cnid_no` AS `t1_c14` FROM `addr` `cnee`  WHERE (`cnee`.`id`=:ypl0)
2023/10/23 09:48:03 [trace] [system.db.ar.CActiveRecord] ImParcel.findByPk()
2023/10/23 09:48:03 [trace] [system.db.CDbCommand] Querying SQL: SELECT * FROM `shipment` `t` WHERE (`t`.`type`=10) AND (`t`.`id`='56382310') LIMIT 1
2023/10/23 09:48:03 [trace] [system.db.ar.CActiveRecord] ImParcel.update()
2023/10/23 09:48:03 [trace] [system.db.ar.CActiveRecord] ImParcel.updateByPk()
2023/10/23 09:48:03 [trace] [system.db.CDbCommand] Executing SQL: UPDATE `shipment` SET `meta`=:yp0 WHERE `shipment`.`id`='56382310'
2023/10/23 09:48:03 [trace] [system.db.ar.CActiveRecord] Tracking.count()
2023/10/23 09:48:03 [trace] [system.db.CDbCommand] Querying SQL: SHOW FULL COLUMNS FROM `tracking`
2023/10/23 09:48:03 [trace] [system.db.CDbCommand] Querying SQL: SHOW CREATE TABLE `tracking`
2023/10/23 09:48:03 [trace] [system.db.CDbCommand] Querying SQL: SELECT COUNT(*) FROM `tracking` `t` WHERE pid = :pid AND type = :t
2023/10/23 09:48:03 [trace] [system.db.ar.CActiveRecord] lazy loading ImParcel.agent
2023/10/23 09:48:03 [trace] [system.db.CDbCommand] Querying SQL: SHOW FULL COLUMNS FROM `org`
2023/10/23 09:48:03 [trace] [system.db.CDbCommand] Querying SQL: SHOW CREATE TABLE `org`
2023/10/23 09:48:03 [trace] [system.db.CDbCommand] Querying SQL: SELECT `agent`.`id` AS `t1_c0`, `agent`.`pid` AS `t1_c1`, `agent`.`type` AS `t1_c2`, `agent`.`name` AS `t1_c3`, `agent`.`code` AS `t1_c4`, `agent`.`accode` AS `t1_c5`, `agent`.`abn` AS `t1_c6`, `agent`.`address` AS `t1_c7`, `agent`.`suburb` AS `t1_c8`, `agent`.`state` AS `t1_c9`, `agent`.`postcode` AS `t1_c10`, `agent`.`country` AS `t1_c11`, `agent`.`email` AS `t1_c12`, `agent`.`phone` AS `t1_c13`, `agent`.`fax` AS `t1_c14`, `agent`.`desc` AS `t1_c15`, `agent`.`status` AS `t1_c16`, `agent`.`meta` AS `t1_c17`, `agent`.`by` AS `t1_c18`, `agent`.`manager` AS `t1_c19`, `agent`.`nln` AS `t1_c20`, `agent`.`cargo_driver_type` AS `t1_c21`, `agent`.`hash` AS `t1_c22`, `agent`.`lat` AS `t1_c23`, `agent`.`lng` AS `t1_c24` FROM `org` `agent`  WHERE (`agent`.`id`=:ypl0)
2023/10/23 09:48:03 [trace] [system.db.ar.CActiveRecord] ImParcel.refresh()
2023/10/23 09:48:03 [trace] [system.db.ar.CActiveRecord] ImParcel.findByPk()
2023/10/23 09:48:03 [trace] [system.db.CDbCommand] Querying SQL: SELECT * FROM `shipment` `t` WHERE (`t`.`type`=10) AND (`t`.`id`='56382310') LIMIT 1
2023/10/23 09:48:03 [trace] [system.db.ar.CActiveRecord] lazy loading ImParcel.cargo_process
2023/10/23 09:48:03 [trace] [system.db.CDbCommand] Querying SQL: SHOW FULL COLUMNS FROM `cargo_process`
2023/10/23 09:48:03 [trace] [system.db.CDbCommand] Querying SQL: SHOW CREATE TABLE `cargo_process`
2023/10/23 09:48:03 [trace] [system.db.CDbCommand] Querying SQL: SELECT `cargo_process`.`id` AS `t1_c0`, `cargo_process`.`shipment_id` AS `t1_c1`, `cargo_process`.`status` AS `t1_c2`, `cargo_process`.`started` AS `t1_c3`, `cargo_process`.`date` AS `t1_c4`, `cargo_process`.`note` AS `t1_c5`, `cargo_process`.`driver_id` AS `t1_c6`, `cargo_process`.`cargo_receipt` AS `t1_c7`, `cargo_process`.`gate_pass_id` AS `t1_c8`, `cargo_process`.`agg_pod_id` AS `t1_c9`, `cargo_process`.`meta` AS `t1_c10`, `cargo_process`.`type` AS `t1_c11`, `cargo_process`.`caref` AS `t1_c12`, `cargo_process`.`sub_type` AS `t1_c13`, `cargo_process`.`dpt_id` AS `t1_c14`, `cargo_process`.`was_interstate` AS `t1_c15` FROM `cargo_process` `cargo_process`  WHERE (`cargo_process`.`shipment_id`=:ypl0) ORDER BY cargo_process.id desc
2023/10/23 09:48:03 [trace] [system.db.ar.CActiveRecord] ImParcel.findByPk()
2023/10/23 09:48:03 [trace] [system.db.CDbCommand] Querying SQL: SELECT * FROM `shipment` `t` WHERE (`t`.`type`=10) AND (`t`.`id`='56382311') LIMIT 1
2023/10/23 09:48:03 [trace] [system.db.ar.CActiveRecord] OrgRate.find()
2023/10/23 09:48:03 [trace] [system.db.CDbCommand] Querying SQL: SELECT * FROM `org_rate` `t` WHERE id = :id LIMIT 1
2023/10/23 09:48:03 [trace] [system.db.ar.CActiveRecord] Addr.findByPk()
2023/10/23 09:48:03 [trace] [system.db.CDbCommand] Querying SQL: SELECT * FROM `addr` `t` WHERE `t`.`id`='142274894' LIMIT 1
2023/10/23 09:48:03 [trace] [system.db.ar.CActiveRecord] lazy loading ImParcel.cnee
2023/10/23 09:48:03 [trace] [system.db.CDbCommand] Querying SQL: SELECT `cnee`.`id` AS `t1_c0`, `cnee`.`owner_id` AS `t1_c1`, `cnee`.`cnid_id` AS `t1_c2`, `cnee`.`name` AS `t1_c3`, `cnee`.`company` AS `t1_c4`, `cnee`.`address` AS `t1_c5`, `cnee`.`suburb` AS `t1_c6`, `cnee`.`city` AS `t1_c7`, `cnee`.`state` AS `t1_c8`, `cnee`.`postcode` AS `t1_c9`, `cnee`.`country` AS `t1_c10`, `cnee`.`tel` AS `t1_c11`, `cnee`.`email` AS `t1_c12`, `cnee`.`acc` AS `t1_c13`, `cnee`.`cnid_no` AS `t1_c14` FROM `addr` `cnee`  WHERE (`cnee`.`id`=:ypl0)
2023/10/23 09:48:03 [trace] [system.db.ar.CActiveRecord] ImParcel.findByPk()
2023/10/23 09:48:03 [trace] [system.db.CDbCommand] Querying SQL: SELECT * FROM `shipment` `t` WHERE (`t`.`type`=10) AND (`t`.`id`='56382311') LIMIT 1
2023/10/23 09:48:03 [trace] [system.db.ar.CActiveRecord] ImParcel.update()
2023/10/23 09:48:03 [trace] [system.db.ar.CActiveRecord] ImParcel.updateByPk()
2023/10/23 09:48:03 [trace] [system.db.CDbCommand] Executing SQL: UPDATE `shipment` SET `meta`=:yp0 WHERE `shipment`.`id`='56382311'
2023/10/23 09:48:03 [trace] [system.db.ar.CActiveRecord] Tracking.count()
2023/10/23 09:48:03 [trace] [system.db.CDbCommand] Querying SQL: SELECT COUNT(*) FROM `tracking` `t` WHERE pid = :pid AND type = :t
2023/10/23 09:48:03 [trace] [system.db.ar.CActiveRecord] lazy loading ImParcel.agent
2023/10/23 09:48:03 [trace] [system.db.CDbCommand] Querying SQL: SELECT `agent`.`id` AS `t1_c0`, `agent`.`pid` AS `t1_c1`, `agent`.`type` AS `t1_c2`, `agent`.`name` AS `t1_c3`, `agent`.`code` AS `t1_c4`, `agent`.`accode` AS `t1_c5`, `agent`.`abn` AS `t1_c6`, `agent`.`address` AS `t1_c7`, `agent`.`suburb` AS `t1_c8`, `agent`.`state` AS `t1_c9`, `agent`.`postcode` AS `t1_c10`, `agent`.`country` AS `t1_c11`, `agent`.`email` AS `t1_c12`, `agent`.`phone` AS `t1_c13`, `agent`.`fax` AS `t1_c14`, `agent`.`desc` AS `t1_c15`, `agent`.`status` AS `t1_c16`, `agent`.`meta` AS `t1_c17`, `agent`.`by` AS `t1_c18`, `agent`.`manager` AS `t1_c19`, `agent`.`nln` AS `t1_c20`, `agent`.`cargo_driver_type` AS `t1_c21`, `agent`.`hash` AS `t1_c22`, `agent`.`lat` AS `t1_c23`, `agent`.`lng` AS `t1_c24` FROM `org` `agent`  WHERE (`agent`.`id`=:ypl0)
2023/10/23 09:48:03 [trace] [system.db.ar.CActiveRecord] ImParcel.refresh()
2023/10/23 09:48:03 [trace] [system.db.ar.CActiveRecord] ImParcel.findByPk()
2023/10/23 09:48:03 [trace] [system.db.CDbCommand] Querying SQL: SELECT * FROM `shipment` `t` WHERE (`t`.`type`=10) AND (`t`.`id`='56382311') LIMIT 1
2023/10/23 09:48:03 [trace] [system.db.ar.CActiveRecord] lazy loading ImParcel.cargo_process
2023/10/23 09:48:03 [trace] [system.db.CDbCommand] Querying SQL: SELECT `cargo_process`.`id` AS `t1_c0`, `cargo_process`.`shipment_id` AS `t1_c1`, `cargo_process`.`status` AS `t1_c2`, `cargo_process`.`started` AS `t1_c3`, `cargo_process`.`date` AS `t1_c4`, `cargo_process`.`note` AS `t1_c5`, `cargo_process`.`driver_id` AS `t1_c6`, `cargo_process`.`cargo_receipt` AS `t1_c7`, `cargo_process`.`gate_pass_id` AS `t1_c8`, `cargo_process`.`agg_pod_id` AS `t1_c9`, `cargo_process`.`meta` AS `t1_c10`, `cargo_process`.`type` AS `t1_c11`, `cargo_process`.`caref` AS `t1_c12`, `cargo_process`.`sub_type` AS `t1_c13`, `cargo_process`.`dpt_id` AS `t1_c14`, `cargo_process`.`was_interstate` AS `t1_c15` FROM `cargo_process` `cargo_process`  WHERE (`cargo_process`.`shipment_id`=:ypl0) ORDER BY cargo_process.id desc
2023/10/23 09:48:03 [trace] [system.db.ar.CActiveRecord] ImParcel.findByPk()
2023/10/23 09:48:03 [trace] [system.db.CDbCommand] Querying SQL: SELECT * FROM `shipment` `t` WHERE (`t`.`type`=10) AND (`t`.`id`='56382315') LIMIT 1
2023/10/23 09:48:03 [trace] [system.db.ar.CActiveRecord] OrgRate.find()
2023/10/23 09:48:03 [trace] [system.db.CDbCommand] Querying SQL: SELECT * FROM `org_rate` `t` WHERE id = :id LIMIT 1
2023/10/23 09:48:03 [trace] [system.db.ar.CActiveRecord] Addr.findByPk()
2023/10/23 09:48:03 [trace] [system.db.CDbCommand] Querying SQL: SELECT * FROM `addr` `t` WHERE `t`.`id`='142274923' LIMIT 1
2023/10/23 09:48:03 [trace] [system.db.ar.CActiveRecord] lazy loading ImParcel.cnee
2023/10/23 09:48:03 [trace] [system.db.CDbCommand] Querying SQL: SELECT `cnee`.`id` AS `t1_c0`, `cnee`.`owner_id` AS `t1_c1`, `cnee`.`cnid_id` AS `t1_c2`, `cnee`.`name` AS `t1_c3`, `cnee`.`company` AS `t1_c4`, `cnee`.`address` AS `t1_c5`, `cnee`.`suburb` AS `t1_c6`, `cnee`.`city` AS `t1_c7`, `cnee`.`state` AS `t1_c8`, `cnee`.`postcode` AS `t1_c9`, `cnee`.`country` AS `t1_c10`, `cnee`.`tel` AS `t1_c11`, `cnee`.`email` AS `t1_c12`, `cnee`.`acc` AS `t1_c13`, `cnee`.`cnid_no` AS `t1_c14` FROM `addr` `cnee`  WHERE (`cnee`.`id`=:ypl0)
2023/10/23 09:48:04 [trace] [system.db.ar.CActiveRecord] ImParcel.findByPk()
2023/10/23 09:48:04 [trace] [system.db.CDbCommand] Querying SQL: SELECT * FROM `shipment` `t` WHERE (`t`.`type`=10) AND (`t`.`id`='56382315') LIMIT 1
2023/10/23 09:48:04 [trace] [system.db.ar.CActiveRecord] ImParcel.update()
2023/10/23 09:48:04 [trace] [system.db.ar.CActiveRecord] ImParcel.updateByPk()
2023/10/23 09:48:04 [trace] [system.db.CDbCommand] Executing SQL: UPDATE `shipment` SET `meta`=:yp0 WHERE `shipment`.`id`='56382315'
2023/10/23 09:48:04 [trace] [system.db.ar.CActiveRecord] Tracking.count()
2023/10/23 09:48:04 [trace] [system.db.CDbCommand] Querying SQL: SELECT COUNT(*) FROM `tracking` `t` WHERE pid = :pid AND type = :t
2023/10/23 09:48:04 [trace] [system.db.ar.CActiveRecord] lazy loading ImParcel.agent
2023/10/23 09:48:04 [trace] [system.db.CDbCommand] Querying SQL: SELECT `agent`.`id` AS `t1_c0`, `agent`.`pid` AS `t1_c1`, `agent`.`type` AS `t1_c2`, `agent`.`name` AS `t1_c3`, `agent`.`code` AS `t1_c4`, `agent`.`accode` AS `t1_c5`, `agent`.`abn` AS `t1_c6`, `agent`.`address` AS `t1_c7`, `agent`.`suburb` AS `t1_c8`, `agent`.`state` AS `t1_c9`, `agent`.`postcode` AS `t1_c10`, `agent`.`country` AS `t1_c11`, `agent`.`email` AS `t1_c12`, `agent`.`phone` AS `t1_c13`, `agent`.`fax` AS `t1_c14`, `agent`.`desc` AS `t1_c15`, `agent`.`status` AS `t1_c16`, `agent`.`meta` AS `t1_c17`, `agent`.`by` AS `t1_c18`, `agent`.`manager` AS `t1_c19`, `agent`.`nln` AS `t1_c20`, `agent`.`cargo_driver_type` AS `t1_c21`, `agent`.`hash` AS `t1_c22`, `agent`.`lat` AS `t1_c23`, `agent`.`lng` AS `t1_c24` FROM `org` `agent`  WHERE (`agent`.`id`=:ypl0)
2023/10/23 09:48:04 [trace] [system.db.ar.CActiveRecord] ImParcel.refresh()
2023/10/23 09:48:04 [trace] [system.db.ar.CActiveRecord] ImParcel.findByPk()
2023/10/23 09:48:04 [trace] [system.db.CDbCommand] Querying SQL: SELECT * FROM `shipment` `t` WHERE (`t`.`type`=10) AND (`t`.`id`='56382315') LIMIT 1
2023/10/23 09:48:04 [trace] [system.db.ar.CActiveRecord] lazy loading ImParcel.cargo_process
2023/10/23 09:48:04 [trace] [system.db.CDbCommand] Querying SQL: SELECT `cargo_process`.`id` AS `t1_c0`, `cargo_process`.`shipment_id` AS `t1_c1`, `cargo_process`.`status` AS `t1_c2`, `cargo_process`.`started` AS `t1_c3`, `cargo_process`.`date` AS `t1_c4`, `cargo_process`.`note` AS `t1_c5`, `cargo_process`.`driver_id` AS `t1_c6`, `cargo_process`.`cargo_receipt` AS `t1_c7`, `cargo_process`.`gate_pass_id` AS `t1_c8`, `cargo_process`.`agg_pod_id` AS `t1_c9`, `cargo_process`.`meta` AS `t1_c10`, `cargo_process`.`type` AS `t1_c11`, `cargo_process`.`caref` AS `t1_c12`, `cargo_process`.`sub_type` AS `t1_c13`, `cargo_process`.`dpt_id` AS `t1_c14`, `cargo_process`.`was_interstate` AS `t1_c15` FROM `cargo_process` `cargo_process`  WHERE (`cargo_process`.`shipment_id`=:ypl0) ORDER BY cargo_process.id desc
2023/10/23 09:48:33 [trace] [system.db.CDbConnection] Opening DB connection
2023/10/23 09:48:35 [trace] [system.db.CDbCommand] Querying SQL: SHOW FULL COLUMNS FROM `shipment`
2023/10/23 09:48:35 [trace] [system.db.CDbCommand] Querying SQL: SHOW CREATE TABLE `shipment`
2023/10/23 09:48:35 [trace] [system.db.ar.CActiveRecord] ImParcel.findByPk()
2023/10/23 09:48:35 [trace] [system.db.CDbCommand] Querying SQL: SELECT * FROM `shipment` `t` WHERE (`t`.`type`=10) AND (`t`.`id`='56382310') LIMIT 1
2023/10/23 09:48:35 [trace] [system.db.ar.CActiveRecord] OrgRate.find()
2023/10/23 09:48:35 [trace] [system.db.CDbCommand] Querying SQL: SHOW FULL COLUMNS FROM `org_rate`
2023/10/23 09:48:35 [trace] [system.db.CDbCommand] Querying SQL: SHOW CREATE TABLE `org_rate`
2023/10/23 09:48:35 [trace] [system.db.CDbCommand] Querying SQL: SELECT * FROM `org_rate` `t` WHERE id = :id LIMIT 1
2023/10/23 09:48:35 [trace] [system.db.ar.CActiveRecord] Addr.findByPk()
2023/10/23 09:48:35 [trace] [system.db.CDbCommand] Querying SQL: SHOW FULL COLUMNS FROM `addr`
2023/10/23 09:48:35 [trace] [system.db.CDbCommand] Querying SQL: SHOW CREATE TABLE `addr`
2023/10/23 09:48:35 [trace] [system.db.CDbCommand] Querying SQL: SELECT * FROM `addr` `t` WHERE `t`.`id`='142274892' LIMIT 1
2023/10/23 09:48:35 [trace] [system.db.ar.CActiveRecord] lazy loading ImParcel.cnee
2023/10/23 09:48:35 [trace] [system.db.CDbCommand] Querying SQL: SELECT `cnee`.`id` AS `t1_c0`, `cnee`.`owner_id` AS `t1_c1`, `cnee`.`cnid_id` AS `t1_c2`, `cnee`.`name` AS `t1_c3`, `cnee`.`company` AS `t1_c4`, `cnee`.`address` AS `t1_c5`, `cnee`.`suburb` AS `t1_c6`, `cnee`.`city` AS `t1_c7`, `cnee`.`state` AS `t1_c8`, `cnee`.`postcode` AS `t1_c9`, `cnee`.`country` AS `t1_c10`, `cnee`.`tel` AS `t1_c11`, `cnee`.`email` AS `t1_c12`, `cnee`.`acc` AS `t1_c13`, `cnee`.`cnid_no` AS `t1_c14` FROM `addr` `cnee`  WHERE (`cnee`.`id`=:ypl0)
2023/10/23 09:48:37 [trace] [system.db.ar.CActiveRecord] ImParcel.findByPk()
2023/10/23 09:48:37 [trace] [system.db.CDbCommand] Querying SQL: SELECT * FROM `shipment` `t` WHERE (`t`.`type`=10) AND (`t`.`id`='56382310') LIMIT 1
2023/10/23 09:48:37 [trace] [system.db.ar.CActiveRecord] ImParcel.update()
2023/10/23 09:48:37 [trace] [system.db.ar.CActiveRecord] ImParcel.updateByPk()
2023/10/23 09:48:37 [trace] [system.db.CDbCommand] Executing SQL: UPDATE `shipment` SET `meta`=:yp0 WHERE `shipment`.`id`='56382310'
2023/10/23 09:48:37 [trace] [system.db.ar.CActiveRecord] Tracking.count()
2023/10/23 09:48:37 [trace] [system.db.CDbCommand] Querying SQL: SHOW FULL COLUMNS FROM `tracking`
2023/10/23 09:48:37 [trace] [system.db.CDbCommand] Querying SQL: SHOW CREATE TABLE `tracking`
2023/10/23 09:48:37 [trace] [system.db.CDbCommand] Querying SQL: SELECT COUNT(*) FROM `tracking` `t` WHERE pid = :pid AND type = :t
2023/10/23 09:48:37 [trace] [system.db.ar.CActiveRecord] lazy loading ImParcel.agent
2023/10/23 09:48:37 [trace] [system.db.CDbCommand] Querying SQL: SHOW FULL COLUMNS FROM `org`
2023/10/23 09:48:37 [trace] [system.db.CDbCommand] Querying SQL: SHOW CREATE TABLE `org`
2023/10/23 09:48:37 [trace] [system.db.CDbCommand] Querying SQL: SELECT `agent`.`id` AS `t1_c0`, `agent`.`pid` AS `t1_c1`, `agent`.`type` AS `t1_c2`, `agent`.`name` AS `t1_c3`, `agent`.`code` AS `t1_c4`, `agent`.`accode` AS `t1_c5`, `agent`.`abn` AS `t1_c6`, `agent`.`address` AS `t1_c7`, `agent`.`suburb` AS `t1_c8`, `agent`.`state` AS `t1_c9`, `agent`.`postcode` AS `t1_c10`, `agent`.`country` AS `t1_c11`, `agent`.`email` AS `t1_c12`, `agent`.`phone` AS `t1_c13`, `agent`.`fax` AS `t1_c14`, `agent`.`desc` AS `t1_c15`, `agent`.`status` AS `t1_c16`, `agent`.`meta` AS `t1_c17`, `agent`.`by` AS `t1_c18`, `agent`.`manager` AS `t1_c19`, `agent`.`nln` AS `t1_c20`, `agent`.`cargo_driver_type` AS `t1_c21`, `agent`.`hash` AS `t1_c22`, `agent`.`lat` AS `t1_c23`, `agent`.`lng` AS `t1_c24` FROM `org` `agent`  WHERE (`agent`.`id`=:ypl0)
2023/10/23 09:48:37 [trace] [system.db.ar.CActiveRecord] ImParcel.refresh()
2023/10/23 09:48:37 [trace] [system.db.ar.CActiveRecord] ImParcel.findByPk()
2023/10/23 09:48:37 [trace] [system.db.CDbCommand] Querying SQL: SELECT * FROM `shipment` `t` WHERE (`t`.`type`=10) AND (`t`.`id`='56382310') LIMIT 1
2023/10/23 09:48:37 [trace] [system.db.ar.CActiveRecord] lazy loading ImParcel.cargo_process
2023/10/23 09:48:37 [trace] [system.db.CDbCommand] Querying SQL: SHOW FULL COLUMNS FROM `cargo_process`
2023/10/23 09:48:37 [trace] [system.db.CDbCommand] Querying SQL: SHOW CREATE TABLE `cargo_process`
2023/10/23 09:48:37 [trace] [system.db.CDbCommand] Querying SQL: SELECT `cargo_process`.`id` AS `t1_c0`, `cargo_process`.`shipment_id` AS `t1_c1`, `cargo_process`.`status` AS `t1_c2`, `cargo_process`.`started` AS `t1_c3`, `cargo_process`.`date` AS `t1_c4`, `cargo_process`.`note` AS `t1_c5`, `cargo_process`.`driver_id` AS `t1_c6`, `cargo_process`.`cargo_receipt` AS `t1_c7`, `cargo_process`.`gate_pass_id` AS `t1_c8`, `cargo_process`.`agg_pod_id` AS `t1_c9`, `cargo_process`.`meta` AS `t1_c10`, `cargo_process`.`type` AS `t1_c11`, `cargo_process`.`caref` AS `t1_c12`, `cargo_process`.`sub_type` AS `t1_c13`, `cargo_process`.`dpt_id` AS `t1_c14`, `cargo_process`.`was_interstate` AS `t1_c15` FROM `cargo_process` `cargo_process`  WHERE (`cargo_process`.`shipment_id`=:ypl0) ORDER BY cargo_process.id desc
2023/10/23 09:48:37 [trace] [system.db.ar.CActiveRecord] ImParcel.findByPk()
2023/10/23 09:48:37 [trace] [system.db.CDbCommand] Querying SQL: SELECT * FROM `shipment` `t` WHERE (`t`.`type`=10) AND (`t`.`id`='56382311') LIMIT 1
2023/10/23 09:48:37 [trace] [system.db.ar.CActiveRecord] OrgRate.find()
2023/10/23 09:48:37 [trace] [system.db.CDbCommand] Querying SQL: SELECT * FROM `org_rate` `t` WHERE id = :id LIMIT 1
2023/10/23 09:48:37 [trace] [system.db.ar.CActiveRecord] Addr.findByPk()
2023/10/23 09:48:37 [trace] [system.db.CDbCommand] Querying SQL: SELECT * FROM `addr` `t` WHERE `t`.`id`='142274894' LIMIT 1
2023/10/23 09:48:37 [trace] [system.db.ar.CActiveRecord] lazy loading ImParcel.cnee
2023/10/23 09:48:37 [trace] [system.db.CDbCommand] Querying SQL: SELECT `cnee`.`id` AS `t1_c0`, `cnee`.`owner_id` AS `t1_c1`, `cnee`.`cnid_id` AS `t1_c2`, `cnee`.`name` AS `t1_c3`, `cnee`.`company` AS `t1_c4`, `cnee`.`address` AS `t1_c5`, `cnee`.`suburb` AS `t1_c6`, `cnee`.`city` AS `t1_c7`, `cnee`.`state` AS `t1_c8`, `cnee`.`postcode` AS `t1_c9`, `cnee`.`country` AS `t1_c10`, `cnee`.`tel` AS `t1_c11`, `cnee`.`email` AS `t1_c12`, `cnee`.`acc` AS `t1_c13`, `cnee`.`cnid_no` AS `t1_c14` FROM `addr` `cnee`  WHERE (`cnee`.`id`=:ypl0)
2023/10/23 09:48:38 [trace] [system.db.ar.CActiveRecord] ImParcel.findByPk()
2023/10/23 09:48:38 [trace] [system.db.CDbCommand] Querying SQL: SELECT * FROM `shipment` `t` WHERE (`t`.`type`=10) AND (`t`.`id`='56382311') LIMIT 1
2023/10/23 09:48:38 [trace] [system.db.ar.CActiveRecord] ImParcel.update()
2023/10/23 09:48:38 [trace] [system.db.ar.CActiveRecord] ImParcel.updateByPk()
2023/10/23 09:48:38 [trace] [system.db.CDbCommand] Executing SQL: UPDATE `shipment` SET `meta`=:yp0 WHERE `shipment`.`id`='56382311'
2023/10/23 09:48:38 [trace] [system.db.ar.CActiveRecord] Tracking.count()
2023/10/23 09:48:38 [trace] [system.db.CDbCommand] Querying SQL: SELECT COUNT(*) FROM `tracking` `t` WHERE pid = :pid AND type = :t
2023/10/23 09:48:38 [trace] [system.db.ar.CActiveRecord] lazy loading ImParcel.agent
2023/10/23 09:48:38 [trace] [system.db.CDbCommand] Querying SQL: SELECT `agent`.`id` AS `t1_c0`, `agent`.`pid` AS `t1_c1`, `agent`.`type` AS `t1_c2`, `agent`.`name` AS `t1_c3`, `agent`.`code` AS `t1_c4`, `agent`.`accode` AS `t1_c5`, `agent`.`abn` AS `t1_c6`, `agent`.`address` AS `t1_c7`, `agent`.`suburb` AS `t1_c8`, `agent`.`state` AS `t1_c9`, `agent`.`postcode` AS `t1_c10`, `agent`.`country` AS `t1_c11`, `agent`.`email` AS `t1_c12`, `agent`.`phone` AS `t1_c13`, `agent`.`fax` AS `t1_c14`, `agent`.`desc` AS `t1_c15`, `agent`.`status` AS `t1_c16`, `agent`.`meta` AS `t1_c17`, `agent`.`by` AS `t1_c18`, `agent`.`manager` AS `t1_c19`, `agent`.`nln` AS `t1_c20`, `agent`.`cargo_driver_type` AS `t1_c21`, `agent`.`hash` AS `t1_c22`, `agent`.`lat` AS `t1_c23`, `agent`.`lng` AS `t1_c24` FROM `org` `agent`  WHERE (`agent`.`id`=:ypl0)
2023/10/23 09:48:38 [trace] [system.db.ar.CActiveRecord] ImParcel.refresh()
2023/10/23 09:48:38 [trace] [system.db.ar.CActiveRecord] ImParcel.findByPk()
2023/10/23 09:48:38 [trace] [system.db.CDbCommand] Querying SQL: SELECT * FROM `shipment` `t` WHERE (`t`.`type`=10) AND (`t`.`id`='56382311') LIMIT 1
2023/10/23 09:48:38 [trace] [system.db.ar.CActiveRecord] lazy loading ImParcel.cargo_process
2023/10/23 09:48:38 [trace] [system.db.CDbCommand] Querying SQL: SELECT `cargo_process`.`id` AS `t1_c0`, `cargo_process`.`shipment_id` AS `t1_c1`, `cargo_process`.`status` AS `t1_c2`, `cargo_process`.`started` AS `t1_c3`, `cargo_process`.`date` AS `t1_c4`, `cargo_process`.`note` AS `t1_c5`, `cargo_process`.`driver_id` AS `t1_c6`, `cargo_process`.`cargo_receipt` AS `t1_c7`, `cargo_process`.`gate_pass_id` AS `t1_c8`, `cargo_process`.`agg_pod_id` AS `t1_c9`, `cargo_process`.`meta` AS `t1_c10`, `cargo_process`.`type` AS `t1_c11`, `cargo_process`.`caref` AS `t1_c12`, `cargo_process`.`sub_type` AS `t1_c13`, `cargo_process`.`dpt_id` AS `t1_c14`, `cargo_process`.`was_interstate` AS `t1_c15` FROM `cargo_process` `cargo_process`  WHERE (`cargo_process`.`shipment_id`=:ypl0) ORDER BY cargo_process.id desc
2023/10/23 09:48:38 [trace] [system.db.ar.CActiveRecord] ImParcel.findByPk()
2023/10/23 09:48:38 [trace] [system.db.CDbCommand] Querying SQL: SELECT * FROM `shipment` `t` WHERE (`t`.`type`=10) AND (`t`.`id`='56382315') LIMIT 1
2023/10/23 09:48:38 [trace] [system.db.ar.CActiveRecord] OrgRate.find()
2023/10/23 09:48:38 [trace] [system.db.CDbCommand] Querying SQL: SELECT * FROM `org_rate` `t` WHERE id = :id LIMIT 1
2023/10/23 09:48:38 [trace] [system.db.ar.CActiveRecord] Addr.findByPk()
2023/10/23 09:48:38 [trace] [system.db.CDbCommand] Querying SQL: SELECT * FROM `addr` `t` WHERE `t`.`id`='142274923' LIMIT 1
2023/10/23 09:48:38 [trace] [system.db.ar.CActiveRecord] lazy loading ImParcel.cnee
2023/10/23 09:48:38 [trace] [system.db.CDbCommand] Querying SQL: SELECT `cnee`.`id` AS `t1_c0`, `cnee`.`owner_id` AS `t1_c1`, `cnee`.`cnid_id` AS `t1_c2`, `cnee`.`name` AS `t1_c3`, `cnee`.`company` AS `t1_c4`, `cnee`.`address` AS `t1_c5`, `cnee`.`suburb` AS `t1_c6`, `cnee`.`city` AS `t1_c7`, `cnee`.`state` AS `t1_c8`, `cnee`.`postcode` AS `t1_c9`, `cnee`.`country` AS `t1_c10`, `cnee`.`tel` AS `t1_c11`, `cnee`.`email` AS `t1_c12`, `cnee`.`acc` AS `t1_c13`, `cnee`.`cnid_no` AS `t1_c14` FROM `addr` `cnee`  WHERE (`cnee`.`id`=:ypl0)
2023/10/23 09:48:40 [trace] [system.db.ar.CActiveRecord] ImParcel.findByPk()
2023/10/23 09:48:40 [trace] [system.db.CDbCommand] Querying SQL: SELECT * FROM `shipment` `t` WHERE (`t`.`type`=10) AND (`t`.`id`='56382315') LIMIT 1
2023/10/23 09:48:40 [trace] [system.db.ar.CActiveRecord] ImParcel.update()
2023/10/23 09:48:40 [trace] [system.db.ar.CActiveRecord] ImParcel.updateByPk()
2023/10/23 09:48:40 [trace] [system.db.CDbCommand] Executing SQL: UPDATE `shipment` SET `meta`=:yp0 WHERE `shipment`.`id`='56382315'
2023/10/23 09:48:40 [trace] [system.db.ar.CActiveRecord] Tracking.count()
2023/10/23 09:48:40 [trace] [system.db.CDbCommand] Querying SQL: SELECT COUNT(*) FROM `tracking` `t` WHERE pid = :pid AND type = :t
2023/10/23 09:48:40 [trace] [system.db.ar.CActiveRecord] lazy loading ImParcel.agent
2023/10/23 09:48:40 [trace] [system.db.CDbCommand] Querying SQL: SELECT `agent`.`id` AS `t1_c0`, `agent`.`pid` AS `t1_c1`, `agent`.`type` AS `t1_c2`, `agent`.`name` AS `t1_c3`, `agent`.`code` AS `t1_c4`, `agent`.`accode` AS `t1_c5`, `agent`.`abn` AS `t1_c6`, `agent`.`address` AS `t1_c7`, `agent`.`suburb` AS `t1_c8`, `agent`.`state` AS `t1_c9`, `agent`.`postcode` AS `t1_c10`, `agent`.`country` AS `t1_c11`, `agent`.`email` AS `t1_c12`, `agent`.`phone` AS `t1_c13`, `agent`.`fax` AS `t1_c14`, `agent`.`desc` AS `t1_c15`, `agent`.`status` AS `t1_c16`, `agent`.`meta` AS `t1_c17`, `agent`.`by` AS `t1_c18`, `agent`.`manager` AS `t1_c19`, `agent`.`nln` AS `t1_c20`, `agent`.`cargo_driver_type` AS `t1_c21`, `agent`.`hash` AS `t1_c22`, `agent`.`lat` AS `t1_c23`, `agent`.`lng` AS `t1_c24` FROM `org` `agent`  WHERE (`agent`.`id`=:ypl0)
2023/10/23 09:48:40 [trace] [system.db.ar.CActiveRecord] ImParcel.refresh()
2023/10/23 09:48:40 [trace] [system.db.ar.CActiveRecord] ImParcel.findByPk()
2023/10/23 09:48:40 [trace] [system.db.CDbCommand] Querying SQL: SELECT * FROM `shipment` `t` WHERE (`t`.`type`=10) AND (`t`.`id`='56382315') LIMIT 1
2023/10/23 09:48:40 [trace] [system.db.ar.CActiveRecord] lazy loading ImParcel.cargo_process
2023/10/23 09:48:40 [trace] [system.db.CDbCommand] Querying SQL: SELECT `cargo_process`.`id` AS `t1_c0`, `cargo_process`.`shipment_id` AS `t1_c1`, `cargo_process`.`status` AS `t1_c2`, `cargo_process`.`started` AS `t1_c3`, `cargo_process`.`date` AS `t1_c4`, `cargo_process`.`note` AS `t1_c5`, `cargo_process`.`driver_id` AS `t1_c6`, `cargo_process`.`cargo_receipt` AS `t1_c7`, `cargo_process`.`gate_pass_id` AS `t1_c8`, `cargo_process`.`agg_pod_id` AS `t1_c9`, `cargo_process`.`meta` AS `t1_c10`, `cargo_process`.`type` AS `t1_c11`, `cargo_process`.`caref` AS `t1_c12`, `cargo_process`.`sub_type` AS `t1_c13`, `cargo_process`.`dpt_id` AS `t1_c14`, `cargo_process`.`was_interstate` AS `t1_c15` FROM `cargo_process` `cargo_process`  WHERE (`cargo_process`.`shipment_id`=:ypl0) ORDER BY cargo_process.id desc
2023/10/23 09:54:42 [trace] [system.db.CDbConnection] Opening DB connection
2023/10/23 09:54:44 [trace] [system.db.CDbCommand] Querying SQL: SHOW FULL COLUMNS FROM `shipment`
2023/10/23 09:54:44 [trace] [system.db.CDbCommand] Querying SQL: SHOW CREATE TABLE `shipment`
2023/10/23 09:54:44 [trace] [system.db.ar.CActiveRecord] ImParcel.findByPk()
2023/10/23 09:54:44 [trace] [system.db.CDbCommand] Querying SQL: SELECT * FROM `shipment` `t` WHERE (`t`.`type`=10) AND (`t`.`id`='56382310') LIMIT 1
2023/10/23 09:54:44 [trace] [system.db.ar.CActiveRecord] OrgRate.find()
2023/10/23 09:54:44 [trace] [system.db.CDbCommand] Querying SQL: SHOW FULL COLUMNS FROM `org_rate`
2023/10/23 09:54:44 [trace] [system.db.CDbCommand] Querying SQL: SHOW CREATE TABLE `org_rate`
2023/10/23 09:54:44 [trace] [system.db.CDbCommand] Querying SQL: SELECT * FROM `org_rate` `t` WHERE id = :id LIMIT 1
2023/10/23 09:54:44 [trace] [system.db.ar.CActiveRecord] Addr.findByPk()
2023/10/23 09:54:44 [trace] [system.db.CDbCommand] Querying SQL: SHOW FULL COLUMNS FROM `addr`
2023/10/23 09:54:44 [trace] [system.db.CDbCommand] Querying SQL: SHOW CREATE TABLE `addr`
2023/10/23 09:54:44 [trace] [system.db.CDbCommand] Querying SQL: SELECT * FROM `addr` `t` WHERE `t`.`id`='142274892' LIMIT 1
2023/10/23 09:54:44 [trace] [system.db.ar.CActiveRecord] lazy loading ImParcel.cnee
2023/10/23 09:54:44 [trace] [system.db.CDbCommand] Querying SQL: SELECT `cnee`.`id` AS `t1_c0`, `cnee`.`owner_id` AS `t1_c1`, `cnee`.`cnid_id` AS `t1_c2`, `cnee`.`name` AS `t1_c3`, `cnee`.`company` AS `t1_c4`, `cnee`.`address` AS `t1_c5`, `cnee`.`suburb` AS `t1_c6`, `cnee`.`city` AS `t1_c7`, `cnee`.`state` AS `t1_c8`, `cnee`.`postcode` AS `t1_c9`, `cnee`.`country` AS `t1_c10`, `cnee`.`tel` AS `t1_c11`, `cnee`.`email` AS `t1_c12`, `cnee`.`acc` AS `t1_c13`, `cnee`.`cnid_no` AS `t1_c14` FROM `addr` `cnee`  WHERE (`cnee`.`id`=:ypl0)
2023/10/23 09:54:46 [trace] [system.db.ar.CActiveRecord] ImParcel.findByPk()
2023/10/23 09:54:46 [trace] [system.db.CDbCommand] Querying SQL: SELECT * FROM `shipment` `t` WHERE (`t`.`type`=10) AND (`t`.`id`='56382310') LIMIT 1
2023/10/23 09:54:46 [trace] [system.db.ar.CActiveRecord] ImParcel.update()
2023/10/23 09:54:46 [trace] [system.db.ar.CActiveRecord] ImParcel.updateByPk()
2023/10/23 09:54:46 [trace] [system.db.CDbCommand] Executing SQL: UPDATE `shipment` SET `meta`=:yp0 WHERE `shipment`.`id`='56382310'
2023/10/23 09:54:46 [trace] [system.db.ar.CActiveRecord] Tracking.count()
2023/10/23 09:54:46 [trace] [system.db.CDbCommand] Querying SQL: SHOW FULL COLUMNS FROM `tracking`
2023/10/23 09:54:46 [trace] [system.db.CDbCommand] Querying SQL: SHOW CREATE TABLE `tracking`
2023/10/23 09:54:46 [trace] [system.db.CDbCommand] Querying SQL: SELECT COUNT(*) FROM `tracking` `t` WHERE pid = :pid AND type = :t
2023/10/23 09:54:46 [trace] [system.db.ar.CActiveRecord] lazy loading ImParcel.agent
2023/10/23 09:54:46 [trace] [system.db.CDbCommand] Querying SQL: SHOW FULL COLUMNS FROM `org`
2023/10/23 09:54:46 [trace] [system.db.CDbCommand] Querying SQL: SHOW CREATE TABLE `org`
2023/10/23 09:54:46 [trace] [system.db.CDbCommand] Querying SQL: SELECT `agent`.`id` AS `t1_c0`, `agent`.`pid` AS `t1_c1`, `agent`.`type` AS `t1_c2`, `agent`.`name` AS `t1_c3`, `agent`.`code` AS `t1_c4`, `agent`.`accode` AS `t1_c5`, `agent`.`abn` AS `t1_c6`, `agent`.`address` AS `t1_c7`, `agent`.`suburb` AS `t1_c8`, `agent`.`state` AS `t1_c9`, `agent`.`postcode` AS `t1_c10`, `agent`.`country` AS `t1_c11`, `agent`.`email` AS `t1_c12`, `agent`.`phone` AS `t1_c13`, `agent`.`fax` AS `t1_c14`, `agent`.`desc` AS `t1_c15`, `agent`.`status` AS `t1_c16`, `agent`.`meta` AS `t1_c17`, `agent`.`by` AS `t1_c18`, `agent`.`manager` AS `t1_c19`, `agent`.`nln` AS `t1_c20`, `agent`.`cargo_driver_type` AS `t1_c21`, `agent`.`hash` AS `t1_c22`, `agent`.`lat` AS `t1_c23`, `agent`.`lng` AS `t1_c24` FROM `org` `agent`  WHERE (`agent`.`id`=:ypl0)
2023/10/23 09:54:46 [trace] [system.db.ar.CActiveRecord] ImParcel.refresh()
2023/10/23 09:54:46 [trace] [system.db.ar.CActiveRecord] ImParcel.findByPk()
2023/10/23 09:54:46 [trace] [system.db.CDbCommand] Querying SQL: SELECT * FROM `shipment` `t` WHERE (`t`.`type`=10) AND (`t`.`id`='56382310') LIMIT 1
2023/10/23 09:54:46 [trace] [system.db.ar.CActiveRecord] lazy loading ImParcel.cargo_process
2023/10/23 09:54:46 [trace] [system.db.CDbCommand] Querying SQL: SHOW FULL COLUMNS FROM `cargo_process`
2023/10/23 09:54:46 [trace] [system.db.CDbCommand] Querying SQL: SHOW CREATE TABLE `cargo_process`
2023/10/23 09:54:46 [trace] [system.db.CDbCommand] Querying SQL: SELECT `cargo_process`.`id` AS `t1_c0`, `cargo_process`.`shipment_id` AS `t1_c1`, `cargo_process`.`status` AS `t1_c2`, `cargo_process`.`started` AS `t1_c3`, `cargo_process`.`date` AS `t1_c4`, `cargo_process`.`note` AS `t1_c5`, `cargo_process`.`driver_id` AS `t1_c6`, `cargo_process`.`cargo_receipt` AS `t1_c7`, `cargo_process`.`gate_pass_id` AS `t1_c8`, `cargo_process`.`agg_pod_id` AS `t1_c9`, `cargo_process`.`meta` AS `t1_c10`, `cargo_process`.`type` AS `t1_c11`, `cargo_process`.`caref` AS `t1_c12`, `cargo_process`.`sub_type` AS `t1_c13`, `cargo_process`.`dpt_id` AS `t1_c14`, `cargo_process`.`was_interstate` AS `t1_c15` FROM `cargo_process` `cargo_process`  WHERE (`cargo_process`.`shipment_id`=:ypl0) ORDER BY cargo_process.id desc
2023/10/23 09:54:46 [trace] [system.db.ar.CActiveRecord] ImParcel.findByPk()
2023/10/23 09:54:46 [trace] [system.db.CDbCommand] Querying SQL: SELECT * FROM `shipment` `t` WHERE (`t`.`type`=10) AND (`t`.`id`='56382311') LIMIT 1
2023/10/23 09:54:46 [trace] [system.db.ar.CActiveRecord] OrgRate.find()
2023/10/23 09:54:46 [trace] [system.db.CDbCommand] Querying SQL: SELECT * FROM `org_rate` `t` WHERE id = :id LIMIT 1
2023/10/23 09:54:46 [trace] [system.db.ar.CActiveRecord] Addr.findByPk()
2023/10/23 09:54:46 [trace] [system.db.CDbCommand] Querying SQL: SELECT * FROM `addr` `t` WHERE `t`.`id`='142274894' LIMIT 1
2023/10/23 09:54:46 [trace] [system.db.ar.CActiveRecord] lazy loading ImParcel.cnee
2023/10/23 09:54:46 [trace] [system.db.CDbCommand] Querying SQL: SELECT `cnee`.`id` AS `t1_c0`, `cnee`.`owner_id` AS `t1_c1`, `cnee`.`cnid_id` AS `t1_c2`, `cnee`.`name` AS `t1_c3`, `cnee`.`company` AS `t1_c4`, `cnee`.`address` AS `t1_c5`, `cnee`.`suburb` AS `t1_c6`, `cnee`.`city` AS `t1_c7`, `cnee`.`state` AS `t1_c8`, `cnee`.`postcode` AS `t1_c9`, `cnee`.`country` AS `t1_c10`, `cnee`.`tel` AS `t1_c11`, `cnee`.`email` AS `t1_c12`, `cnee`.`acc` AS `t1_c13`, `cnee`.`cnid_no` AS `t1_c14` FROM `addr` `cnee`  WHERE (`cnee`.`id`=:ypl0)
2023/10/23 09:54:47 [trace] [system.db.ar.CActiveRecord] ImParcel.findByPk()
2023/10/23 09:54:47 [trace] [system.db.CDbCommand] Querying SQL: SELECT * FROM `shipment` `t` WHERE (`t`.`type`=10) AND (`t`.`id`='56382311') LIMIT 1
2023/10/23 09:54:47 [trace] [system.db.ar.CActiveRecord] ImParcel.update()
2023/10/23 09:54:47 [trace] [system.db.ar.CActiveRecord] ImParcel.updateByPk()
2023/10/23 09:54:47 [trace] [system.db.CDbCommand] Executing SQL: UPDATE `shipment` SET `meta`=:yp0 WHERE `shipment`.`id`='56382311'
2023/10/23 09:54:47 [trace] [system.db.ar.CActiveRecord] Tracking.count()
2023/10/23 09:54:47 [trace] [system.db.CDbCommand] Querying SQL: SELECT COUNT(*) FROM `tracking` `t` WHERE pid = :pid AND type = :t
2023/10/23 09:54:47 [trace] [system.db.ar.CActiveRecord] lazy loading ImParcel.agent
2023/10/23 09:54:47 [trace] [system.db.CDbCommand] Querying SQL: SELECT `agent`.`id` AS `t1_c0`, `agent`.`pid` AS `t1_c1`, `agent`.`type` AS `t1_c2`, `agent`.`name` AS `t1_c3`, `agent`.`code` AS `t1_c4`, `agent`.`accode` AS `t1_c5`, `agent`.`abn` AS `t1_c6`, `agent`.`address` AS `t1_c7`, `agent`.`suburb` AS `t1_c8`, `agent`.`state` AS `t1_c9`, `agent`.`postcode` AS `t1_c10`, `agent`.`country` AS `t1_c11`, `agent`.`email` AS `t1_c12`, `agent`.`phone` AS `t1_c13`, `agent`.`fax` AS `t1_c14`, `agent`.`desc` AS `t1_c15`, `agent`.`status` AS `t1_c16`, `agent`.`meta` AS `t1_c17`, `agent`.`by` AS `t1_c18`, `agent`.`manager` AS `t1_c19`, `agent`.`nln` AS `t1_c20`, `agent`.`cargo_driver_type` AS `t1_c21`, `agent`.`hash` AS `t1_c22`, `agent`.`lat` AS `t1_c23`, `agent`.`lng` AS `t1_c24` FROM `org` `agent`  WHERE (`agent`.`id`=:ypl0)
2023/10/23 09:54:47 [trace] [system.db.ar.CActiveRecord] ImParcel.refresh()
2023/10/23 09:54:47 [trace] [system.db.ar.CActiveRecord] ImParcel.findByPk()
2023/10/23 09:54:47 [trace] [system.db.CDbCommand] Querying SQL: SELECT * FROM `shipment` `t` WHERE (`t`.`type`=10) AND (`t`.`id`='56382311') LIMIT 1
2023/10/23 09:54:47 [trace] [system.db.ar.CActiveRecord] lazy loading ImParcel.cargo_process
2023/10/23 09:54:47 [trace] [system.db.CDbCommand] Querying SQL: SELECT `cargo_process`.`id` AS `t1_c0`, `cargo_process`.`shipment_id` AS `t1_c1`, `cargo_process`.`status` AS `t1_c2`, `cargo_process`.`started` AS `t1_c3`, `cargo_process`.`date` AS `t1_c4`, `cargo_process`.`note` AS `t1_c5`, `cargo_process`.`driver_id` AS `t1_c6`, `cargo_process`.`cargo_receipt` AS `t1_c7`, `cargo_process`.`gate_pass_id` AS `t1_c8`, `cargo_process`.`agg_pod_id` AS `t1_c9`, `cargo_process`.`meta` AS `t1_c10`, `cargo_process`.`type` AS `t1_c11`, `cargo_process`.`caref` AS `t1_c12`, `cargo_process`.`sub_type` AS `t1_c13`, `cargo_process`.`dpt_id` AS `t1_c14`, `cargo_process`.`was_interstate` AS `t1_c15` FROM `cargo_process` `cargo_process`  WHERE (`cargo_process`.`shipment_id`=:ypl0) ORDER BY cargo_process.id desc
2023/10/23 09:54:47 [trace] [system.db.ar.CActiveRecord] ImParcel.findByPk()
2023/10/23 09:54:47 [trace] [system.db.CDbCommand] Querying SQL: SELECT * FROM `shipment` `t` WHERE (`t`.`type`=10) AND (`t`.`id`='56382315') LIMIT 1
2023/10/23 09:54:47 [trace] [system.db.ar.CActiveRecord] OrgRate.find()
2023/10/23 09:54:47 [trace] [system.db.CDbCommand] Querying SQL: SELECT * FROM `org_rate` `t` WHERE id = :id LIMIT 1
2023/10/23 09:54:47 [trace] [system.db.ar.CActiveRecord] Addr.findByPk()
2023/10/23 09:54:47 [trace] [system.db.CDbCommand] Querying SQL: SELECT * FROM `addr` `t` WHERE `t`.`id`='142274923' LIMIT 1
2023/10/23 09:54:47 [trace] [system.db.ar.CActiveRecord] lazy loading ImParcel.cnee
2023/10/23 09:54:47 [trace] [system.db.CDbCommand] Querying SQL: SELECT `cnee`.`id` AS `t1_c0`, `cnee`.`owner_id` AS `t1_c1`, `cnee`.`cnid_id` AS `t1_c2`, `cnee`.`name` AS `t1_c3`, `cnee`.`company` AS `t1_c4`, `cnee`.`address` AS `t1_c5`, `cnee`.`suburb` AS `t1_c6`, `cnee`.`city` AS `t1_c7`, `cnee`.`state` AS `t1_c8`, `cnee`.`postcode` AS `t1_c9`, `cnee`.`country` AS `t1_c10`, `cnee`.`tel` AS `t1_c11`, `cnee`.`email` AS `t1_c12`, `cnee`.`acc` AS `t1_c13`, `cnee`.`cnid_no` AS `t1_c14` FROM `addr` `cnee`  WHERE (`cnee`.`id`=:ypl0)
2023/10/23 09:54:47 [trace] [system.db.ar.CActiveRecord] ImParcel.findByPk()
2023/10/23 09:54:47 [trace] [system.db.CDbCommand] Querying SQL: SELECT * FROM `shipment` `t` WHERE (`t`.`type`=10) AND (`t`.`id`='56382315') LIMIT 1
2023/10/23 09:54:47 [trace] [system.db.ar.CActiveRecord] ImParcel.update()
2023/10/23 09:54:47 [trace] [system.db.ar.CActiveRecord] ImParcel.updateByPk()
2023/10/23 09:54:47 [trace] [system.db.CDbCommand] Executing SQL: UPDATE `shipment` SET `meta`=:yp0 WHERE `shipment`.`id`='56382315'
2023/10/23 09:54:47 [trace] [system.db.ar.CActiveRecord] Tracking.count()
2023/10/23 09:54:47 [trace] [system.db.CDbCommand] Querying SQL: SELECT COUNT(*) FROM `tracking` `t` WHERE pid = :pid AND type = :t
2023/10/23 09:54:47 [trace] [system.db.ar.CActiveRecord] lazy loading ImParcel.agent
2023/10/23 09:54:47 [trace] [system.db.CDbCommand] Querying SQL: SELECT `agent`.`id` AS `t1_c0`, `agent`.`pid` AS `t1_c1`, `agent`.`type` AS `t1_c2`, `agent`.`name` AS `t1_c3`, `agent`.`code` AS `t1_c4`, `agent`.`accode` AS `t1_c5`, `agent`.`abn` AS `t1_c6`, `agent`.`address` AS `t1_c7`, `agent`.`suburb` AS `t1_c8`, `agent`.`state` AS `t1_c9`, `agent`.`postcode` AS `t1_c10`, `agent`.`country` AS `t1_c11`, `agent`.`email` AS `t1_c12`, `agent`.`phone` AS `t1_c13`, `agent`.`fax` AS `t1_c14`, `agent`.`desc` AS `t1_c15`, `agent`.`status` AS `t1_c16`, `agent`.`meta` AS `t1_c17`, `agent`.`by` AS `t1_c18`, `agent`.`manager` AS `t1_c19`, `agent`.`nln` AS `t1_c20`, `agent`.`cargo_driver_type` AS `t1_c21`, `agent`.`hash` AS `t1_c22`, `agent`.`lat` AS `t1_c23`, `agent`.`lng` AS `t1_c24` FROM `org` `agent`  WHERE (`agent`.`id`=:ypl0)
2023/10/23 09:54:47 [trace] [system.db.ar.CActiveRecord] ImParcel.refresh()
2023/10/23 09:54:47 [trace] [system.db.ar.CActiveRecord] ImParcel.findByPk()
2023/10/23 09:54:47 [trace] [system.db.CDbCommand] Querying SQL: SELECT * FROM `shipment` `t` WHERE (`t`.`type`=10) AND (`t`.`id`='56382315') LIMIT 1
2023/10/23 09:54:47 [trace] [system.db.ar.CActiveRecord] lazy loading ImParcel.cargo_process
2023/10/23 09:54:47 [trace] [system.db.CDbCommand] Querying SQL: SELECT `cargo_process`.`id` AS `t1_c0`, `cargo_process`.`shipment_id` AS `t1_c1`, `cargo_process`.`status` AS `t1_c2`, `cargo_process`.`started` AS `t1_c3`, `cargo_process`.`date` AS `t1_c4`, `cargo_process`.`note` AS `t1_c5`, `cargo_process`.`driver_id` AS `t1_c6`, `cargo_process`.`cargo_receipt` AS `t1_c7`, `cargo_process`.`gate_pass_id` AS `t1_c8`, `cargo_process`.`agg_pod_id` AS `t1_c9`, `cargo_process`.`meta` AS `t1_c10`, `cargo_process`.`type` AS `t1_c11`, `cargo_process`.`caref` AS `t1_c12`, `cargo_process`.`sub_type` AS `t1_c13`, `cargo_process`.`dpt_id` AS `t1_c14`, `cargo_process`.`was_interstate` AS `t1_c15` FROM `cargo_process` `cargo_process`  WHERE (`cargo_process`.`shipment_id`=:ypl0) ORDER BY cargo_process.id desc
2023/10/24 01:55:35 [trace] [system.db.CDbConnection] Opening DB connection
2023/10/24 01:55:35 [trace] [system.db.CDbCommand] Querying SQL: SHOW FULL COLUMNS FROM `shipment`
2023/10/24 01:55:35 [trace] [system.db.CDbCommand] Querying SQL: SHOW CREATE TABLE `shipment`
2023/10/24 01:55:35 [trace] [system.db.ar.CActiveRecord] ImParcel.findAll()
2023/10/24 01:55:35 [trace] [system.db.CDbCommand] Querying SQL: SELECT * FROM `shipment` `t` WHERE (`t`.`type`=10) AND (ref="3971012230166")
2023/10/24 01:55:35 [trace] [system.db.ar.CActiveRecord] lazy loading ImParcel.trans
2023/10/24 01:55:35 [trace] [system.db.CDbCommand] Querying SQL: SHOW FULL COLUMNS FROM `tranship`
2023/10/24 01:55:35 [trace] [system.db.CDbCommand] Querying SQL: SHOW CREATE TABLE `tranship`
2023/10/24 01:55:35 [trace] [system.db.CDbCommand] Querying SQL: SELECT `trans`.`id` AS `t1_c0`, `trans`.`pid` AS `t1_c1`, `trans`.`org_id` AS `t1_c2`, `trans`.`man_id` AS `t1_c3`, `trans`.`connote` AS `t1_c4`, `trans`.`time` AS `t1_c5`, `trans`.`type` AS `t1_c6`, `trans`.`status` AS `t1_c7`, `trans`.`meta` AS `t1_c8`, `trans`.`cost` AS `t1_c9` FROM `tranship` `trans`  WHERE (`trans`.`pid`=:ypl0)
2023/10/24 01:55:35 [trace] [system.db.ar.CActiveRecord] OrgRate.findByPk()
2023/10/24 01:55:35 [trace] [system.db.CDbCommand] Querying SQL: SHOW FULL COLUMNS FROM `org_rate`
2023/10/24 01:55:35 [trace] [system.db.CDbCommand] Querying SQL: SHOW CREATE TABLE `org_rate`
2023/10/24 01:55:35 [trace] [system.db.CDbCommand] Querying SQL: SELECT * FROM `org_rate` `t` WHERE `t`.`id`='11363' LIMIT 1
2023/10/24 01:55:35 [trace] [system.db.ar.CActiveRecord] Addr.findByPk()
2023/10/24 01:55:35 [trace] [system.db.CDbCommand] Querying SQL: SHOW FULL COLUMNS FROM `addr`
2023/10/24 01:55:35 [trace] [system.db.CDbCommand] Querying SQL: SHOW CREATE TABLE `addr`
2023/10/24 01:55:35 [trace] [system.db.CDbCommand] Querying SQL: SELECT * FROM `addr` `t` WHERE `t`.`id`='142274892' LIMIT 1
2023/10/24 01:55:35 [trace] [system.db.ar.CActiveRecord] lazy loading ImParcel.cnee
2023/10/24 01:55:35 [trace] [system.db.CDbCommand] Querying SQL: SELECT `cnee`.`id` AS `t1_c0`, `cnee`.`owner_id` AS `t1_c1`, `cnee`.`cnid_id` AS `t1_c2`, `cnee`.`name` AS `t1_c3`, `cnee`.`company` AS `t1_c4`, `cnee`.`address` AS `t1_c5`, `cnee`.`suburb` AS `t1_c6`, `cnee`.`city` AS `t1_c7`, `cnee`.`state` AS `t1_c8`, `cnee`.`postcode` AS `t1_c9`, `cnee`.`country` AS `t1_c10`, `cnee`.`tel` AS `t1_c11`, `cnee`.`email` AS `t1_c12`, `cnee`.`acc` AS `t1_c13`, `cnee`.`cnid_no` AS `t1_c14` FROM `addr` `cnee`  WHERE (`cnee`.`id`=:ypl0)
2023/10/24 01:55:40 [trace] [system.db.ar.CActiveRecord] Tranship.update()
2023/10/24 01:55:40 [trace] [system.db.ar.CActiveRecord] Tranship.updateByPk()
2023/10/24 01:55:40 [trace] [system.db.CDbCommand] Executing SQL: UPDATE `tranship` SET `id`=:yp0, `pid`=:yp1, `org_id`=:yp2, `man_id`=:yp3, `connote`=:yp4, `time`=:yp5, `type`=:yp6, `status`=:yp7, `meta`=:yp8, `cost`=:yp9 WHERE `tranship`.`id`='27249957'
2023/10/24 01:55:40 [trace] [system.db.CDbCommand] Querying SQL: SHOW FULL COLUMNS FROM `manifest`
2023/10/24 01:55:40 [trace] [system.db.CDbCommand] Querying SQL: SHOW CREATE TABLE `manifest`
2023/10/24 01:55:40 [trace] [system.db.ar.CActiveRecord] Manifest.insert()
2023/10/24 01:55:40 [trace] [system.db.CDbCommand] Executing SQL: INSERT INTO `manifest` (`type`, `fwd_id`, `ref`, `created`, `status`) VALUES (:yp0, :yp1, :yp2, :yp3, :yp4)
2023/10/24 01:55:40 [trace] [system.db.CDbCommand] Querying SQL: SHOW FULL COLUMNS FROM `log`
2023/10/24 01:55:40 [trace] [system.db.CDbCommand] Querying SQL: SHOW CREATE TABLE `log`
2023/10/24 01:55:40 [trace] [system.db.ar.CActiveRecord] Log.insert()
2023/10/24 01:55:40 [trace] [system.db.CDbCommand] Executing SQL: INSERT INTO `log` (`type`, `model`, `lid`, `user_id`, `time`, `meta`) VALUES (:yp0, :yp1, :yp2, :yp3, :yp4, :yp5)
2023/10/24 02:43:08 [trace] [system.db.CDbConnection] Opening DB connection
2023/10/24 02:43:17 [trace] [system.db.CDbConnection] Opening DB connection
2023/10/24 02:43:25 [trace] [system.db.CDbConnection] Opening DB connection
2023/10/24 02:43:45 [trace] [system.db.CDbConnection] Opening DB connection
2023/10/24 02:43:45 [trace] [system.db.CDbCommand] Querying SQL: SHOW FULL COLUMNS FROM `shipment`
2023/10/24 02:43:45 [trace] [system.db.CDbCommand] Querying SQL: SHOW CREATE TABLE `shipment`
2023/10/24 02:43:45 [trace] [system.db.ar.CActiveRecord] ImParcel.findAll()
2023/10/24 02:43:45 [trace] [system.db.CDbCommand] Querying SQL: SELECT * FROM `shipment` `t` WHERE (`t`.`type`=10) AND (ref="3971012230166")
2023/10/24 02:43:48 [trace] [system.db.CDbConnection] Opening DB connection
2023/10/24 02:43:48 [trace] [system.db.CDbCommand] Querying SQL: SHOW FULL COLUMNS FROM `shipment`
2023/10/24 02:43:48 [trace] [system.db.CDbCommand] Querying SQL: SHOW CREATE TABLE `shipment`
2023/10/24 02:43:48 [trace] [system.db.ar.CActiveRecord] ImParcel.findAll()
2023/10/24 02:43:48 [trace] [system.db.CDbCommand] Querying SQL: SELECT * FROM `shipment` `t` WHERE (`t`.`type`=10) AND (ref="3971012230166")
2023/10/24 02:43:56 [trace] [system.db.CDbConnection] Opening DB connection
2023/10/24 02:43:56 [trace] [system.db.CDbCommand] Querying SQL: SHOW FULL COLUMNS FROM `shipment`
2023/10/24 02:43:56 [trace] [system.db.CDbCommand] Querying SQL: SHOW CREATE TABLE `shipment`
2023/10/24 02:43:56 [trace] [system.db.ar.CActiveRecord] ImParcel.findAll()
2023/10/24 02:43:56 [trace] [system.db.CDbCommand] Querying SQL: SELECT * FROM `shipment` `t` WHERE (`t`.`type`=10) AND (ref="3971012230166")
2023/10/24 02:55:38 [trace] [system.db.CDbConnection] Opening DB connection
2023/10/24 02:55:38 [trace] [system.db.CDbCommand] Querying SQL: SHOW FULL COLUMNS FROM `shipment`
2023/10/24 02:55:38 [trace] [system.db.CDbCommand] Querying SQL: SHOW CREATE TABLE `shipment`
2023/10/24 02:55:38 [trace] [system.db.ar.CActiveRecord] ImParcel.findAll()
2023/10/24 02:55:38 [trace] [system.db.CDbCommand] Querying SQL: SELECT * FROM `shipment` `t` WHERE (`t`.`type`=10) AND (ref="3971012230166")
2023/10/24 02:56:17 [trace] [system.db.CDbConnection] Opening DB connection
2023/10/24 02:56:17 [trace] [system.db.CDbCommand] Querying SQL: SHOW FULL COLUMNS FROM `shipment`
2023/10/24 02:56:17 [trace] [system.db.CDbCommand] Querying SQL: SHOW CREATE TABLE `shipment`
2023/10/24 02:56:17 [trace] [system.db.ar.CActiveRecord] ImParcel.findAll()
2023/10/24 02:56:17 [trace] [system.db.CDbCommand] Querying SQL: SELECT * FROM `shipment` `t` WHERE (`t`.`type`=10) AND (ref="3971012230166")
2023/10/24 02:56:17 [trace] [system.db.ar.CActiveRecord] Addr.findByPk()
2023/10/24 02:56:17 [trace] [system.db.CDbCommand] Querying SQL: SHOW FULL COLUMNS FROM `addr`
2023/10/24 02:56:17 [trace] [system.db.CDbCommand] Querying SQL: SHOW CREATE TABLE `addr`
2023/10/24 02:56:17 [trace] [system.db.CDbCommand] Querying SQL: SELECT * FROM `addr` `t` WHERE `t`.`id` IS NULL LIMIT 1
2023/10/24 02:58:18 [trace] [system.db.CDbConnection] Opening DB connection
2023/10/24 02:58:18 [trace] [system.db.ar.CActiveRecord] Shipment.findByPk()
2023/10/24 02:58:18 [trace] [system.db.CDbCommand] Querying SQL: SHOW FULL COLUMNS FROM `shipment`
2023/10/24 02:58:18 [trace] [system.db.CDbCommand] Querying SQL: SHOW CREATE TABLE `shipment`
2023/10/24 02:58:18 [trace] [system.db.CDbCommand] Querying SQL: SELECT * FROM `shipment` `t` WHERE `t`.`id`='56382310' LIMIT 1
2023/10/24 02:58:18 [trace] [system.db.ar.CActiveRecord] Addr.findByPk()
2023/10/24 02:58:18 [trace] [system.db.CDbCommand] Querying SQL: SHOW FULL COLUMNS FROM `addr`
2023/10/24 02:58:18 [trace] [system.db.CDbCommand] Querying SQL: SHOW CREATE TABLE `addr`
2023/10/24 02:58:18 [trace] [system.db.CDbCommand] Querying SQL: SELECT * FROM `addr` `t` WHERE `t`.`id`='142274892' LIMIT 1
2023/10/24 02:58:18 [trace] [system.db.ar.CActiveRecord] lazy loading ImParcel.cnee
2023/10/24 02:58:18 [trace] [system.db.CDbCommand] Querying SQL: SELECT `cnee`.`id` AS `t1_c0`, `cnee`.`owner_id` AS `t1_c1`, `cnee`.`cnid_id` AS `t1_c2`, `cnee`.`name` AS `t1_c3`, `cnee`.`company` AS `t1_c4`, `cnee`.`address` AS `t1_c5`, `cnee`.`suburb` AS `t1_c6`, `cnee`.`city` AS `t1_c7`, `cnee`.`state` AS `t1_c8`, `cnee`.`postcode` AS `t1_c9`, `cnee`.`country` AS `t1_c10`, `cnee`.`tel` AS `t1_c11`, `cnee`.`email` AS `t1_c12`, `cnee`.`acc` AS `t1_c13`, `cnee`.`cnid_no` AS `t1_c14` FROM `addr` `cnee`  WHERE (`cnee`.`id`=:ypl0)
2023/10/24 02:58:20 [trace] [system.db.CDbConnection] Opening DB connection
2023/10/24 02:58:20 [trace] [system.db.ar.CActiveRecord] Shipment.findByPk()
2023/10/24 02:58:20 [trace] [system.db.CDbCommand] Querying SQL: SHOW FULL COLUMNS FROM `shipment`
2023/10/24 02:58:20 [trace] [system.db.CDbCommand] Querying SQL: SHOW CREATE TABLE `shipment`
2023/10/24 02:58:20 [trace] [system.db.CDbCommand] Querying SQL: SELECT * FROM `shipment` `t` WHERE `t`.`id`='56382310' LIMIT 1
2023/10/24 02:58:20 [trace] [system.db.ar.CActiveRecord] Addr.findByPk()
2023/10/24 02:58:20 [trace] [system.db.CDbCommand] Querying SQL: SHOW FULL COLUMNS FROM `addr`
2023/10/24 02:58:20 [trace] [system.db.CDbCommand] Querying SQL: SHOW CREATE TABLE `addr`
2023/10/24 02:58:20 [trace] [system.db.CDbCommand] Querying SQL: SELECT * FROM `addr` `t` WHERE `t`.`id`='142274892' LIMIT 1
2023/10/24 02:58:20 [trace] [system.db.ar.CActiveRecord] lazy loading ImParcel.cnee
2023/10/24 02:58:20 [trace] [system.db.CDbCommand] Querying SQL: SELECT `cnee`.`id` AS `t1_c0`, `cnee`.`owner_id` AS `t1_c1`, `cnee`.`cnid_id` AS `t1_c2`, `cnee`.`name` AS `t1_c3`, `cnee`.`company` AS `t1_c4`, `cnee`.`address` AS `t1_c5`, `cnee`.`suburb` AS `t1_c6`, `cnee`.`city` AS `t1_c7`, `cnee`.`state` AS `t1_c8`, `cnee`.`postcode` AS `t1_c9`, `cnee`.`country` AS `t1_c10`, `cnee`.`tel` AS `t1_c11`, `cnee`.`email` AS `t1_c12`, `cnee`.`acc` AS `t1_c13`, `cnee`.`cnid_no` AS `t1_c14` FROM `addr` `cnee`  WHERE (`cnee`.`id`=:ypl0)
2023/10/24 03:01:12 [trace] [system.db.CDbConnection] Opening DB connection
2023/10/24 03:01:12 [trace] [system.db.ar.CActiveRecord] Shipment.findByPk()
2023/10/24 03:01:12 [trace] [system.db.CDbCommand] Querying SQL: SHOW FULL COLUMNS FROM `shipment`
2023/10/24 03:01:12 [trace] [system.db.CDbCommand] Querying SQL: SHOW CREATE TABLE `shipment`
2023/10/24 03:01:12 [trace] [system.db.CDbCommand] Querying SQL: SELECT * FROM `shipment` `t` WHERE `t`.`id`='56382310' LIMIT 1
2023/10/24 03:01:26 [trace] [system.db.CDbConnection] Opening DB connection
2023/10/24 03:01:26 [trace] [system.db.ar.CActiveRecord] Shipment.findByPk()
2023/10/24 03:01:26 [trace] [system.db.CDbCommand] Querying SQL: SHOW FULL COLUMNS FROM `shipment`
2023/10/24 03:01:26 [trace] [system.db.CDbCommand] Querying SQL: SHOW CREATE TABLE `shipment`
2023/10/24 03:01:26 [trace] [system.db.CDbCommand] Querying SQL: SELECT * FROM `shipment` `t` WHERE `t`.`id`='56382310' LIMIT 1
2023/10/24 03:01:26 [trace] [system.db.ar.CActiveRecord] Addr.findByPk()
2023/10/24 03:01:26 [trace] [system.db.CDbCommand] Querying SQL: SHOW FULL COLUMNS FROM `addr`
2023/10/24 03:01:26 [trace] [system.db.CDbCommand] Querying SQL: SHOW CREATE TABLE `addr`
2023/10/24 03:01:26 [trace] [system.db.CDbCommand] Querying SQL: SELECT * FROM `addr` `t` WHERE `t`.`id`='142274892' LIMIT 1
2023/10/24 03:01:26 [trace] [system.db.ar.CActiveRecord] lazy loading ImParcel.cnee
2023/10/24 03:01:26 [trace] [system.db.CDbCommand] Querying SQL: SELECT `cnee`.`id` AS `t1_c0`, `cnee`.`owner_id` AS `t1_c1`, `cnee`.`cnid_id` AS `t1_c2`, `cnee`.`name` AS `t1_c3`, `cnee`.`company` AS `t1_c4`, `cnee`.`address` AS `t1_c5`, `cnee`.`suburb` AS `t1_c6`, `cnee`.`city` AS `t1_c7`, `cnee`.`state` AS `t1_c8`, `cnee`.`postcode` AS `t1_c9`, `cnee`.`country` AS `t1_c10`, `cnee`.`tel` AS `t1_c11`, `cnee`.`email` AS `t1_c12`, `cnee`.`acc` AS `t1_c13`, `cnee`.`cnid_no` AS `t1_c14` FROM `addr` `cnee`  WHERE (`cnee`.`id`=:ypl0)
2023/10/24 03:03:43 [trace] [system.db.CDbConnection] Opening DB connection
2023/10/24 03:03:43 [trace] [system.db.ar.CActiveRecord] Shipment.findByPk()
2023/10/24 03:03:43 [trace] [system.db.CDbCommand] Querying SQL: SHOW FULL COLUMNS FROM `shipment`
2023/10/24 03:03:43 [trace] [system.db.CDbCommand] Querying SQL: SHOW CREATE TABLE `shipment`
2023/10/24 03:03:43 [trace] [system.db.CDbCommand] Querying SQL: SELECT * FROM `shipment` `t` WHERE `t`.`id`='56382310' LIMIT 1
2023/10/24 03:03:43 [trace] [system.db.ar.CActiveRecord] Addr.findByPk()
2023/10/24 03:03:43 [trace] [system.db.CDbCommand] Querying SQL: SHOW FULL COLUMNS FROM `addr`
2023/10/24 03:03:43 [trace] [system.db.CDbCommand] Querying SQL: SHOW CREATE TABLE `addr`
2023/10/24 03:03:43 [trace] [system.db.CDbCommand] Querying SQL: SELECT * FROM `addr` `t` WHERE `t`.`id`='142274892' LIMIT 1
2023/10/24 03:03:43 [trace] [system.db.ar.CActiveRecord] lazy loading ImParcel.cnee
2023/10/24 03:03:43 [trace] [system.db.CDbCommand] Querying SQL: SELECT `cnee`.`id` AS `t1_c0`, `cnee`.`owner_id` AS `t1_c1`, `cnee`.`cnid_id` AS `t1_c2`, `cnee`.`name` AS `t1_c3`, `cnee`.`company` AS `t1_c4`, `cnee`.`address` AS `t1_c5`, `cnee`.`suburb` AS `t1_c6`, `cnee`.`city` AS `t1_c7`, `cnee`.`state` AS `t1_c8`, `cnee`.`postcode` AS `t1_c9`, `cnee`.`country` AS `t1_c10`, `cnee`.`tel` AS `t1_c11`, `cnee`.`email` AS `t1_c12`, `cnee`.`acc` AS `t1_c13`, `cnee`.`cnid_no` AS `t1_c14` FROM `addr` `cnee`  WHERE (`cnee`.`id`=:ypl0)
2023/10/24 03:09:17 [trace] [system.db.CDbConnection] Opening DB connection
2023/10/24 03:09:17 [trace] [system.db.CDbCommand] Querying SQL: SHOW FULL COLUMNS FROM `shipment`
2023/10/24 03:09:17 [trace] [system.db.CDbCommand] Querying SQL: SHOW CREATE TABLE `shipment`
2023/10/24 03:09:17 [trace] [system.db.ar.CActiveRecord] ImParcel.findAll()
2023/10/24 03:09:17 [trace] [system.db.CDbCommand] Querying SQL: SELECT * FROM `shipment` `t` WHERE (`t`.`type`=10) AND (ref="3971012230166")
2023/10/24 03:09:17 [trace] [system.db.ar.CActiveRecord] lazy loading ImParcel.trans
2023/10/24 03:09:17 [trace] [system.db.CDbCommand] Querying SQL: SHOW FULL COLUMNS FROM `tranship`
2023/10/24 03:09:17 [trace] [system.db.CDbCommand] Querying SQL: SHOW CREATE TABLE `tranship`
2023/10/24 03:09:17 [trace] [system.db.CDbCommand] Querying SQL: SELECT `trans`.`id` AS `t1_c0`, `trans`.`pid` AS `t1_c1`, `trans`.`org_id` AS `t1_c2`, `trans`.`man_id` AS `t1_c3`, `trans`.`connote` AS `t1_c4`, `trans`.`time` AS `t1_c5`, `trans`.`type` AS `t1_c6`, `trans`.`status` AS `t1_c7`, `trans`.`meta` AS `t1_c8`, `trans`.`cost` AS `t1_c9` FROM `tranship` `trans`  WHERE (`trans`.`pid`=:ypl0)
2023/10/24 03:09:17 [trace] [system.db.ar.CActiveRecord] OrgRate.findByPk()
2023/10/24 03:09:17 [trace] [system.db.CDbCommand] Querying SQL: SHOW FULL COLUMNS FROM `org_rate`
2023/10/24 03:09:17 [trace] [system.db.CDbCommand] Querying SQL: SHOW CREATE TABLE `org_rate`
2023/10/24 03:09:17 [trace] [system.db.CDbCommand] Querying SQL: SELECT * FROM `org_rate` `t` WHERE `t`.`id`='11363' LIMIT 1
2023/10/24 03:09:17 [trace] [system.db.ar.CActiveRecord] Addr.findByPk()
2023/10/24 03:09:17 [trace] [system.db.CDbCommand] Querying SQL: SHOW FULL COLUMNS FROM `addr`
2023/10/24 03:09:17 [trace] [system.db.CDbCommand] Querying SQL: SHOW CREATE TABLE `addr`
2023/10/24 03:09:17 [trace] [system.db.CDbCommand] Querying SQL: SELECT * FROM `addr` `t` WHERE `t`.`id`='142274892' LIMIT 1
2023/10/24 03:09:17 [trace] [system.db.ar.CActiveRecord] lazy loading ImParcel.cnee
2023/10/24 03:09:17 [trace] [system.db.CDbCommand] Querying SQL: SELECT `cnee`.`id` AS `t1_c0`, `cnee`.`owner_id` AS `t1_c1`, `cnee`.`cnid_id` AS `t1_c2`, `cnee`.`name` AS `t1_c3`, `cnee`.`company` AS `t1_c4`, `cnee`.`address` AS `t1_c5`, `cnee`.`suburb` AS `t1_c6`, `cnee`.`city` AS `t1_c7`, `cnee`.`state` AS `t1_c8`, `cnee`.`postcode` AS `t1_c9`, `cnee`.`country` AS `t1_c10`, `cnee`.`tel` AS `t1_c11`, `cnee`.`email` AS `t1_c12`, `cnee`.`acc` AS `t1_c13`, `cnee`.`cnid_no` AS `t1_c14` FROM `addr` `cnee`  WHERE (`cnee`.`id`=:ypl0)
2023/10/24 03:09:22 [trace] [system.db.ar.CActiveRecord] Tranship.update()
2023/10/24 03:09:22 [trace] [system.db.ar.CActiveRecord] Tranship.updateByPk()
2023/10/24 03:09:22 [trace] [system.db.CDbCommand] Executing SQL: UPDATE `tranship` SET `id`=:yp0, `pid`=:yp1, `org_id`=:yp2, `man_id`=:yp3, `connote`=:yp4, `time`=:yp5, `type`=:yp6, `status`=:yp7, `meta`=:yp8, `cost`=:yp9 WHERE `tranship`.`id`='27249957'
2023/10/24 03:09:22 [trace] [system.db.CDbCommand] Querying SQL: SHOW FULL COLUMNS FROM `manifest`
2023/10/24 03:09:22 [trace] [system.db.CDbCommand] Querying SQL: SHOW CREATE TABLE `manifest`
2023/10/24 03:09:22 [trace] [system.db.ar.CActiveRecord] Manifest.insert()
2023/10/24 03:09:22 [trace] [system.db.CDbCommand] Executing SQL: INSERT INTO `manifest` (`type`, `fwd_id`, `ref`, `created`, `status`) VALUES (:yp0, :yp1, :yp2, :yp3, :yp4)
2023/10/24 03:09:22 [trace] [system.db.CDbCommand] Querying SQL: SHOW FULL COLUMNS FROM `log`
2023/10/24 03:09:22 [trace] [system.db.CDbCommand] Querying SQL: SHOW CREATE TABLE `log`
2023/10/24 03:09:22 [trace] [system.db.ar.CActiveRecord] Log.insert()
2023/10/24 03:09:22 [trace] [system.db.CDbCommand] Executing SQL: INSERT INTO `log` (`type`, `model`, `lid`, `user_id`, `time`, `meta`) VALUES (:yp0, :yp1, :yp2, :yp3, :yp4, :yp5)
2023/10/24 03:09:37 [trace] [system.db.CDbConnection] Opening DB connection
2023/10/24 03:09:37 [trace] [system.db.ar.CActiveRecord] Shipment.findByPk()
2023/10/24 03:09:37 [trace] [system.db.CDbCommand] Querying SQL: SHOW FULL COLUMNS FROM `shipment`
2023/10/24 03:09:37 [trace] [system.db.CDbCommand] Querying SQL: SHOW CREATE TABLE `shipment`
2023/10/24 03:09:37 [trace] [system.db.CDbCommand] Querying SQL: SELECT * FROM `shipment` `t` WHERE `t`.`id`='56382310' LIMIT 1
2023/10/24 03:09:37 [trace] [system.db.ar.CActiveRecord] Addr.findByPk()
2023/10/24 03:09:37 [trace] [system.db.CDbCommand] Querying SQL: SHOW FULL COLUMNS FROM `addr`
2023/10/24 03:09:37 [trace] [system.db.CDbCommand] Querying SQL: SHOW CREATE TABLE `addr`
2023/10/24 03:09:37 [trace] [system.db.CDbCommand] Querying SQL: SELECT * FROM `addr` `t` WHERE `t`.`id`='142274892' LIMIT 1
2023/10/24 03:09:37 [trace] [system.db.ar.CActiveRecord] lazy loading ImParcel.cnee
2023/10/24 03:09:37 [trace] [system.db.CDbCommand] Querying SQL: SELECT `cnee`.`id` AS `t1_c0`, `cnee`.`owner_id` AS `t1_c1`, `cnee`.`cnid_id` AS `t1_c2`, `cnee`.`name` AS `t1_c3`, `cnee`.`company` AS `t1_c4`, `cnee`.`address` AS `t1_c5`, `cnee`.`suburb` AS `t1_c6`, `cnee`.`city` AS `t1_c7`, `cnee`.`state` AS `t1_c8`, `cnee`.`postcode` AS `t1_c9`, `cnee`.`country` AS `t1_c10`, `cnee`.`tel` AS `t1_c11`, `cnee`.`email` AS `t1_c12`, `cnee`.`acc` AS `t1_c13`, `cnee`.`cnid_no` AS `t1_c14` FROM `addr` `cnee`  WHERE (`cnee`.`id`=:ypl0)
2023/10/24 03:09:41 [trace] [system.db.CDbConnection] Opening DB connection
2023/10/24 03:09:41 [trace] [system.db.ar.CActiveRecord] Shipment.findByPk()
2023/10/24 03:09:41 [trace] [system.db.CDbCommand] Querying SQL: SHOW FULL COLUMNS FROM `shipment`
2023/10/24 03:09:41 [trace] [system.db.CDbCommand] Querying SQL: SHOW CREATE TABLE `shipment`
2023/10/24 03:09:41 [trace] [system.db.CDbCommand] Querying SQL: SELECT * FROM `shipment` `t` WHERE `t`.`id`='56382310' LIMIT 1
2023/10/24 03:09:41 [trace] [system.db.ar.CActiveRecord] Addr.findByPk()
2023/10/24 03:09:41 [trace] [system.db.CDbCommand] Querying SQL: SHOW FULL COLUMNS FROM `addr`
2023/10/24 03:09:41 [trace] [system.db.CDbCommand] Querying SQL: SHOW CREATE TABLE `addr`
2023/10/24 03:09:41 [trace] [system.db.CDbCommand] Querying SQL: SELECT * FROM `addr` `t` WHERE `t`.`id`='142274892' LIMIT 1
2023/10/24 03:09:41 [trace] [system.db.ar.CActiveRecord] lazy loading ImParcel.cnee
2023/10/24 03:09:41 [trace] [system.db.CDbCommand] Querying SQL: SELECT `cnee`.`id` AS `t1_c0`, `cnee`.`owner_id` AS `t1_c1`, `cnee`.`cnid_id` AS `t1_c2`, `cnee`.`name` AS `t1_c3`, `cnee`.`company` AS `t1_c4`, `cnee`.`address` AS `t1_c5`, `cnee`.`suburb` AS `t1_c6`, `cnee`.`city` AS `t1_c7`, `cnee`.`state` AS `t1_c8`, `cnee`.`postcode` AS `t1_c9`, `cnee`.`country` AS `t1_c10`, `cnee`.`tel` AS `t1_c11`, `cnee`.`email` AS `t1_c12`, `cnee`.`acc` AS `t1_c13`, `cnee`.`cnid_no` AS `t1_c14` FROM `addr` `cnee`  WHERE (`cnee`.`id`=:ypl0)
2023/10/24 03:10:36 [trace] [system.db.CDbConnection] Opening DB connection
2023/10/24 03:10:36 [trace] [system.db.ar.CActiveRecord] Shipment.findByPk()
2023/10/24 03:10:36 [trace] [system.db.CDbCommand] Querying SQL: SHOW FULL COLUMNS FROM `shipment`
2023/10/24 03:10:36 [trace] [system.db.CDbCommand] Querying SQL: SHOW CREATE TABLE `shipment`
2023/10/24 03:10:36 [trace] [system.db.CDbCommand] Querying SQL: SELECT * FROM `shipment` `t` WHERE `t`.`id`='56382310' LIMIT 1
2023/10/24 03:10:36 [trace] [system.db.ar.CActiveRecord] Addr.findByPk()
2023/10/24 03:10:36 [trace] [system.db.CDbCommand] Querying SQL: SHOW FULL COLUMNS FROM `addr`
2023/10/24 03:10:36 [trace] [system.db.CDbCommand] Querying SQL: SHOW CREATE TABLE `addr`
2023/10/24 03:10:36 [trace] [system.db.CDbCommand] Querying SQL: SELECT * FROM `addr` `t` WHERE `t`.`id`='142274892' LIMIT 1
2023/10/24 03:10:36 [trace] [system.db.ar.CActiveRecord] lazy loading ImParcel.cnee
2023/10/24 03:10:36 [trace] [system.db.CDbCommand] Querying SQL: SELECT `cnee`.`id` AS `t1_c0`, `cnee`.`owner_id` AS `t1_c1`, `cnee`.`cnid_id` AS `t1_c2`, `cnee`.`name` AS `t1_c3`, `cnee`.`company` AS `t1_c4`, `cnee`.`address` AS `t1_c5`, `cnee`.`suburb` AS `t1_c6`, `cnee`.`city` AS `t1_c7`, `cnee`.`state` AS `t1_c8`, `cnee`.`postcode` AS `t1_c9`, `cnee`.`country` AS `t1_c10`, `cnee`.`tel` AS `t1_c11`, `cnee`.`email` AS `t1_c12`, `cnee`.`acc` AS `t1_c13`, `cnee`.`cnid_no` AS `t1_c14` FROM `addr` `cnee`  WHERE (`cnee`.`id`=:ypl0)
2023/10/24 03:10:42 [trace] [system.db.CDbConnection] Opening DB connection
2023/10/24 03:10:42 [trace] [system.db.ar.CActiveRecord] Shipment.findByPk()
2023/10/24 03:10:42 [trace] [system.db.CDbCommand] Querying SQL: SHOW FULL COLUMNS FROM `shipment`
2023/10/24 03:10:42 [trace] [system.db.CDbCommand] Querying SQL: SHOW CREATE TABLE `shipment`
2023/10/24 03:10:42 [trace] [system.db.CDbCommand] Querying SQL: SELECT * FROM `shipment` `t` WHERE `t`.`id`='56382310' LIMIT 1
2023/10/24 03:10:42 [trace] [system.db.ar.CActiveRecord] Addr.findByPk()
2023/10/24 03:10:42 [trace] [system.db.CDbCommand] Querying SQL: SHOW FULL COLUMNS FROM `addr`
2023/10/24 03:10:42 [trace] [system.db.CDbCommand] Querying SQL: SHOW CREATE TABLE `addr`
2023/10/24 03:10:42 [trace] [system.db.CDbCommand] Querying SQL: SELECT * FROM `addr` `t` WHERE `t`.`id`='142274892' LIMIT 1
2023/10/24 03:10:42 [trace] [system.db.ar.CActiveRecord] lazy loading ImParcel.cnee
2023/10/24 03:10:42 [trace] [system.db.CDbCommand] Querying SQL: SELECT `cnee`.`id` AS `t1_c0`, `cnee`.`owner_id` AS `t1_c1`, `cnee`.`cnid_id` AS `t1_c2`, `cnee`.`name` AS `t1_c3`, `cnee`.`company` AS `t1_c4`, `cnee`.`address` AS `t1_c5`, `cnee`.`suburb` AS `t1_c6`, `cnee`.`city` AS `t1_c7`, `cnee`.`state` AS `t1_c8`, `cnee`.`postcode` AS `t1_c9`, `cnee`.`country` AS `t1_c10`, `cnee`.`tel` AS `t1_c11`, `cnee`.`email` AS `t1_c12`, `cnee`.`acc` AS `t1_c13`, `cnee`.`cnid_no` AS `t1_c14` FROM `addr` `cnee`  WHERE (`cnee`.`id`=:ypl0)
2023/10/24 03:12:52 [trace] [system.db.CDbConnection] Opening DB connection
2023/10/24 03:12:52 [trace] [system.db.ar.CActiveRecord] Shipment.findByPk()
2023/10/24 03:12:52 [trace] [system.db.CDbCommand] Querying SQL: SHOW FULL COLUMNS FROM `shipment`
2023/10/24 03:12:52 [trace] [system.db.CDbCommand] Querying SQL: SHOW CREATE TABLE `shipment`
2023/10/24 03:12:52 [trace] [system.db.CDbCommand] Querying SQL: SELECT * FROM `shipment` `t` WHERE `t`.`id`='56382310' LIMIT 1
2023/10/24 03:12:52 [trace] [system.db.ar.CActiveRecord] Addr.findByPk()
2023/10/24 03:12:52 [trace] [system.db.CDbCommand] Querying SQL: SHOW FULL COLUMNS FROM `addr`
2023/10/24 03:12:52 [trace] [system.db.CDbCommand] Querying SQL: SHOW CREATE TABLE `addr`
2023/10/24 03:12:52 [trace] [system.db.CDbCommand] Querying SQL: SELECT * FROM `addr` `t` WHERE `t`.`id`='142274892' LIMIT 1
2023/10/24 03:12:52 [trace] [system.db.ar.CActiveRecord] lazy loading ImParcel.cnee
2023/10/24 03:12:52 [trace] [system.db.CDbCommand] Querying SQL: SELECT `cnee`.`id` AS `t1_c0`, `cnee`.`owner_id` AS `t1_c1`, `cnee`.`cnid_id` AS `t1_c2`, `cnee`.`name` AS `t1_c3`, `cnee`.`company` AS `t1_c4`, `cnee`.`address` AS `t1_c5`, `cnee`.`suburb` AS `t1_c6`, `cnee`.`city` AS `t1_c7`, `cnee`.`state` AS `t1_c8`, `cnee`.`postcode` AS `t1_c9`, `cnee`.`country` AS `t1_c10`, `cnee`.`tel` AS `t1_c11`, `cnee`.`email` AS `t1_c12`, `cnee`.`acc` AS `t1_c13`, `cnee`.`cnid_no` AS `t1_c14` FROM `addr` `cnee`  WHERE (`cnee`.`id`=:ypl0)
